doc_id,date,region,chain_id,chain_name,customer_id,sku_id,product_group,qty,revenue_byn
S20260122-CH003-02308,2026-01-22,Гродно,CH003,Корона,CUST_CH003,SKU_012,Полуфабрикаты,61,452.54
S20250310-CH001-01388,2025-03-10,Минск,CH001,Евроопт,CUST_CH001,SKU_006,Сосиски,44,609.86
S20250318-CH003-01555,2025-03-18,Гродно,CH003,Корона,CUST_CH003,SKU_009,Деликатесы,31,753.25
S20250224-CH001-01103,2025-02-24,Минск,CH001,Евроопт,CUST_CH001,SKU_007,Деликатесы,14,313.09
S20260212-CH004-02726,2026-02-12,Гомель,CH004,Гиппо,CUST_CH004,SKU_006,Сосиски,53,744.88
S20250321-CH002-01626,2025-03-21,Брест,CH002,Санта,CUST_CH002,SKU_010,Полуфабрикаты,57,460.76
S20250214-CH001-00896,2025-02-14,Минск,CH001,Евроопт,CUST_CH001,SKU_001,Колбасы,28,337.35
S20260105-CH003-01939,2026-01-05,Гродно,CH003,Корона,CUST_CH003,SKU_011,Полуфабрикаты,76,689.82
S20260329-CH002-03653,2026-03-29,Брест,CH002,Санта,CUST_CH002,SKU_005,Сосиски,68,698.67
S20260212-CH002-02714,2026-02-12,Брест,CH002,Санта,CUST_CH002,SKU_001,Колбасы,76,911.36
S20250103-CH004-00063,2025-01-03,Гомель,CH004,Гиппо,CUST_CH004,SKU_002,Колбасы,63,1017.45
S20260106-CH003-01958,2026-01-06,Гродно,CH003,Корона,CUST_CH003,SKU_010,Полуфабрикаты,38,303.02
S20260206-CH001-02596,2026-02-06,Минск,CH001,Евроопт,CUST_CH001,SKU_011,Полуфабрикаты,51,458.34
S20250106-CH002-00110,2025-01-06,Брест,CH002,Санта,CUST_CH002,SKU_004,Сосиски,48,625.79
S20250203-CH001-00663,2025-02-03,Минск,CH001,Евроопт,CUST_CH001,SKU_010,Полуфабрикаты,55,409.58
S20250116-CH004-00326,2025-01-16,Гомель,CH004,Гиппо,CUST_CH004,SKU_008,Деликатесы,53,1322.15
S20260224-CH002-02977,2026-02-24,Брест,CH002,Санта,CUST_CH002,SKU_005,Сосиски,49,579.47
S20260106-CH004-01963,2026-01-06,Гомель,CH004,Гиппо,CUST_CH004,SKU_004,Сосиски,57,732.28
S20260109-CH003-02034,2026-01-09,Гродно,CH003,Корона,CUST_CH003,SKU_010,Полуфабрикаты,63,509.24
S20250311-CH002-01415,2025-03-11,Брест,CH002,Санта,CUST_CH002,SKU_012,Полуфабрикаты,62,459.04
S20250317-CH004-01542,2025-03-17,Гомель,CH004,Гиппо,CUST_CH004,SKU_006,Сосиски,24,322.86
S20260320-CH001-03460,2026-03-20,Минск,CH001,Евроопт,CUST_CH001,SKU_007,Деликатесы,58,1274.59
S20250113-CH004-00268,2025-01-13,Гомель,CH004,Гиппо,CUST_CH004,SKU_006,Сосиски,45,631.05
S20250312-CH004-01451,2025-03-12,Гомель,CH004,Гиппо,CUST_CH004,SKU_010,Полуфабрикаты,49,386.18
S20260216-CH003-02808,2026-02-16,Гродно,CH003,Корона,CUST_CH003,SKU_006,Сосиски,52,662.94
S20260227-CH003-03054,2026-02-27,Гродно,CH003,Корона,CUST_CH003,SKU_012,Полуфабрикаты,97,705.58
S20260219-CH002-02877,2026-02-19,Брест,CH002,Санта,CUST_CH002,SKU_004,Сосиски,82,1015.41
S20250103-CH002-00052,2025-01-03,Брест,CH002,Санта,CUST_CH002,SKU_008,Деликатесы,23,536.5
S20260226-CH004-03034,2026-02-26,Гомель,CH004,Гиппо,CUST_CH004,SKU_008,Деликатесы,17,423.67
S20250206-CH003-00741,2025-02-06,Гродно,CH003,Корона,CUST_CH003,SKU_003,Колбасы,65,1154.73
S20250207-CH004-00769,2025-02-07,Гомель,CH004,Гиппо,CUST_CH004,SKU_007,Деликатесы,35,755.64
S20260325-CH001-03565,2026-03-25,Минск,CH001,Евроопт,CUST_CH001,SKU_008,Деликатесы,33,828.31
S20250205-CH003-00721,2025-02-05,Гродно,CH003,Корона,CUST_CH003,SKU_012,Полуфабрикаты,64,499.71
S20260206-CH001-02591,2026-02-06,Минск,CH001,Евроопт,CUST_CH001,SKU_002,Колбасы,64,945.0
S20250308-CH002-01366,2025-03-08,Брест,CH002,Санта,CUST_CH002,SKU_004,Сосиски,66,908.6
S20260126-CH003-02374,2026-01-26,Гродно,CH003,Корона,CUST_CH003,SKU_002,Колбасы,62,894.65
S20260315-CH002-03345,2026-03-15,Брест,CH002,Санта,CUST_CH002,SKU_004,Сосиски,33,418.56
S20250122-CH002-00434,2025-01-22,Брест,CH002,Санта,CUST_CH002,SKU_002,Колбасы,59,895.36
S20260117-CH004-02194,2026-01-17,Гомель,CH004,Гиппо,CUST_CH004,SKU_006,Сосиски,50,664.9
S20260213-CH004-02754,2026-02-13,Гомель,CH004,Гиппо,CUST_CH004,SKU_006,Сосиски,44,561.42
S20260317-CH004-03404,2026-03-17,Гомель,CH004,Гиппо,CUST_CH004,SKU_010,Полуфабрикаты,47,385.15
S20260331-CH003-03698,2026-03-31,Гродно,CH003,Корона,CUST_CH003,SKU_003,Колбасы,61,1027.45
S20250118-CH004-00360,2025-01-18,Гомель,CH004,Гиппо,CUST_CH004,SKU_008,Деликатесы,22,526.95
S20260119-CH004-02235,2026-01-19,Гомель,CH004,Гиппо,CUST_CH004,SKU_009,Деликатесы,32,843.28
S20260207-CH001-02610,2026-02-07,Минск,CH001,Евроопт,CUST_CH001,SKU_004,Сосиски,52,647.63
S20260207-CH004-02621,2026-02-07,Гомель,CH004,Гиппо,CUST_CH004,SKU_007,Деликатесы,29,619.19
S20250201-CH003-00639,2025-02-01,Гродно,CH003,Корона,CUST_CH003,SKU_007,Деликатесы,60,1338.17
S20260328-CH003-03637,2026-03-28,Гродно,CH003,Корона,CUST_CH003,SKU_004,Сосиски,75,967.29
S20260129-CH001-02428,2026-01-29,Минск,CH001,Евроопт,CUST_CH001,SKU_011,Полуфабрикаты,79,769.32
S20250302-CH003-01237,2025-03-02,Гродно,CH003,Корона,CUST_CH003,SKU_004,Сосиски,39,482.49
S20260126-CH003-02375,2026-01-26,Гродно,CH003,Корона,CUST_CH003,SKU_004,Сосиски,47,613.09
S20250117-CH001-00329,2025-01-17,Минск,CH001,Евроопт,CUST_CH001,SKU_001,Колбасы,55,659.44
S20250303-CH004-01261,2025-03-03,Гомель,CH004,Гиппо,CUST_CH004,SKU_001,Колбасы,52,689.2
S20260122-CH001-02290,2026-01-22,Минск,CH001,Евроопт,CUST_CH001,SKU_009,Деликатесы,22,588.65
S20250227-CH003-01181,2025-02-27,Гродно,CH003,Корона,CUST_CH003,SKU_001,Колбасы,40,457.28
S20260325-CH004-03580,2026-03-25,Гомель,CH004,Гиппо,CUST_CH004,SKU_006,Сосиски,48,662.52
S20250324-CH003-01692,2025-03-24,Гродно,CH003,Корона,CUST_CH003,SKU_001,Колбасы,52,646.43
S20250109-CH004-00187,2025-01-09,Гомель,CH004,Гиппо,CUST_CH004,SKU_002,Колбасы,75,1162.77
S20260116-CH004-02177,2026-01-16,Гомель,CH004,Гиппо,CUST_CH004,SKU_002,Колбасы,57,804.94
S20250224-CH004-01123,2025-02-24,Гомель,CH004,Гиппо,CUST_CH004,SKU_010,Полуфабрикаты,77,618.25
S20250208-CH001-00775,2025-02-08,Минск,CH001,Евроопт,CUST_CH001,SKU_010,Полуфабрикаты,65,542.33
S20260304-CH003-03138,2026-03-04,Гродно,CH003,Корона,CUST_CH003,SKU_010,Полуфабрикаты,54,433.28
S20250202-CH004-00659,2025-02-02,Гомель,CH004,Гиппо,CUST_CH004,SKU_011,Полуфабрикаты,40,356.15
S20250218-CH003-00980,2025-02-18,Гродно,CH003,Корона,CUST_CH003,SKU_006,Сосиски,69,973.55
S20250119-CH004-00376,2025-01-19,Гомель,CH004,Гиппо,CUST_CH004,SKU_005,Сосиски,42,460.15
S20260112-CH002-02078,2026-01-12,Брест,CH002,Санта,CUST_CH002,SKU_010,Полуфабрикаты,76,603.38
S20250216-CH003-00940,2025-02-16,Гродно,CH003,Корона,CUST_CH003,SKU_008,Деликатесы,5,116.62
S20250104-CH002-00076,2025-01-04,Брест,CH002,Санта,CUST_CH002,SKU_010,Полуфабрикаты,58,469.63
S20250119-CH003-00370,2025-01-19,Гродно,CH003,Корона,CUST_CH003,SKU_009,Деликатесы,51,1373.08
S20260223-CH004-02968,2026-02-23,Гомель,CH004,Гиппо,CUST_CH004,SKU_011,Полуфабрикаты,87,795.11
S20260112-CH001-02069,2026-01-12,Минск,CH001,Евроопт,CUST_CH001,SKU_002,Колбасы,60,910.65
S20260126-CH003-02377,2026-01-26,Гродно,CH003,Корона,CUST_CH003,SKU_006,Сосиски,57,786.64
S20260326-CH001-03587,2026-03-26,Минск,CH001,Евроопт,CUST_CH001,SKU_005,Сосиски,58,681.09
S20260122-CH001-02289,2026-01-22,Минск,CH001,Евроопт,CUST_CH001,SKU_007,Деликатесы,12,280.82
S20250111-CH001-00220,2025-01-11,Минск,CH001,Евроопт,CUST_CH001,SKU_003,Колбасы,31,556.92
S20250126-CH001-00512,2025-01-26,Минск,CH001,Евроопт,CUST_CH001,SKU_006,Сосиски,54,812.68
S20250128-CH004-00570,2025-01-28,Гомель,CH004,Гиппо,CUST_CH004,SKU_010,Полуфабрикаты,63,516.37
S20250309-CH003-01382,2025-03-09,Гродно,CH003,Корона,CUST_CH003,SKU_005,Сосиски,61,685.99
S20260319-CH001-03434,2026-03-19,Минск,CH001,Евроопт,CUST_CH001,SKU_005,Сосиски,78,871.7
S20250126-CH002-00515,2025-01-26,Брест,CH002,Санта,CUST_CH002,SKU_004,Сосиски,63,789.68
S20260120-CH003-02254,2026-01-20,Гродно,CH003,Корона,CUST_CH003,SKU_011,Полуфабрикаты,71,644.94
S20260323-CH001-03514,2026-03-23,Минск,CH001,Евроопт,CUST_CH001,SKU_OLD_005,Сосиски,66,729.05
S20260305-CH004-03161,2026-03-05,Гомель,CH004,Гиппо,CUST_CH004,SKU_012,Полуфабрикаты,80,599.84
S20260327-CH001-03615,2026-03-27,Минск,CH001,Евроопт,CUST_CH001,SKU_006,Сосиски,63,902.44
S20250210-CH001-00802,2025-02-10,Минск,CH001,Евроопт,CUST_CH001,SKU_004,Сосиски,45,568.64
S20260204-CH002-02549,2026-02-04,Брест,CH002,Санта,CUST_CH002,SKU_006,Сосиски,75,1008.78
S20250110-CH001-00197,2025-01-10,Минск,CH001,Евроопт,CUST_CH001,SKU_008,Деликатесы,9,229.85
S20260206-CH004-02605,2026-02-06,Гомель,CH004,Гиппо,CUST_CH004,SKU_005,Сосиски,44,507.1
S20260321-CH004-03493,2026-03-21,Гомель,CH004,Гиппо,CUST_CH004,SKU_009,Деликатесы,11,280.44
S20260327-CH004-03632,2026-03-27,Гомель,CH004,Гиппо,CUST_CH004,SKU_012,Полуфабрикаты,67,526.41
S20250225-CH002-01135,2025-02-25,Брест,CH002,Санта,CUST_CH002,SKU_011,Полуфабрикаты,47,421.79
S20250305-CH003-01307,2025-03-05,Гродно,CH003,Корона,CUST_CH003,SKU_003,Колбасы,47,845.81
S20250125-CH002-00501,2025-01-25,Брест,CH002,Санта,CUST_CH002,SKU_008,Деликатесы,47,1164.5
S20250204-CH001-00685,2025-02-04,Минск,CH001,Евроопт,CUST_CH001,SKU_010,Полуфабрикаты,48,372.11
S20260216-CH004-02813,2026-02-16,Гомель,CH004,Гиппо,CUST_CH004,SKU_004,Сосиски,88,1140.1
S20260305-CH003-03156,2026-03-05,Гродно,CH003,Корона,CUST_CH003,SKU_009,Деликатесы,28,758.89
S20250113-CH003-00263,2025-01-13,Гродно,CH003,Корона,CUST_CH003,SKU_002,Колбасы,44,618.31
S20250308-CH004-01372,2025-03-08,Гомель,CH004,Гиппо,CUST_CH004,SKU_012,Полуфабрикаты,50,382.33
S20250303-CH004-01269,2025-03-03,Гомель,CH004,Гиппо,CUST_CH004,SKU_012,Полуфабрикаты,62,479.95
S20250224-CH003-01117,2025-02-24,Гродно,CH003,Корона,CUST_CH003,SKU_011,Полуфабрикаты,27,250.59
S20250215-CH002-00922,2025-02-15,Брест,CH002,Санта,CUST_CH002,SKU_006,Сосиски,47,660.14
S20260206-CH002-02597,2026-02-06,Брест,CH002,Санта,CUST_CH002,SKU_OLD_001,Колбасы,69,810.86
S20250102-CH002-00031,2025-01-02,Брест,CH002,Санта,CUST_CH002,SKU_009,Деликатесы,21,542.45
S20250225-CH004-01145,2025-02-25,Гомель,CH004,Гиппо,CUST_CH004,SKU_003,Колбасы,46,869.22
S20250324-CH004-01702,2025-03-24,Гомель,CH004,Гиппо,CUST_CH004,SKU_012,Полуфабрикаты,52,388.65
S20250311-CH004-01424,2025-03-11,Гомель,CH004,Гиппо,CUST_CH004,SKU_009,Деликатесы,17,429.05
S20250324-CH001-01683,2025-03-24,Минск,CH001,Евроопт,CUST_CH001,SKU_006,Сосиски,41,613.24
S20250227-CH003-01184,2025-02-27,Гродно,CH003,Корона,CUST_CH003,SKU_005,Сосиски,47,508.2
S20260213-CH001-02731,2026-02-13,Минск,CH001,Евроопт,CUST_CH001,SKU_003,Колбасы,60,1104.93
S20260122-CH003-02301,2026-01-22,Гродно,CH003,Корона,CUST_CH003,SKU_OLD_001,Колбасы,57,706.44
S20260302-CH003-03088,2026-03-02,Гродно,CH003,Корона,CUST_CH003,SKU_001,Колбасы,66,784.7
S20260309-CH003-03228,2026-03-09,Гродно,CH003,Корона,CUST_CH003,SKU_001,Колбасы,36,416.82
S20260122-CH004-02311,2026-01-22,Гомель,CH004,Гиппо,CUST_CH004,SKU_004,Сосиски,53,730.63
S20260203-CH002-02528,2026-02-03,Брест,CH002,Санта,CUST_CH002,SKU_007,Деликатесы,11,232.5
S20260321-CH001-03480,2026-03-21,Минск,CH001,Евроопт,CUST_CH001,SKU_009,Деликатесы,72,1878.37
S20260226-CH001-03018,2026-02-26,Минск,CH001,Евроопт,CUST_CH001,SKU_006,Сосиски,39,547.33
S20250228-CH003-01207,2025-02-28,Гродно,CH003,Корона,CUST_CH003,SKU_012,Полуфабрикаты,39,283.11
S20250122-CH002-00439,2025-01-22,Брест,CH002,Санта,CUST_CH002,SKU_008,Деликатесы,20,483.76
S20260304-CH002-03130,2026-03-04,Брест,CH002,Санта,CUST_CH002,SKU_010,Полуфабрикаты,44,347.92
S20250110-CH001-00195,2025-01-10,Минск,CH001,Евроопт,CUST_CH001,SKU_005,Сосиски,68,766.21
S20260313-CH004-03324,2026-03-13,Гомель,CH004,Гиппо,CUST_CH004,SKU_003,Колбасы,69,1201.29
S20250224-CH003-01115,2025-02-24,Гродно,CH003,Корона,CUST_CH003,SKU_009,Деликатесы,5,134.58
S20250121-CH004-00421,2025-01-21,Гомель,CH004,Гиппо,CUST_CH004,SKU_003,Колбасы,54,994.96
S20250213-CH001-00872,2025-02-13,Минск,CH001,Евроопт,CUST_CH001,SKU_003,Колбасы,55,1030.26
S20260325-CH002-03567,2026-03-25,Брест,CH002,Санта,CUST_CH002,SKU_002,Колбасы,70,1053.65
S20250312-CH003-01444,2025-03-12,Гродно,CH003,Корона,CUST_CH003,SKU_006,Сосиски,43,631.25
S20260308-CH002-03202,2026-03-08,Брест,CH002,Санта,CUST_CH002,SKU_001,Колбасы,54,659.44
S20250204-CH004-00702,2025-02-04,Гомель,CH004,Гиппо,CUST_CH004,SKU_003,Колбасы,71,1310.16
S20260227-CH003-03049,2026-02-27,Гродно,CH003,Корона,CUST_CH003,SKU_004,Сосиски,42,547.67
S20250105-CH003-00096,2025-01-05,Гродно,CH003,Корона,CUST_CH003,SKU_007,Деликатесы,21,475.85
S20260308-CH001-03198,2026-03-08,Минск,CH001,Евроопт,CUST_CH001,SKU_002,Колбасы,47,724.97
S20250326-CH001-01734,2025-03-26,Минск,CH001,Евроопт,CUST_CH001,SKU_011,Полуфабрикаты,45,406.87
S20250105-CH001-00088,2025-01-05,Минск,CH001,Евроопт,CUST_CH001,SKU_012,Полуфабрикаты,58,447.59
S20250310-CH003-01399,2025-03-10,Гродно,CH003,Корона,CUST_CH003,SKU_007,Деликатесы,33,680.62
S20250327-CH004-01778,2025-03-27,Гомель,CH004,Гиппо,CUST_CH004,SKU_009,Деликатесы,4,103.88
S20260310-CH004-03256,2026-03-10,Гомель,CH004,Гиппо,CUST_CH004,SKU_007,Деликатесы,54,1224.69
S20260128-CH004-02420,2026-01-28,Гомель,CH004,Гиппо,CUST_CH004,SKU_005,Сосиски,81,910.19
S20260305-CH002-03148,2026-03-05,Брест,CH002,Санта,CUST_CH002,SKU_003,Колбасы,42,773.96
S20260302-CH004-03096,2026-03-02,Гомель,CH004,Гиппо,CUST_CH004,SKU_008,Деликатесы,48,1108.6
S20250214-CH002-00904,2025-02-14,Брест,CH002,Санта,CUST_CH002,SKU_004,Сосиски,58,767.43
S20250303-CH002-01253,2025-03-03,Брест,CH002,Санта,CUST_CH002,SKU_009,Деликатесы,11,277.74
S20260124-CH003-02346,2026-01-24,Гродно,CH003,Корона,CUST_CH003,SKU_011,Полуфабрикаты,59,535.52
S20260117-CH002-02186,2026-01-17,Брест,CH002,Санта,CUST_CH002,SKU_005,Сосиски,33,372.25
S20260111-CH004-02068,2026-01-11,Гомель,CH004,Гиппо,CUST_CH004,SKU_011,Полуфабрикаты,59,523.78
S20250320-CH004-01611,2025-03-20,Гомель,CH004,Гиппо,CUST_CH004,SKU_003,Колбасы,36,665.18
S20250224-CH002-01109,2025-02-24,Брест,CH002,Санта,CUST_CH002,SKU_012,Полуфабрикаты,48,359.17
S20250228-CH004-01211,2025-02-28,Гомель,CH004,Гиппо,CUST_CH004,SKU_010,Полуфабрикаты,69,574.6
S20250318-CH001-01546,2025-03-18,Минск,CH001,Евроопт,CUST_CH001,SKU_001,Колбасы,26,320.3
S20260225-CH004-03011,2026-02-25,Гомель,CH004,Гиппо,CUST_CH004,SKU_006,Сосиски,64,908.52
S20260216-CH001-02797,2026-02-16,Минск,CH001,Евроопт,CUST_CH001,SKU_008,Деликатесы,19,462.11
S20260227-CH002-03046,2026-02-27,Брест,CH002,Санта,CUST_CH002,SKU_011,Полуфабрикаты,72,650.12
S20260330-CH001-03660,2026-03-30,Минск,CH001,Евроопт,CUST_CH001,SKU_OLD_001,Колбасы,66,741.85
S20250107-CH001-00125,2025-01-07,Минск,CH001,Евроопт,CUST_CH001,SKU_006,Сосиски,79,1121.68
S20250109-CH003-00182,2025-01-09,Гродно,CH003,Корона,CUST_CH003,SKU_003,Колбасы,53,967.41
S20260331-CH002-03693,2026-03-31,Брест,CH002,Санта,CUST_CH002,SKU_007,Деликатесы,26,578.29
S20260112-CH003-02087,2026-01-12,Гродно,CH003,Корона,CUST_CH003,SKU_011,Полуфабрикаты,53,460.87
S20250212-CH003-00859,2025-02-12,Гродно,CH003,Корона,CUST_CH003,SKU_005,Сосиски,59,683.02
S20250121-CH003-00415,2025-01-21,Гродно,CH003,Корона,CUST_CH003,SKU_007,Деликатесы,22,479.23
S20250329-CH003-01813,2025-03-29,Гродно,CH003,Корона,CUST_CH003,SKU_004,Сосиски,74,930.08
S20260131-CH004-02481,2026-01-31,Гомель,CH004,Гиппо,CUST_CH004,SKU_011,Полуфабрикаты,56,485.83
S20250224-CH002-01105,2025-02-24,Брест,CH002,Санта,CUST_CH002,SKU_002,Колбасы,50,749.98
S20250131-CH001-00617,2025-01-31,Минск,CH001,Евроопт,CUST_CH001,SKU_007,Деликатесы,26,623.65
S20250113-CH002-00260,2025-01-13,Брест,CH002,Санта,CUST_CH002,SKU_011,Полуфабрикаты,56,517.25
S20260301-CH004-03076,2026-03-01,Гомель,CH004,Гиппо,CUST_CH004,SKU_OLD_001,Колбасы,90,1046.6
S20260127-CH002-02392,2026-01-27,Брест,CH002,Санта,CUST_CH002,SKU_007,Деликатесы,5,106.23
RET20250319-005,2025-03-19,Гомель,CH004,Гиппо,CUST_CH004,SKU_012,Полуфабрикаты,-18,-137.44
S20260111-CH004-02066,2026-01-11,Гомель,CH004,Гиппо,CUST_CH004,SKU_005,Сосиски,57,655.55
S20250225-CH003-01136,2025-02-25,Гродно,CH003,Корона,CUST_CH003,SKU_002,Колбасы,59,869.91
S20260305-CH004-03159,2026-03-05,Гомель,CH004,Гиппо,CUST_CH004,SKU_005,Сосиски,97,1094.85
S20250207-CH003-00761,2025-02-07,Гродно,CH003,Корона,CUST_CH003,SKU_002,Колбасы,72,1102.0
S20250316-CH004-01524,2025-03-16,Гомель,CH004,Гиппо,CUST_CH004,SKU_006,Сосиски,65,899.29
S20260216-CH004-02812,2026-02-16,Гомель,CH004,Гиппо,CUST_CH004,SKU_003,Колбасы,45,823.51
S20260324-CH003-03554,2026-03-24,Гродно,CH003,Корона,CUST_CH003,SKU_OLD_009,Деликатесы,5,129.32
S20250204-CH003-00695,2025-02-04,Гродно,CH003,Корона,CUST_CH003,SKU_003,Колбасы,55,963.89
S20260224-CH004-02985,2026-02-24,Гомель,CH004,Гиппо,CUST_CH004,SKU_005,Сосиски,66,743.27
S20250305-CH003-01309,2025-03-05,Гродно,CH003,Корона,CUST_CH003,SKU_009,Деликатесы,15,391.12
S20260320-CH002-03463,2026-03-20,Брест,CH002,Санта,CUST_CH002,SKU_003,Колбасы,29,497.86
S20260330-CH002-03673,2026-03-30,Брест,CH002,Санта,CUST_CH002,SKU_OLD_012,Полуфабрикаты,53,383.34
S20250320-CH004-01612,2025-03-20,Гомель,CH004,Гиппо,CUST_CH004,SKU_004,Сосиски,68,905.51
S20260122-CH002-02294,2026-01-22,Брест,CH002,Санта,CUST_CH002,SKU_004,Сосиски,77,1033.19
S20250203-CH002-00668,2025-02-03,Брест,CH002,Санта,CUST_CH002,SKU_010,Полуфабрикаты,57,450.62
S20250313-CH004-01470,2025-03-13,Гомель,CH004,Гиппо,CUST_CH004,SKU_011,Полуфабрикаты,29,257.41
S20260218-CH003-02858,2026-02-18,Гродно,CH003,Корона,CUST_CH003,SKU_012,Полуфабрикаты,67,495.01
S20260214-CH004-02773,2026-02-14,Гомель,CH004,Гиппо,CUST_CH004,SKU_007,Деликатесы,24,497.12
S20260312-CH003-03300,2026-03-12,Гродно,CH003,Корона,CUST_CH003,SKU_009,Деликатесы,5,137.92
S20260121-CH001-02259,2026-01-21,Минск,CH001,Евроопт,CUST_CH001,SKU_001,Колбасы,54,655.8
S20260327-CH001-03618,2026-03-27,Минск,CH001,Евроопт,CUST_CH001,SKU_OLD_009,Деликатесы,21,570.58
S20260122-CH003-02305,2026-01-22,Гродно,CH003,Корона,CUST_CH003,SKU_008,Деликатесы,41,955.11
S20260313-CH004-03325,2026-03-13,Гомель,CH004,Гиппо,CUST_CH004,SKU_007,Деликатесы,48,1063.42
S20260303-CH001-03097,2026-03-03,Минск,CH001,Евроопт,CUST_CH001,SKU_005,Сосиски,50,594.27
S20250128-CH003-00562,2025-01-28,Гродно,CH003,Корона,CUST_CH003,SKU_004,Сосиски,63,786.24
S20260318-CH003-03422,2026-03-18,Гродно,CH003,Корона,CUST_CH003,SKU_006,Сосиски,90,1222.48
S20250328-CH003-01796,2025-03-28,Гродно,CH003,Корона,CUST_CH003,SKU_007,Деликатесы,38,853.68
S20260201-CH002-02487,2026-02-01,Брест,CH002,Санта,CUST_CH002,SKU_011,Полуфабрикаты,44,367.09
S20250128-CH004-00565,2025-01-28,Гомель,CH004,Гиппо,CUST_CH004,SKU_OLD_001,Колбасы,54,655.46
S20260313-CH002-03315,2026-03-13,Брест,CH002,Санта,CUST_CH002,SKU_005,Сосиски,51,595.53
S20260226-CH004-03030,2026-02-26,Гомель,CH004,Гиппо,CUST_CH004,SKU_001,Колбасы,101,1237.37
S20250224-CH003-01114,2025-02-24,Гродно,CH003,Корона,CUST_CH003,SKU_005,Сосиски,74,833.12
S20260112-CH003-02086,2026-01-12,Гродно,CH003,Корона,CUST_CH003,SKU_010,Полуфабрикаты,36,286.38
S20250321-CH003-01636,2025-03-21,Гродно,CH003,Корона,CUST_CH003,SKU_010,Полуфабрикаты,46,356.76
S20250117-CH003-00341,2025-01-17,Гродно,CH003,Корона,CUST_CH003,SKU_003,Колбасы,65,1123.77
S20260324-CH002-03546,2026-03-24,Брест,CH002,Санта,CUST_CH002,SKU_008,Деликатесы,23,584.4
S20260302-CH004-03093,2026-03-02,Гомель,CH004,Гиппо,CUST_CH004,SKU_002,Колбасы,60,876.41
S20260324-CH004-03557,2026-03-24,Гомель,CH004,Гиппо,CUST_CH004,SKU_006,Сосиски,81,1096.34
S20260213-CH004-02757,2026-02-13,Гомель,CH004,Гиппо,CUST_CH004,SKU_011,Полуфабрикаты,70,635.71
S20260314-CH002-03332,2026-03-14,Брест,CH002,Санта,CUST_CH002,SKU_004,Сосиски,75,882.61
S20260121-CH001-02262,2026-01-21,Минск,CH001,Евроопт,CUST_CH001,SKU_004,Сосиски,68,948.2
S20250118-CH004-00359,2025-01-18,Гомель,CH004,Гиппо,CUST_CH004,SKU_006,Сосиски,56,788.12
S20260327-CH002-03620,2026-03-27,Брест,CH002,Санта,CUST_CH002,SKU_005,Сосиски,45,499.44
S20250330-CH002-01821,2025-03-30,Брест,CH002,Санта,CUST_CH002,SKU_002,Колбасы,44,655.78
S20250317-CH004-01544,2025-03-17,Гомель,CH004,Гиппо,CUST_CH004,SKU_009,Деликатесы,24,650.62
S20260226-CH004-03035,2026-02-26,Гомель,CH004,Гиппо,CUST_CH004,SKU_010,Полуфабрикаты,75,589.56
S20260213-CH003-02746,2026-02-13,Гродно,CH003,Корона,CUST_CH003,SKU_OLD_001,Колбасы,54,671.17
S20250320-CH003-01609,2025-03-20,Гродно,CH003,Корона,CUST_CH003,SKU_011,Полуфабрикаты,28,247.37
S20250217-CH003-00963,2025-02-17,Гродно,CH003,Корона,CUST_CH003,SKU_OLD_005,Сосиски,84,934.92
S20250326-CH001-01727,2025-03-26,Минск,CH001,Евроопт,CUST_CH001,SKU_001,Колбасы,48,564.7
S20250126-CH002-00518,2025-01-26,Брест,CH002,Санта,CUST_CH002,SKU_009,Деликатесы,21,576.08
S20250130-CH003-00604,2025-01-30,Гродно,CH003,Корона,CUST_CH003,SKU_010,Полуфабрикаты,45,351.65
S20260219-CH003-02883,2026-02-19,Гродно,CH003,Корона,CUST_CH003,SKU_010,Полуфабрикаты,62,490.46
S20250227-CH001-01171,2025-02-27,Минск,CH001,Евроопт,CUST_CH001,SKU_007,Деликатесы,37,825.99
S20250318-CH001-01550,2025-03-18,Минск,CH001,Евроопт,CUST_CH001,SKU_012,Полуфабрикаты,48,367.31
S20260219-CH003-02881,2026-02-19,Гродно,CH003,Корона,CUST_CH003,SKU_002,Колбасы,61,931.55
S20250226-CH001-01154,2025-02-26,Минск,CH001,Евроопт,CUST_CH001,SKU_010,Полуфабрикаты,63,500.77
S20260219-CH003-02882,2026-02-19,Гродно,CH003,Корона,CUST_CH003,SKU_007,Деликатесы,15,313.77
S20260312-CH004-03301,2026-03-12,Гомель,CH004,Гиппо,CUST_CH004,SKU_001,Колбасы,40,480.98
S20250331-CH003-01845,2025-03-31,Гродно,CH003,Корона,CUST_CH003,SKU_010,Полуфабрикаты,66,525.2
S20260313-CH003-03320,2026-03-13,Гродно,CH003,Корона,CUST_CH003,SKU_001,Колбасы,54,647.06
S20250305-CH004-01313,2025-03-05,Гомель,CH004,Гиппо,CUST_CH004,SKU_003,Колбасы,55,960.16
S20250306-CH003-01335,2025-03-06,Гродно,CH003,Корона,CUST_CH003,SKU_010,Полуфабрикаты,57,465.99
S20250206-CH002-00738,2025-02-06,Брест,CH002,Санта,CUST_CH002,SKU_011,Полуфабрикаты,44,404.99
S20260211-CH004-02705,2026-02-11,Гомель,CH004,Гиппо,CUST_CH004,SKU_011,Полуфабрикаты,58,542.44
S20250105-CH004-00099,2025-01-05,Гомель,CH004,Гиппо,CUST_CH004,SKU_005,Сосиски,42,485.6
S20250223-CH002-01091,2025-02-23,Брест,CH002,Санта,CUST_CH002,SKU_006,Сосиски,52,718.89
S20260220-CH003-02906,2026-02-20,Гродно,CH003,Корона,CUST_CH003,SKU_010,Полуфабрикаты,78,655.49
S20250227-CH001-01172,2025-02-27,Минск,CH001,Евроопт,CUST_CH001,SKU_008,Деликатесы,34,800.98
S20250209-CH001-00786,2025-02-09,Минск,CH001,Евроопт,CUST_CH001,SKU_003,Колбасы,66,1135.85
S20250218-CH003-00978,2025-02-18,Гродно,CH003,Корона,CUST_CH003,SKU_001,Колбасы,46,578.55
S20260122-CH003-02303,2026-01-22,Гродно,CH003,Корона,CUST_CH003,SKU_004,Сосиски,43,554.04
S20250324-CH003-01696,2025-03-24,Гродно,CH003,Корона,CUST_CH003,SKU_011,Полуфабрикаты,29,253.67
S20250321-CH004-01643,2025-03-21,Гомель,CH004,Гиппо,CUST_CH004,SKU_011,Полуфабрикаты,30,284.21
S20260130-CH004-02464,2026-01-30,Гомель,CH004,Гиппо,CUST_CH004,SKU_002,Колбасы,53,801.64
S20250219-CH001-00994,2025-02-19,Минск,CH001,Евроопт,CUST_CH001,SKU_011,Полуфабрикаты,65,595.57
S20250303-CH001-01245,2025-03-03,Минск,CH001,Евроопт,CUST_CH001,SKU_001,Колбасы,50,559.69
S20260217-CH002-02831,2026-02-17,Брест,CH002,Санта,CUST_CH002,SKU_010,Полуфабрикаты,60,464.5
S20250310-CH001-01390,2025-03-10,Минск,CH001,Евроопт,CUST_CH001,SKU_009,Деликатесы,24,634.47
S20250118-CH004-00361,2025-01-18,Гомель,CH004,Гиппо,CUST_CH004,SKU_010,Полуфабрикаты,59,443.75
S20260318-CH004-03429,2026-03-18,Гомель,CH004,Гиппо,CUST_CH004,SKU_OLD_009,Деликатесы,33,849.21
S20260307-CH002-03189,2026-03-07,Брест,CH002,Санта,CUST_CH002,SKU_003,Колбасы,67,1208.72
S20250226-CH004-01167,2025-02-26,Гомель,CH004,Гиппо,CUST_CH004,SKU_012,Полуфабрикаты,33,244.41
S20250129-CH001-00572,2025-01-29,Минск,CH001,Евроопт,CUST_CH001,SKU_002,Колбасы,52,783.43
S20250120-CH004-00401,2025-01-20,Гомель,CH004,Гиппо,CUST_CH004,SKU_007,Деликатесы,41,885.71
S20260220-CH001-02893,2026-02-20,Минск,CH001,Евроопт,CUST_CH001,SKU_008,Деликатесы,29,710.4
S20250316-CH004-01525,2025-03-16,Гомель,CH004,Гиппо,CUST_CH004,SKU_007,Деликатесы,30,687.66
S20260210-CH001-02660,2026-02-10,Минск,CH001,Евроопт,CUST_CH001,SKU_007,Деликатесы,28,627.65
S20260202-CH002-02501,2026-02-02,Брест,CH002,Санта,CUST_CH002,SKU_003,Колбасы,54,956.57
S20250227-CH001-01168,2025-02-27,Минск,CH001,Евроопт,CUST_CH001,SKU_002,Колбасы,67,1025.23
S20250211-CH002-00837,2025-02-11,Брест,CH002,Санта,CUST_CH002,SKU_003,Колбасы,49,853.53
S20260225-CH003-03006,2026-02-25,Гродно,CH003,Корона,CUST_CH003,SKU_010,Полуфабрикаты,60,487.5
S20260112-CH003-02083,2026-01-12,Гродно,CH003,Корона,CUST_CH003,SKU_007,Деликатесы,23,520.06
S20250126-CH002-00514,2025-01-26,Брест,CH002,Санта,CUST_CH002,SKU_001,Колбасы,55,662.77
S20250127-CH001-00533,2025-01-27,Минск,CH001,Евроопт,CUST_CH001,SKU_012,Полуфабрикаты,49,353.1
S20250228-CH004-01209,2025-02-28,Гомель,CH004,Гиппо,CUST_CH004,SKU_003,Колбасы,62,1129.3
S20260306-CH003-03172,2026-03-06,Гродно,CH003,Корона,CUST_CH003,SKU_010,Полуфабрикаты,58,461.32
S20260218-CH002-02853,2026-02-18,Брест,CH002,Санта,CUST_CH002,SKU_008,Деликатесы,25,556.2
S20250302-CH001-01229,2025-03-02,Минск,CH001,Евроопт,CUST_CH001,SKU_005,Сосиски,42,487.05
S20250119-CH004-00378,2025-01-19,Гомель,CH004,Гиппо,CUST_CH004,SKU_007,Деликатесы,14,336.38
S20260114-CH004-02135,2026-01-14,Гомель,CH004,Гиппо,CUST_CH004,SKU_011,Полуфабрикаты,43,399.59
S20260206-CH002-02600,2026-02-06,Брест,CH002,Санта,CUST_CH002,SKU_012,Полуфабрикаты,48,371.66
S20250102-CH003-00035,2025-01-02,Гродно,CH003,Корона,CUST_CH003,SKU_006,Сосиски,60,821.03
S20260313-CH002-03317,2026-03-13,Брест,CH002,Санта,CUST_CH002,SKU_007,Деликатесы,24,513.91
S20260211-CH003-02702,2026-02-11,Гродно,CH003,Корона,CUST_CH003,SKU_010,Полуфабрикаты,69,553.76
S20260103-CH004-01904,2026-01-03,Гомель,CH004,Гиппо,CUST_CH004,SKU_004,Сосиски,61,738.36
S20260328-CH002-03634,2026-03-28,Брест,CH002,Санта,CUST_CH002,SKU_002,Колбасы,75,1128.09
S20250304-CH002-01277,2025-03-04,Брест,CH002,Санта,CUST_CH002,SKU_004,Сосиски,74,975.12
S20260223-CH002-02952,2026-02-23,Брест,CH002,Санта,CUST_CH002,SKU_003,Колбасы,58,1082.74
S20250217-CH002-00960,2025-02-17,Брест,CH002,Санта,CUST_CH002,SKU_009,Деликатесы,25,639.26
S20250204-CH002-00692,2025-02-04,Брест,CH002,Санта,CUST_CH002,SKU_012,Полуфабрикаты,85,623.98
S20250127-CH001-00528,2025-01-27,Минск,CH001,Евроопт,CUST_CH001,SKU_001,Колбасы,47,550.74
S20260124-CH004-02348,2026-01-24,Гомель,CH004,Гиппо,CUST_CH004,SKU_008,Деликатесы,28,667.34
S20250121-CH003-00417,2025-01-21,Гродно,CH003,Корона,CUST_CH003,SKU_011,Полуфабрикаты,40,350.33
S20250107-CH001-00126,2025-01-07,Минск,CH001,Евроопт,CUST_CH001,SKU_009,Деликатесы,10,268.35
S20250127-CH004-00547,2025-01-27,Гомель,CH004,Гиппо,CUST_CH004,SKU_003,Колбасы,65,1172.13
S20260101-CH001-01853,2026-01-01,Минск,CH001,Евроопт,CUST_CH001,SKU_001,Колбасы,59,715.62
S20260123-CH001-02318,2026-01-23,Минск,CH001,Евроопт,CUST_CH001,SKU_002,Колбасы,50,673.5
S20250319-CH001-01569,2025-03-19,Минск,CH001,Евроопт,CUST_CH001,SKU_010,Полуфабрикаты,62,478.27
S20260307-CH001-03180,2026-03-07,Минск,CH001,Евроопт,CUST_CH001,SKU_001,Колбасы,30,341.11
S20250210-CH001-00803,2025-02-10,Минск,CH001,Евроопт,CUST_CH001,SKU_006,Сосиски,48,649.58
S20260109-CH001-02022,2026-01-09,Минск,CH001,Евроопт,CUST_CH001,SKU_010,Полуфабрикаты,35,282.94
S20260310-CH003-03247,2026-03-10,Гродно,CH003,Корона,CUST_CH003,SKU_OLD_001,Колбасы,76,933.18
S20260330-CH003-03676,2026-03-30,Гродно,CH003,Корона,CUST_CH003,SKU_007,Деликатесы,16,353.56
S20250109-CH004-00188,2025-01-09,Гомель,CH004,Гиппо,CUST_CH004,SKU_003,Колбасы,85,1488.91
S20250124-CH001-00475,2025-01-24,Минск,CH001,Евроопт,CUST_CH001,SKU_004,Сосиски,54,707.98
S20260108-CH003-02007,2026-01-08,Гродно,CH003,Корона,CUST_CH003,SKU_007,Деликатесы,15,332.29
S20260322-CH002-03499,2026-03-22,Брест,CH002,Санта,CUST_CH002,SKU_003,Колбасы,72,1272.08
S20250106-CH004-00122,2025-01-06,Гомель,CH004,Гиппо,CUST_CH004,SKU_010,Полуфабрикаты,62,511.03
S20260109-CH001-02018,2026-01-09,Минск,CH001,Евроопт,CUST_CH001,SKU_002,Колбасы,48,744.11
S20250122-CH004-00450,2025-01-22,Гомель,CH004,Гиппо,CUST_CH004,SKU_011,Полуфабрикаты,71,620.73
S20250112-CH003-00245,2025-01-12,Гродно,CH003,Корона,CUST_CH003,SKU_005,Сосиски,78,924.68
S20250317-CH002-01532,2025-03-17,Брест,CH002,Санта,CUST_CH002,SKU_002,Колбасы,48,706.66
S20260116-CH001-02159,2026-01-16,Минск,CH001,Евроопт,CUST_CH001,SKU_007,Деликатесы,13,297.29
S20260101-CH003-01870,2026-01-01,Гродно,CH003,Корона,CUST_CH003,SKU_012,Полуфабрикаты,54,385.89
S20250127-CH003-00540,2025-01-27,Гродно,CH003,Корона,CUST_CH003,SKU_001,Колбасы,76,939.14
S20250331-CH001-01833,2025-03-31,Минск,CH001,Евроопт,CUST_CH001,SKU_010,Полуфабрикаты,65,497.11
S20260202-CH002-02503,2026-02-02,Брест,CH002,Санта,CUST_CH002,SKU_OLD_005,Сосиски,72,791.07
S20260121-CH002-02271,2026-01-21,Брест,CH002,Санта,CUST_CH002,SKU_012,Полуфабрикаты,44,352.47
S20260323-CH002-03518,2026-03-23,Брест,CH002,Санта,CUST_CH002,SKU_003,Колбасы,86,1614.31
S20250126-CH001-00513,2025-01-26,Минск,CH001,Евроопт,CUST_CH001,SKU_009,Деликатесы,52,1372.65
S20250122-CH003-00445,2025-01-22,Гродно,CH003,Корона,CUST_CH003,SKU_011,Полуфабрикаты,63,589.0
S20260116-CH004-02179,2026-01-16,Гомель,CH004,Гиппо,CUST_CH004,SKU_008,Деликатесы,34,806.74
S20260121-CH001-02264,2026-01-21,Минск,CH001,Евроопт,CUST_CH001,SKU_012,Полуфабрикаты,39,300.32
S20260225-CH001-02990,2026-02-25,Минск,CH001,Евроопт,CUST_CH001,SKU_006,Сосиски,64,911.25
S20250219-CH001-00993,2025-02-19,Минск,CH001,Евроопт,CUST_CH001,SKU_010,Полуфабрикаты,68,553.77
S20250219-CH003-01006,2025-02-19,Гродно,CH003,Корона,CUST_CH003,SKU_005,Сосиски,32,358.18
S20260127-CH003-02398,2026-01-27,Гродно,CH003,Корона,CUST_CH003,SKU_003,Колбасы,58,997.81
S20250304-CH003-01287,2025-03-04,Гродно,CH003,Корона,CUST_CH003,SKU_006,Сосиски,46,642.87
S20250301-CH004-01226,2025-03-01,Гомель,CH004,Гиппо,CUST_CH004,SKU_007,Деликатесы,13,277.67
S20250226-CH001-01152,2025-02-26,Минск,CH001,Евроопт,CUST_CH001,SKU_006,Сосиски,49,692.01
S20250101-CH002-00010,2025-01-01,Брест,CH002,Санта,CUST_CH002,SKU_009,Деликатесы,15,370.72
S20260223-CH002-02954,2026-02-23,Брест,CH002,Санта,CUST_CH002,SKU_008,Деликатесы,28,603.8
S20250302-CH004-01241,2025-03-02,Гомель,CH004,Гиппо,CUST_CH004,SKU_003,Колбасы,42,801.49
S20260125-CH003-02357,2026-01-25,Гродно,CH003,Корона,CUST_CH003,SKU_010,Полуфабрикаты,67,542.7
S20260316-CH004-03375,2026-03-16,Гомель,CH004,Гиппо,CUST_CH004,SKU_005,Сосиски,52,594.24
S20250204-CH003-00700,2025-02-04,Гродно,CH003,Корона,CUST_CH003,SKU_012,Полуфабрикаты,71,520.26
S20250321-CH003-01635,2025-03-21,Гродно,CH003,Корона,CUST_CH003,SKU_008,Деликатесы,28,687.21
S20260307-CH001-03182,2026-03-07,Минск,CH001,Евроопт,CUST_CH001,SKU_004,Сосиски,52,692.16
S20250313-CH004-01471,2025-03-13,Гомель,CH004,Гиппо,CUST_CH004,SKU_012,Полуфабрикаты,62,457.41
S20250110-CH004-00214,2025-01-10,Гомель,CH004,Гиппо,CUST_CH004,SKU_003,Колбасы,41,755.72
S20260122-CH004-02312,2026-01-22,Гомель,CH004,Гиппо,CUST_CH004,SKU_005,Сосиски,47,555.1
S20260110-CH004-02053,2026-01-10,Гомель,CH004,Гиппо,CUST_CH004,SKU_002,Колбасы,60,907.66
S20260315-CH002-03346,2026-03-15,Брест,CH002,Санта,CUST_CH002,SKU_007,Деликатесы,38,815.43
S20260212-CH003-02721,2026-02-12,Гродно,CH003,Корона,CUST_CH003,SKU_006,Сосиски,51,698.18
S20260322-CH003-03507,2026-03-22,Гродно,CH003,Корона,CUST_CH003,SKU_005,Сосиски,75,884.6
S20260205-CH003-02579,2026-02-05,Гродно,CH003,Корона,CUST_CH003,SKU_OLD_009,Деликатесы,32,916.98
S20260112-CH001-02072,2026-01-12,Минск,CH001,Евроопт,CUST_CH001,SKU_009,Деликатесы,36,946.21
S20250127-CH001-00532,2025-01-27,Минск,CH001,Евроопт,CUST_CH001,SKU_011,Полуфабрикаты,71,600.09
S20250110-CH002-00207,2025-01-10,Брест,CH002,Санта,CUST_CH002,SKU_009,Деликатесы,6,162.98
S20260207-CH001-02611,2026-02-07,Минск,CH001,Евроопт,CUST_CH001,SKU_005,Сосиски,88,1012.48
S20250121-CH003-00416,2025-01-21,Гродно,CH003,Корона,CUST_CH003,SKU_008,Деликатесы,9,209.05
S20260119-CH002-02222,2026-01-19,Брест,CH002,Санта,CUST_CH002,SKU_007,Деликатесы,39,878.43
S20260326-CH003-03597,2026-03-26,Гродно,CH003,Корона,CUST_CH003,SKU_002,Колбасы,59,915.7
S20250131-CH001-00616,2025-01-31,Минск,CH001,Евроопт,CUST_CH001,SKU_006,Сосиски,47,626.45
S20260321-CH004-03491,2026-03-21,Гомель,CH004,Гиппо,CUST_CH004,SKU_006,Сосиски,40,585.67
S20250131-CH004-00633,2025-01-31,Гомель,CH004,Гиппо,CUST_CH004,SKU_011,Полуфабрикаты,57,487.62
S20260204-CH002-02547,2026-02-04,Брест,CH002,Санта,CUST_CH002,SKU_004,Сосиски,39,537.24
S20260128-CH004-02419,2026-01-28,Гомель,CH004,Гиппо,CUST_CH004,SKU_004,Сосиски,53,670.7
S20250204-CH004-00701,2025-02-04,Гомель,CH004,Гиппо,CUST_CH004,SKU_002,Колбасы,40,611.27
S20260223-CH002-02951,2026-02-23,Брест,CH002,Санта,CUST_CH002,SKU_002,Колбасы,60,820.55
S20250302-CH003-01236,2025-03-02,Гродно,CH003,Корона,CUST_CH003,SKU_001,Колбасы,64,831.54
S20250320-CH004-01615,2025-03-20,Гомель,CH004,Гиппо,CUST_CH004,SKU_008,Деликатесы,34,814.89
S20250216-CH002-00934,2025-02-16,Брест,CH002,Санта,CUST_CH002,SKU_001,Колбасы,69,860.65
S20250329-CH001-01806,2025-03-29,Минск,CH001,Евроопт,CUST_CH001,SKU_007,Деликатесы,25,552.14
S20250107-CH003-00135,2025-01-07,Гродно,CH003,Корона,CUST_CH003,SKU_001,Колбасы,48,578.64
S20250115-CH004-00306,2025-01-15,Гомель,CH004,Гиппо,CUST_CH004,SKU_004,Сосиски,64,830.38
S20260110-CH004-02054,2026-01-10,Гомель,CH004,Гиппо,CUST_CH004,SKU_007,Деликатесы,25,576.11
S20260211-CH003-02699,2026-02-11,Гродно,CH003,Корона,CUST_CH003,SKU_003,Колбасы,64,1181.56
S20250210-CH001-00801,2025-02-10,Минск,CH001,Евроопт,CUST_CH001,SKU_002,Колбасы,52,817.53
S20260102-CH003-01885,2026-01-02,Гродно,CH003,Корона,CUST_CH003,SKU_002,Колбасы,71,1044.39
S20250302-CH003-01239,2025-03-02,Гродно,CH003,Корона,CUST_CH003,SKU_011,Полуфабрикаты,46,435.06
S20260122-CH003-02306,2026-01-22,Гродно,CH003,Корона,CUST_CH003,SKU_OLD_009,Деликатесы,31,749.02
S20260208-CH003-02627,2026-02-08,Гродно,CH003,Корона,CUST_CH003,SKU_002,Колбасы,53,753.74
S20250119-CH003-00371,2025-01-19,Гродно,CH003,Корона,CUST_CH003,SKU_012,Полуфабрикаты,29,207.76
S20260218-CH002-02854,2026-02-18,Брест,CH002,Санта,CUST_CH002,SKU_010,Полуфабрикаты,76,614.36
S20260123-CH003-02335,2026-01-23,Гродно,CH003,Корона,CUST_CH003,SKU_012,Полуфабрикаты,48,360.45
S20250115-CH002-00297,2025-01-15,Брест,CH002,Санта,CUST_CH002,SKU_007,Деликатесы,34,756.74
S20250121-CH003-00413,2025-01-21,Гродно,CH003,Корона,CUST_CH003,SKU_004,Сосиски,48,655.74
S20250309-CH002-01377,2025-03-09,Брест,CH002,Санта,CUST_CH002,SKU_OLD_001,Колбасы,44,525.21
S20250116-CH003-00319,2025-01-16,Гродно,CH003,Корона,CUST_CH003,SKU_006,Сосиски,66,926.37
S20250206-CH002-00737,2025-02-06,Брест,CH002,Санта,CUST_CH002,SKU_009,Деликатесы,26,676.35
S20260113-CH003-02104,2026-01-13,Гродно,CH003,Корона,CUST_CH003,SKU_006,Сосиски,68,856.88
S20250202-CH002-00652,2025-02-02,Брест,CH002,Санта,CUST_CH002,SKU_012,Полуфабрикаты,52,379.68
S20260329-CH002-03654,2026-03-29,Брест,CH002,Санта,CUST_CH002,SKU_006,Сосиски,77,1132.19
S20260102-CH003-01891,2026-01-02,Гродно,CH003,Корона,CUST_CH003,SKU_012,Полуфабрикаты,58,430.03
S20260306-CH004-03177,2026-03-06,Гомель,CH004,Гиппо,CUST_CH004,SKU_009,Деликатесы,10,266.68
S20260307-CH002-03188,2026-03-07,Брест,CH002,Санта,CUST_CH002,SKU_001,Колбасы,58,722.76
S20250331-CH004-01848,2025-03-31,Гомель,CH004,Гиппо,CUST_CH004,SKU_006,Сосиски,61,844.58
S20260203-CH002-02531,2026-02-03,Брест,CH002,Санта,CUST_CH002,SKU_012,Полуфабрикаты,56,435.39
S20250203-CH003-00669,2025-02-03,Гродно,CH003,Корона,CUST_CH003,SKU_001,Колбасы,46,546.16
S20260321-CH001-03479,2026-03-21,Минск,CH001,Евроопт,CUST_CH001,SKU_OLD_005,Сосиски,62,758.07
S20260321-CH002-03482,2026-03-21,Брест,CH002,Санта,CUST_CH002,SKU_002,Колбасы,68,1007.79
S20260331-CH001-03687,2026-03-31,Минск,CH001,Евроопт,CUST_CH001,SKU_006,Сосиски,54,705.48
S20260327-CH001-03613,2026-03-27,Минск,CH001,Евроопт,CUST_CH001,SKU_003,Колбасы,60,1037.63
S20260220-CH002-02897,2026-02-20,Брест,CH002,Санта,CUST_CH002,SKU_005,Сосиски,66,762.71
S20250218-CH004-00986,2025-02-18,Гомель,CH004,Гиппо,CUST_CH004,SKU_006,Сосиски,63,791.23
S20260319-CH001-03435,2026-03-19,Минск,CH001,Евроопт,CUST_CH001,SKU_007,Деликатесы,22,461.6
S20260224-CH002-02980,2026-02-24,Брест,CH002,Санта,CUST_CH002,SKU_009,Деликатесы,23,640.99
S20250321-CH001-01620,2025-03-21,Минск,CH001,Евроопт,CUST_CH001,SKU_006,Сосиски,52,751.9
S20250328-CH001-01781,2025-03-28,Минск,CH001,Евроопт,CUST_CH001,SKU_002,Колбасы,53,773.94
S20250318-CH004-01559,2025-03-18,Гомель,CH004,Гиппо,CUST_CH004,SKU_004,Сосиски,47,594.84
S20250221-CH001-01041,2025-02-21,Минск,CH001,Евроопт,CUST_CH001,SKU_003,Колбасы,55,1010.83
S20260118-CH002-02202,2026-01-18,Брест,CH002,Санта,CUST_CH002,SKU_004,Сосиски,47,618.45
S20250223-CH001-01087,2025-02-23,Минск,CH001,Евроопт,CUST_CH001,SKU_012,Полуфабрикаты,50,376.99
S20260313-CH003-03322,2026-03-13,Гродно,CH003,Корона,CUST_CH003,SKU_008,Деликатесы,17,398.44
S20250210-CH002-00808,2025-02-10,Брест,CH002,Санта,CUST_CH002,SKU_005,Сосиски,52,664.83
S20250307-CH002-01345,2025-03-07,Брест,CH002,Санта,CUST_CH002,SKU_003,Колбасы,59,1084.77
S20260211-CH002-02691,2026-02-11,Брест,CH002,Санта,CUST_CH002,SKU_002,Колбасы,51,748.41
S20260212-CH001-02709,2026-02-12,Минск,CH001,Евроопт,CUST_CH001,SKU_005,Сосиски,54,578.05
S20250222-CH004-01083,2025-02-22,Гомель,CH004,Гиппо,CUST_CH004,SKU_006,Сосиски,77,1039.7
S20250320-CH001-01594,2025-03-20,Минск,CH001,Евроопт,CUST_CH001,SKU_007,Деликатесы,10,226.88
S20250124-CH001-00480,2025-01-24,Минск,CH001,Евроопт,CUST_CH001,SKU_009,Деликатесы,35,924.26
S20250122-CH004-00446,2025-01-22,Гомель,CH004,Гиппо,CUST_CH004,SKU_004,Сосиски,66,873.23
S20260221-CH003-02923,2026-02-21,Гродно,CH003,Корона,CUST_CH003,SKU_001,Колбасы,72,847.51
S20250201-CH002-00638,2025-02-01,Брест,CH002,Санта,CUST_CH002,SKU_012,Полуфабрикаты,71,535.14
S20250206-CH002-00733,2025-02-06,Брест,CH002,Санта,CUST_CH002,SKU_OLD_001,Колбасы,46,563.37
S20250119-CH001-00362,2025-01-19,Минск,CH001,Евроопт,CUST_CH001,SKU_005,Сосиски,36,424.77
S20260214-CH002-02764,2026-02-14,Брест,CH002,Санта,CUST_CH002,SKU_006,Сосиски,78,1092.5
S20250301-CH002-01217,2025-03-01,Брест,CH002,Санта,CUST_CH002,SKU_006,Сосиски,49,681.81
S20260307-CH004-03195,2026-03-07,Гомель,CH004,Гиппо,CUST_CH004,SKU_OLD_005,Сосиски,73,861.68
S20260215-CH001-02775,2026-02-15,Минск,CH001,Евроопт,CUST_CH001,SKU_009,Деликатесы,23,625.8
S20250302-CH004-01243,2025-03-02,Гомель,CH004,Гиппо,CUST_CH004,SKU_009,Деликатесы,18,482.08
S20260311-CH003-03273,2026-03-11,Гродно,CH003,Корона,CUST_CH003,SKU_009,Деликатесы,32,821.25
S20250329-CH001-01808,2025-03-29,Минск,CH001,Евроопт,CUST_CH001,SKU_009,Деликатесы,34,906.73
S20250228-CH001-01192,2025-02-28,Минск,CH001,Евроопт,CUST_CH001,SKU_004,Сосиски,59,765.69
S20260110-CH001-02044,2026-01-10,Минск,CH001,Евроопт,CUST_CH001,SKU_007,Деликатесы,44,970.7
S20260311-CH004-03278,2026-03-11,Гомель,CH004,Гиппо,CUST_CH004,SKU_OLD_009,Деликатесы,26,642.81
S20260107-CH002-01980,2026-01-07,Брест,CH002,Санта,CUST_CH002,SKU_010,Полуфабрикаты,78,628.07
S20250202-CH003-00653,2025-02-02,Гродно,CH003,Корона,CUST_CH003,SKU_007,Деликатесы,35,745.79
S20260228-CH001-03060,2026-02-28,Минск,CH001,Евроопт,CUST_CH001,SKU_OLD_009,Деликатесы,39,1001.79
S20260123-CH001-02322,2026-01-23,Минск,CH001,Евроопт,CUST_CH001,SKU_011,Полуфабрикаты,57,537.94
S20260228-CH004-03066,2026-02-28,Гомель,CH004,Гиппо,CUST_CH004,SKU_005,Сосиски,66,744.46
S20250327-CH001-01754,2025-03-27,Минск,CH001,Евроопт,CUST_CH001,SKU_003,Колбасы,54,969.92
S20250320-CH002-01602,2025-03-20,Брест,CH002,Санта,CUST_CH002,SKU_010,Полуфабрикаты,53,442.98
S20260221-CH001-02915,2026-02-21,Минск,CH001,Евроопт,CUST_CH001,SKU_007,Деликатесы,33,760.61
S20250327-CH004-01775,2025-03-27,Гомель,CH004,Гиппо,CUST_CH004,SKU_006,Сосиски,35,489.39
S20260203-CH004-02538,2026-02-03,Гомель,CH004,Гиппо,CUST_CH004,SKU_007,Деликатесы,33,728.56
S20250107-CH002-00132,2025-01-07,Брест,CH002,Санта,CUST_CH002,SKU_006,Сосиски,9,121.48
S20260116-CH002-02166,2026-01-16,Брест,CH002,Санта,CUST_CH002,SKU_010,Полуфабрикаты,71,545.06
S20260226-CH001-03016,2026-02-26,Минск,CH001,Евроопт,CUST_CH001,SKU_OLD_001,Колбасы,35,413.75
S20260202-CH004-02517,2026-02-02,Гомель,CH004,Гиппо,CUST_CH004,SKU_004,Сосиски,72,953.64
S20260131-CH002-02475,2026-01-31,Брест,CH002,Санта,CUST_CH002,SKU_012,Полуфабрикаты,54,411.16
S20250304-CH002-01280,2025-03-04,Брест,CH002,Санта,CUST_CH002,SKU_008,Деликатесы,29,718.52
S20250205-CH003-00719,2025-02-05,Гродно,CH003,Корона,CUST_CH003,SKU_004,Сосиски,51,700.3
S20250109-CH002-00179,2025-01-09,Брест,CH002,Санта,CUST_CH002,SKU_009,Деликатесы,27,694.91
S20250303-CH004-01263,2025-03-03,Гомель,CH004,Гиппо,CUST_CH004,SKU_004,Сосиски,61,806.4
S20250225-CH003-01141,2025-02-25,Гродно,CH003,Корона,CUST_CH003,SKU_008,Деликатесы,5,117.15
S20250227-CH002-01180,2025-02-27,Брест,CH002,Санта,CUST_CH002,SKU_012,Полуфабрикаты,30,228.22
S20260222-CH004-02944,2026-02-22,Гомель,CH004,Гиппо,CUST_CH004,SKU_011,Полуфабрикаты,49,428.12
S20250308-CH001-01364,2025-03-08,Минск,CH001,Евроопт,CUST_CH001,SKU_012,Полуфабрикаты,63,494.68
S20260302-CH002-03087,2026-03-02,Брест,CH002,Санта,CUST_CH002,SKU_OLD_012,Полуфабрикаты,54,386.28
S20250217-CH003-00962,2025-02-17,Гродно,CH003,Корона,CUST_CH003,SKU_003,Колбасы,39,707.88
S20250311-CH001-01410,2025-03-11,Минск,CH001,Евроопт,CUST_CH001,SKU_009,Деликатесы,30,727.37
S20250306-CH002-01326,2025-03-06,Брест,CH002,Санта,CUST_CH002,SKU_003,Колбасы,38,720.37
S20260227-CH004-03057,2026-02-27,Гомель,CH004,Гиппо,CUST_CH004,SKU_011,Полуфабрикаты,68,593.3
S20260115-CH002-02142,2026-01-15,Брест,CH002,Санта,CUST_CH002,SKU_010,Полуфабрикаты,79,653.53
S20250206-CH004-00749,2025-02-06,Гомель,CH004,Гиппо,CUST_CH004,SKU_008,Деликатесы,56,1400.84
S20260204-CH002-02548,2026-02-04,Брест,CH002,Санта,CUST_CH002,SKU_005,Сосиски,59,670.29
S20260302-CH001-03082,2026-03-02,Минск,CH001,Евроопт,CUST_CH001,SKU_003,Колбасы,41,698.42
S20250225-CH001-01124,2025-02-25,Минск,CH001,Евроопт,CUST_CH001,SKU_002,Колбасы,42,600.67
S20260326-CH002-03593,2026-03-26,Брест,CH002,Санта,CUST_CH002,SKU_002,Колбасы,61,937.0
S20250104-CH003-00080,2025-01-04,Гродно,CH003,Корона,CUST_CH003,SKU_008,Деликатесы,11,270.07
S20260324-CH002-03544,2026-03-24,Брест,CH002,Санта,CUST_CH002,SKU_004,Сосиски,62,752.79
S20250221-CH003-01055,2025-02-21,Гродно,CH003,Корона,CUST_CH003,SKU_002,Колбасы,50,765.83
S20250122-CH001-00428,2025-01-22,Минск,CH001,Евроопт,CUST_CH001,SKU_003,Колбасы,74,1305.39
S20260105-CH004-01940,2026-01-05,Гомель,CH004,Гиппо,CUST_CH004,SKU_003,Колбасы,36,643.55
S20260213-CH001-02733,2026-02-13,Минск,CH001,Евроопт,CUST_CH001,SKU_007,Деликатесы,5,109.92
S20260209-CH003-02643,2026-02-09,Гродно,CH003,Корона,CUST_CH003,SKU_005,Сосиски,86,1003.39
S20260107-CH004-01991,2026-01-07,Гомель,CH004,Гиппо,CUST_CH004,SKU_009,Деликатесы,52,1429.63
S20260314-CH001-03329,2026-03-14,Минск,CH001,Евроопт,CUST_CH001,SKU_006,Сосиски,41,604.86
S20260204-CH004-02555,2026-02-04,Гомель,CH004,Гиппо,CUST_CH004,SKU_001,Колбасы,43,517.46
S20250203-CH003-00671,2025-02-03,Гродно,CH003,Корона,CUST_CH003,SKU_008,Деликатесы,30,720.08
S20260113-CH001-02092,2026-01-13,Минск,CH001,Евроопт,CUST_CH001,SKU_001,Колбасы,48,564.21
S20260319-CH004-03451,2026-03-19,Гомель,CH004,Гиппо,CUST_CH004,SKU_007,Деликатесы,45,991.91
S20260209-CH001-02634,2026-02-09,Минск,CH001,Евроопт,CUST_CH001,SKU_004,Сосиски,78,994.55
S20260128-CH001-02407,2026-01-28,Минск,CH001,Евроопт,CUST_CH001,SKU_004,Сосиски,71,897.03
S20250211-CH003-00842,2025-02-11,Гродно,CH003,Корона,CUST_CH003,SKU_003,Колбасы,42,764.58
S20260131-CH001-02471,2026-01-31,Минск,CH001,Евроопт,CUST_CH001,SKU_010,Полуфабрикаты,70,555.97
S20260306-CH003-03171,2026-03-06,Гродно,CH003,Корона,CUST_CH003,SKU_007,Деликатесы,16,350.6
S20260328-CH004-03643,2026-03-28,Гомель,CH004,Гиппо,CUST_CH004,SKU_006,Сосиски,80,1078.59
S20250317-CH003-01537,2025-03-17,Гродно,CH003,Корона,CUST_CH003,SKU_007,Деликатесы,27,627.93
S20250203-CH004-00673,2025-02-03,Гомель,CH004,Гиппо,CUST_CH004,SKU_004,Сосиски,68,838.06
S20250203-CH002-00667,2025-02-03,Брест,CH002,Санта,CUST_CH002,SKU_009,Деликатесы,25,683.91
S20260219-CH001-02874,2026-02-19,Минск,CH001,Евроопт,CUST_CH001,SKU_012,Полуфабрикаты,54,407.87
S20250324-CH001-01684,2025-03-24,Минск,CH001,Евроопт,CUST_CH001,SKU_007,Деликатесы,18,398.46
S20250305-CH003-01306,2025-03-05,Гродно,CH003,Корона,CUST_CH003,SKU_001,Колбасы,58,668.29
S20250128-CH003-00563,2025-01-28,Гродно,CH003,Корона,CUST_CH003,SKU_009,Деликатесы,50,1247.84
S20260317-CH001-03382,2026-03-17,Минск,CH001,Евроопт,CUST_CH001,SKU_003,Колбасы,66,1257.32
S20260210-CH002-02666,2026-02-10,Брест,CH002,Санта,CUST_CH002,SKU_002,Колбасы,52,773.04
S20250122-CH003-00441,2025-01-22,Гродно,CH003,Корона,CUST_CH003,SKU_002,Колбасы,90,1324.92
S20260110-CH004-02055,2026-01-10,Гомель,CH004,Гиппо,CUST_CH004,SKU_009,Деликатесы,28,733.91
S20250217-CH001-00950,2025-02-17,Минск,CH001,Евроопт,CUST_CH001,SKU_004,Сосиски,62,797.66
S20260113-CH002-02099,2026-01-13,Брест,CH002,Санта,CUST_CH002,SKU_006,Сосиски,78,1032.16
S20260119-CH001-02218,2026-01-19,Минск,CH001,Евроопт,CUST_CH001,SKU_011,Полуфабрикаты,52,479.4
S20260312-CH004-03302,2026-03-12,Гомель,CH004,Гиппо,CUST_CH004,SKU_004,Сосиски,75,989.39
S20260107-CH004-01988,2026-01-07,Гомель,CH004,Гиппо,CUST_CH004,SKU_001,Колбасы,66,797.31
S20250109-CH002-00181,2025-01-09,Брест,CH002,Санта,CUST_CH002,SKU_012,Полуфабрикаты,62,489.95
S20260119-CH002-02224,2026-01-19,Брест,CH002,Санта,CUST_CH002,SKU_012,Полуфабрикаты,47,353.73
S20260216-CH003-02807,2026-02-16,Гродно,CH003,Корона,CUST_CH003,SKU_001,Колбасы,77,927.01
S20250204-CH002-00688,2025-02-04,Брест,CH002,Санта,CUST_CH002,SKU_OLD_005,Сосиски,75,856.18
S20250215-CH004-00929,2025-02-15,Гомель,CH004,Гиппо,CUST_CH004,SKU_009,Деликатесы,47,1211.31
S20260331-CH002-03697,2026-03-31,Брест,CH002,Санта,CUST_CH002,SKU_012,Полуфабрикаты,40,296.38
S20250213-CH003-00885,2025-02-13,Гродно,CH003,Корона,CUST_CH003,SKU_003,Колбасы,56,1027.46
S20260128-CH001-02409,2026-01-28,Минск,CH001,Евроопт,CUST_CH001,SKU_009,Деликатесы,51,1285.42
S20250218-CH004-00982,2025-02-18,Гомель,CH004,Гиппо,CUST_CH004,SKU_002,Колбасы,62,951.0
S20250130-CH001-00597,2025-01-30,Минск,CH001,Евроопт,CUST_CH001,SKU_011,Полуфабрикаты,46,418.63
S20260311-CH003-03268,2026-03-11,Гродно,CH003,Корона,CUST_CH003,SKU_003,Колбасы,50,925.84
S20250104-CH001-00071,2025-01-04,Минск,CH001,Евроопт,CUST_CH001,SKU_003,Колбасы,58,1091.76
S20250220-CH002-01022,2025-02-20,Брест,CH002,Санта,CUST_CH002,SKU_001,Колбасы,47,567.01
S20250110-CH002-00201,2025-01-10,Брест,CH002,Санта,CUST_CH002,SKU_001,Колбасы,32,375.94
S20250204-CH004-00706,2025-02-04,Гомель,CH004,Гиппо,CUST_CH004,SKU_011,Полуфабрикаты,73,669.79
S20250326-CH004-01746,2025-03-26,Гомель,CH004,Гиппо,CUST_CH004,SKU_005,Сосиски,46,525.05
S20250324-CH004-01697,2025-03-24,Гомель,CH004,Гиппо,CUST_CH004,SKU_001,Колбасы,48,574.47
S20250129-CH004-00591,2025-01-29,Гомель,CH004,Гиппо,CUST_CH004,SKU_010,Полуфабрикаты,57,478.22
S20260204-CH004-02562,2026-02-04,Гомель,CH004,Гиппо,CUST_CH004,SKU_012,Полуфабрикаты,57,426.46
S20250212-CH001-00853,2025-02-12,Минск,CH001,Евроопт,CUST_CH001,SKU_010,Полуфабрикаты,60,475.95
S20260325-CH002-03566,2026-03-25,Брест,CH002,Санта,CUST_CH002,SKU_001,Колбасы,59,703.43
S20260225-CH003-03002,2026-02-25,Гродно,CH003,Корона,CUST_CH003,SKU_005,Сосиски,45,507.57
S20250306-CH001-01321,2025-03-06,Минск,CH001,Евроопт,CUST_CH001,SKU_OLD_005,Сосиски,73,833.09
S20250331-CH003-01846,2025-03-31,Гродно,CH003,Корона,CUST_CH003,SKU_011,Полуфабрикаты,57,528.07
S20250319-CH004-01585,2025-03-19,Гомель,CH004,Гиппо,CUST_CH004,SKU_003,Колбасы,48,851.42
S20250314-CH004-01494,2025-03-14,Гомель,CH004,Гиппо,CUST_CH004,SKU_007,Деликатесы,23,507.65
S20260106-CH003-01959,2026-01-06,Гродно,CH003,Корона,CUST_CH003,SKU_012,Полуфабрикаты,59,450.99
S20260113-CH004-02109,2026-01-13,Гомель,CH004,Гиппо,CUST_CH004,SKU_005,Сосиски,89,1006.24
S20250122-CH004-00449,2025-01-22,Гомель,CH004,Гиппо,CUST_CH004,SKU_010,Полуфабрикаты,52,418.14
S20260210-CH001-02663,2026-02-10,Минск,CH001,Евроопт,CUST_CH001,SKU_010,Полуфабрикаты,63,503.84
S20250206-CH004-00747,2025-02-06,Гомель,CH004,Гиппо,CUST_CH004,SKU_005,Сосиски,47,543.99
S20250122-CH001-00431,2025-01-22,Минск,CH001,Евроопт,CUST_CH001,SKU_010,Полуфабрикаты,57,431.81
S20260319-CH003-03445,2026-03-19,Гродно,CH003,Корона,CUST_CH003,SKU_005,Сосиски,51,584.51
S20260218-CH004-02859,2026-02-18,Гомель,CH004,Гиппо,CUST_CH004,SKU_002,Колбасы,68,1010.66
S20250312-CH002-01437,2025-03-12,Брест,CH002,Санта,CUST_CH002,SKU_006,Сосиски,23,315.41
S20250122-CH004-00451,2025-01-22,Гомель,CH004,Гиппо,CUST_CH004,SKU_012,Полуфабрикаты,60,443.8
S20250325-CH004-01725,2025-03-25,Гомель,CH004,Гиппо,CUST_CH004,SKU_009,Деликатесы,20,512.47
S20260103-CH003-01901,2026-01-03,Гродно,CH003,Корона,CUST_CH003,SKU_010,Полуфабрикаты,39,294.53
S20260306-CH004-03178,2026-03-06,Гомель,CH004,Гиппо,CUST_CH004,SKU_010,Полуфабрикаты,28,222.16
S20260323-CH003-03527,2026-03-23,Гродно,CH003,Корона,CUST_CH003,SKU_007,Деликатесы,47,1045.75
S20250321-CH002-01628,2025-03-21,Брест,CH002,Санта,CUST_CH002,SKU_012,Полуфабрикаты,55,414.64
S20250117-CH004-00347,2025-01-17,Гомель,CH004,Гиппо,CUST_CH004,SKU_012,Полуфабрикаты,39,298.81
S20250125-CH003-00503,2025-01-25,Гродно,CH003,Корона,CUST_CH003,SKU_010,Полуфабрикаты,64,519.05
S20260202-CH001-02495,2026-02-02,Минск,CH001,Евроопт,CUST_CH001,SKU_003,Колбасы,63,1228.94
S20260122-CH004-02315,2026-01-22,Гомель,CH004,Гиппо,CUST_CH004,SKU_011,Полуфабрикаты,78,712.45
S20260202-CH004-02520,2026-02-02,Гомель,CH004,Гиппо,CUST_CH004,SKU_011,Полуфабрикаты,86,784.38
S20250209-CH002-00790,2025-02-09,Брест,CH002,Санта,CUST_CH002,SKU_002,Колбасы,44,641.28
S20250319-CH003-01580,2025-03-19,Гродно,CH003,Корона,CUST_CH003,SKU_006,Сосиски,67,948.28
S20260112-CH001-02073,2026-01-12,Минск,CH001,Евроопт,CUST_CH001,SKU_011,Полуфабрикаты,36,294.17
S20250326-CH004-01748,2025-03-26,Гомель,CH004,Гиппо,CUST_CH004,SKU_007,Деликатесы,32,751.68
S20250113-CH004-00269,2025-01-13,Гомель,CH004,Гиппо,CUST_CH004,SKU_009,Деликатесы,15,384.75
S20250213-CH004-00891,2025-02-13,Гомель,CH004,Гиппо,CUST_CH004,SKU_003,Колбасы,35,628.17
S20250228-CH003-01204,2025-02-28,Гродно,CH003,Корона,CUST_CH003,SKU_009,Деликатесы,9,240.8
S20260106-CH004-01966,2026-01-06,Гомель,CH004,Гиппо,CUST_CH004,SKU_009,Деликатесы,41,1123.01
S20250301-CH003-01223,2025-03-01,Гродно,CH003,Корона,CUST_CH003,SKU_011,Полуфабрикаты,43,390.57
S20260121-CH003-02277,2026-01-21,Гродно,CH003,Корона,CUST_CH003,SKU_010,Полуфабрикаты,75,579.71
S20260213-CH004-02751,2026-02-13,Гомель,CH004,Гиппо,CUST_CH004,SKU_001,Колбасы,71,867.9
S20260110-CH003-02051,2026-01-10,Гродно,CH003,Корона,CUST_CH003,SKU_OLD_009,Деликатесы,6,151.75
S20260206-CH001-02593,2026-02-06,Минск,CH001,Евроопт,CUST_CH001,SKU_006,Сосиски,77,1004.24
S20260207-CH004-02619,2026-02-07,Гомель,CH004,Гиппо,CUST_CH004,SKU_003,Колбасы,39,731.55
S20250228-CH002-01198,2025-02-28,Брест,CH002,Санта,CUST_CH002,SKU_008,Деликатесы,26,592.34
S20250128-CH004-00566,2025-01-28,Гомель,CH004,Гиппо,CUST_CH004,SKU_004,Сосиски,59,778.33
S20250328-CH001-01786,2025-03-28,Минск,CH001,Евроопт,CUST_CH001,SKU_011,Полуфабрикаты,46,433.01
S20260109-CH002-02025,2026-01-09,Брест,CH002,Санта,CUST_CH002,SKU_003,Колбасы,59,1076.62
S20250116-CH002-00315,2025-01-16,Брест,CH002,Санта,CUST_CH002,SKU_001,Колбасы,55,685.28
S20260109-CH002-02028,2026-01-09,Брест,CH002,Санта,CUST_CH002,SKU_008,Деликатесы,14,338.43
S20260220-CH003-02904,2026-02-20,Гродно,CH003,Корона,CUST_CH003,SKU_007,Деликатесы,5,108.61
S20250114-CH003-00284,2025-01-14,Гродно,CH003,Корона,CUST_CH003,SKU_009,Деликатесы,5,125.41
S20260312-CH002-03292,2026-03-12,Брест,CH002,Санта,CUST_CH002,SKU_009,Деликатесы,26,639.48
S20250324-CH004-01698,2025-03-24,Гомель,CH004,Гиппо,CUST_CH004,SKU_002,Колбасы,75,1070.43
S20260315-CH003-03353,2026-03-15,Гродно,CH003,Корона,CUST_CH003,SKU_006,Сосиски,57,765.52
S20250102-CH003-00033,2025-01-02,Гродно,CH003,Корона,CUST_CH003,SKU_002,Колбасы,66,1036.99
S20260202-CH001-02494,2026-02-02,Минск,CH001,Евроопт,CUST_CH001,SKU_OLD_001,Колбасы,57,685.66
S20250314-CH003-01488,2025-03-14,Гродно,CH003,Корона,CUST_CH003,SKU_010,Полуфабрикаты,61,489.81
S20250112-CH003-00241,2025-01-12,Гродно,CH003,Корона,CUST_CH003,SKU_OLD_001,Колбасы,53,614.73
S20260320-CH002-03467,2026-03-20,Брест,CH002,Санта,CUST_CH002,SKU_OLD_009,Деликатесы,34,883.7
S20250303-CH003-01257,2025-03-03,Гродно,CH003,Корона,CUST_CH003,SKU_005,Сосиски,57,649.65
S20260118-CH001-02197,2026-01-18,Минск,CH001,Евроопт,CUST_CH001,SKU_002,Колбасы,66,971.54
S20250313-CH002-01459,2025-03-13,Брест,CH002,Санта,CUST_CH002,SKU_007,Деликатесы,23,517.84
S20250324-CH002-01689,2025-03-24,Брест,CH002,Санта,CUST_CH002,SKU_009,Деликатесы,22,552.69
S20250117-CH002-00340,2025-01-17,Брест,CH002,Санта,CUST_CH002,SKU_011,Полуфабрикаты,68,639.24
S20250313-CH003-01464,2025-03-13,Гродно,CH003,Корона,CUST_CH003,SKU_006,Сосиски,48,677.05
S20250129-CH003-00585,2025-01-29,Гродно,CH003,Корона,CUST_CH003,SKU_011,Полуфабрикаты,63,583.94
S20260105-CH001-01924,2026-01-05,Минск,CH001,Евроопт,CUST_CH001,SKU_007,Деликатесы,48,1038.89
S20250130-CH001-00593,2025-01-30,Минск,CH001,Евроопт,CUST_CH001,SKU_001,Колбасы,41,508.2
S20250131-CH002-00620,2025-01-31,Брест,CH002,Санта,CUST_CH002,SKU_005,Сосиски,62,753.64
S20260324-CH003-03550,2026-03-24,Гродно,CH003,Корона,CUST_CH003,SKU_004,Сосиски,47,580.91
S20250312-CH003-01443,2025-03-12,Гродно,CH003,Корона,CUST_CH003,SKU_004,Сосиски,14,178.82
S20250125-CH002-00499,2025-01-25,Брест,CH002,Санта,CUST_CH002,SKU_003,Колбасы,80,1472.3
S20250114-CH003-00281,2025-01-14,Гродно,CH003,Корона,CUST_CH003,SKU_003,Колбасы,59,1139.14
S20250110-CH004-00218,2025-01-10,Гомель,CH004,Гиппо,CUST_CH004,SKU_011,Полуфабрикаты,76,685.77
S20260216-CH001-02795,2026-02-16,Минск,CH001,Евроопт,CUST_CH001,SKU_005,Сосиски,79,957.48
S20260311-CH001-03260,2026-03-11,Минск,CH001,Евроопт,CUST_CH001,SKU_006,Сосиски,19,269.16
S20250228-CH004-01210,2025-02-28,Гомель,CH004,Гиппо,CUST_CH004,SKU_007,Деликатесы,33,692.29
S20250319-CH003-01579,2025-03-19,Гродно,CH003,Корона,CUST_CH003,SKU_003,Колбасы,34,614.34
S20250313-CH002-01456,2025-03-13,Брест,CH002,Санта,CUST_CH002,SKU_003,Колбасы,43,783.71
S20260213-CH001-02730,2026-02-13,Минск,CH001,Евроопт,CUST_CH001,SKU_002,Колбасы,44,655.3
S20260121-CH003-02272,2026-01-21,Гродно,CH003,Корона,CUST_CH003,SKU_OLD_001,Колбасы,32,375.97
S20260228-CH002-03061,2026-02-28,Брест,CH002,Санта,CUST_CH002,SKU_001,Колбасы,59,711.66
S20260324-CH003-03552,2026-03-24,Гродно,CH003,Корона,CUST_CH003,SKU_006,Сосиски,62,858.95
S20250118-CH004-00357,2025-01-18,Гомель,CH004,Гиппо,CUST_CH004,SKU_003,Колбасы,47,857.82
S20260115-CH003-02144,2026-01-15,Гродно,CH003,Корона,CUST_CH003,SKU_002,Колбасы,53,800.17
S20260316-CH002-03366,2026-03-16,Брест,CH002,Санта,CUST_CH002,SKU_005,Сосиски,87,969.55
S20250325-CH002-01715,2025-03-25,Брест,CH002,Санта,CUST_CH002,SKU_011,Полуфабрикаты,56,523.43
S20260107-CH001-01972,2026-01-07,Минск,CH001,Евроопт,CUST_CH001,SKU_007,Деликатесы,21,423.35
S20250328-CH001-01782,2025-03-28,Минск,CH001,Евроопт,CUST_CH001,SKU_004,Сосиски,22,297.96
S20250225-CH004-01147,2025-02-25,Гомель,CH004,Гиппо,CUST_CH004,SKU_005,Сосиски,56,625.78
S20250211-CH004-00848,2025-02-11,Гомель,CH004,Гиппо,CUST_CH004,SKU_008,Деликатесы,29,743.23
S20250219-CH001-00992,2025-02-19,Минск,CH001,Евроопт,CUST_CH001,SKU_009,Деликатесы,19,508.91
S20250325-CH003-01719,2025-03-25,Гродно,CH003,Корона,CUST_CH003,SKU_005,Сосиски,57,626.22
S20260106-CH001-01948,2026-01-06,Минск,CH001,Евроопт,CUST_CH001,SKU_011,Полуфабрикаты,54,503.04
S20250303-CH003-01258,2025-03-03,Гродно,CH003,Корона,CUST_CH003,SKU_006,Сосиски,48,679.71
S20250119-CH001-00363,2025-01-19,Минск,CH001,Евроопт,CUST_CH001,SKU_006,Сосиски,57,792.86
S20260220-CH001-02890,2026-02-20,Минск,CH001,Евроопт,CUST_CH001,SKU_001,Колбасы,61,749.88
S20260120-CH002-02247,2026-01-20,Брест,CH002,Санта,CUST_CH002,SKU_011,Полуфабрикаты,51,451.63
S20250101-CH003-00013,2025-01-01,Гродно,CH003,Корона,CUST_CH003,SKU_007,Деликатесы,20,441.71
S20250124-CH003-00486,2025-01-24,Гродно,CH003,Корона,CUST_CH003,SKU_002,Колбасы,56,819.98
S20260319-CH003-03449,2026-03-19,Гродно,CH003,Корона,CUST_CH003,SKU_012,Полуфабрикаты,49,353.02
S20250214-CH001-00898,2025-02-14,Минск,CH001,Евроопт,CUST_CH001,SKU_004,Сосиски,57,721.5
S20260304-CH002-03129,2026-03-04,Брест,CH002,Санта,CUST_CH002,SKU_OLD_009,Деликатесы,52,1288.34
S20260115-CH002-02143,2026-01-15,Брест,CH002,Санта,CUST_CH002,SKU_012,Полуфабрикаты,49,370.11
S20260331-CH004-03708,2026-03-31,Гомель,CH004,Гиппо,CUST_CH004,SKU_010,Полуфабрикаты,97,728.11
S20250203-CH002-00665,2025-02-03,Брест,CH002,Санта,CUST_CH002,SKU_001,Колбасы,38,465.57
S20260321-CH004-03490,2026-03-21,Гомель,CH004,Гиппо,CUST_CH004,SKU_001,Колбасы,85,950.33
S20260205-CH001-02569,2026-02-05,Минск,CH001,Евроопт,CUST_CH001,SKU_009,Деликатесы,38,1013.21
S20250126-CH004-00525,2025-01-26,Гомель,CH004,Гиппо,CUST_CH004,SKU_003,Колбасы,75,1415.21
S20250312-CH002-01435,2025-03-12,Брест,CH002,Санта,CUST_CH002,SKU_002,Колбасы,57,891.78
S20260316-CH002-03368,2026-03-16,Брест,CH002,Санта,CUST_CH002,SKU_012,Полуфабрикаты,70,534.37
S20250304-CH004-01292,2025-03-04,Гомель,CH004,Гиппо,CUST_CH004,SKU_006,Сосиски,49,715.38
S20260130-CH002-02456,2026-01-30,Брест,CH002,Санта,CUST_CH002,SKU_011,Полуфабрикаты,52,489.71
S20260101-CH004-01872,2026-01-01,Гомель,CH004,Гиппо,CUST_CH004,SKU_002,Колбасы,66,995.82
S20260310-CH004-03255,2026-03-10,Гомель,CH004,Гиппо,CUST_CH004,SKU_006,Сосиски,41,602.62
S20260317-CH004-03401,2026-03-17,Гомель,CH004,Гиппо,CUST_CH004,SKU_004,Сосиски,45,566.43
S20260323-CH004-03534,2026-03-23,Гомель,CH004,Гиппо,CUST_CH004,SKU_OLD_009,Деликатесы,24,619.51
S20260202-CH002-02502,2026-02-02,Брест,CH002,Санта,CUST_CH002,SKU_004,Сосиски,32,411.19
S20250123-CH001-00454,2025-01-23,Минск,CH001,Евроопт,CUST_CH001,SKU_007,Деликатесы,8,180.6
S20250211-CH001-00834,2025-02-11,Минск,CH001,Евроопт,CUST_CH001,SKU_011,Полуфабрикаты,41,362.48
S20260328-CH004-03641,2026-03-28,Гомель,CH004,Гиппо,CUST_CH004,SKU_003,Колбасы,49,924.23
S20260323-CH004-03529,2026-03-23,Гомель,CH004,Гиппо,CUST_CH004,SKU_001,Колбасы,57,683.34
S20260104-CH004-01922,2026-01-04,Гомель,CH004,Гиппо,CUST_CH004,SKU_004,Сосиски,76,940.57
S20250310-CH003-01398,2025-03-10,Гродно,CH003,Корона,CUST_CH003,SKU_006,Сосиски,49,665.63
S20250105-CH004-00100,2025-01-05,Гомель,CH004,Гиппо,CUST_CH004,SKU_010,Полуфабрикаты,55,422.4
S20260324-CH002-03547,2026-03-24,Брест,CH002,Санта,CUST_CH002,SKU_010,Полуфабрикаты,38,316.68
S20250326-CH001-01732,2025-03-26,Минск,CH001,Евроопт,CUST_CH001,SKU_009,Деликатесы,27,727.15
S20260317-CH001-03384,2026-03-17,Минск,CH001,Евроопт,CUST_CH001,SKU_006,Сосиски,94,1328.99
S20260312-CH003-03297,2026-03-12,Гродно,CH003,Корона,CUST_CH003,SKU_004,Сосиски,84,1068.22
S20260127-CH002-02390,2026-01-27,Брест,CH002,Санта,CUST_CH002,SKU_003,Колбасы,43,687.94
S20250307-CH002-01348,2025-03-07,Брест,CH002,Санта,CUST_CH002,SKU_011,Полуфабрикаты,54,510.35
S20260202-CH002-02506,2026-02-02,Брест,CH002,Санта,CUST_CH002,SKU_008,Деликатесы,56,1378.51
S20260101-CH001-01854,2026-01-01,Минск,CH001,Евроопт,CUST_CH001,SKU_002,Колбасы,52,816.92
S20260304-CH003-03134,2026-03-04,Гродно,CH003,Корона,CUST_CH003,SKU_004,Сосиски,62,833.33
S20250324-CH002-01687,2025-03-24,Брест,CH002,Санта,CUST_CH002,SKU_001,Колбасы,69,880.37
S20250330-CH004-01826,2025-03-30,Гомель,CH004,Гиппо,CUST_CH004,SKU_005,Сосиски,55,644.69
S20250221-CH004-01063,2025-02-21,Гомель,CH004,Гиппо,CUST_CH004,SKU_007,Деликатесы,28,627.8
S20250326-CH001-01733,2025-03-26,Минск,CH001,Евроопт,CUST_CH001,SKU_010,Полуфабрикаты,52,396.54
S20250110-CH003-00211,2025-01-10,Гродно,CH003,Корона,CUST_CH003,SKU_007,Деликатесы,56,1307.69
S20260219-CH001-02873,2026-02-19,Минск,CH001,Евроопт,CUST_CH001,SKU_011,Полуфабрикаты,33,300.81
S20250317-CH003-01539,2025-03-17,Гродно,CH003,Корона,CUST_CH003,SKU_010,Полуфабрикаты,59,481.14
S20260104-CH002-01911,2026-01-04,Брест,CH002,Санта,CUST_CH002,SKU_008,Деликатесы,24,581.43
S20260225-CH003-03001,2026-02-25,Гродно,CH003,Корона,CUST_CH003,SKU_004,Сосиски,43,546.66
S20260213-CH001-02736,2026-02-13,Минск,CH001,Евроопт,CUST_CH001,SKU_010,Полуфабрикаты,85,689.09
S20250311-CH004-01421,2025-03-11,Гомель,CH004,Гиппо,CUST_CH004,SKU_003,Колбасы,54,920.4
S20260211-CH003-02698,2026-02-11,Гродно,CH003,Корона,CUST_CH003,SKU_001,Колбасы,39,481.16
S20250312-CH001-01432,2025-03-12,Минск,CH001,Евроопт,CUST_CH001,SKU_010,Полуфабрикаты,35,286.68
S20250226-CH002-01158,2025-02-26,Брест,CH002,Санта,CUST_CH002,SKU_012,Полуфабрикаты,64,487.08
S20250217-CH003-00965,2025-02-17,Гродно,CH003,Корона,CUST_CH003,SKU_007,Деликатесы,43,1010.84
S20250326-CH001-01730,2025-03-26,Минск,CH001,Евроопт,CUST_CH001,SKU_006,Сосиски,50,671.29
S20250206-CH003-00743,2025-02-06,Гродно,CH003,Корона,CUST_CH003,SKU_009,Деликатесы,31,832.31
S20260322-CH002-03504,2026-03-22,Брест,CH002,Санта,CUST_CH002,SKU_009,Деликатесы,56,1524.97
S20250131-CH004-00632,2025-01-31,Гомель,CH004,Гиппо,CUST_CH004,SKU_009,Деликатесы,35,880.68
S20250206-CH001-00730,2025-02-06,Минск,CH001,Евроопт,CUST_CH001,SKU_008,Деликатесы,46,1130.01
S20250221-CH003-01059,2025-02-21,Гродно,CH003,Корона,CUST_CH003,SKU_012,Полуфабрикаты,51,369.19
S20250120-CH002-00388,2025-01-20,Брест,CH002,Санта,CUST_CH002,SKU_006,Сосиски,63,833.53
S20250209-CH003-00796,2025-02-09,Гродно,CH003,Корона,CUST_CH003,SKU_009,Деликатесы,12,280.1
S20260105-CH001-01927,2026-01-05,Минск,CH001,Евроопт,CUST_CH001,SKU_012,Полуфабрикаты,81,583.96
S20250206-CH003-00740,2025-02-06,Гродно,CH003,Корона,CUST_CH003,SKU_002,Колбасы,42,620.35
S20250124-CH001-00477,2025-01-24,Минск,CH001,Евроопт,CUST_CH001,SKU_006,Сосиски,37,544.18
S20260313-CH001-03306,2026-03-13,Минск,CH001,Евроопт,CUST_CH001,SKU_002,Колбасы,71,1100.88
S20250312-CH003-01445,2025-03-12,Гродно,CH003,Корона,CUST_CH003,SKU_008,Деликатесы,20,486.43
S20250312-CH002-01439,2025-03-12,Брест,CH002,Санта,CUST_CH002,SKU_012,Полуфабрикаты,37,271.01
S20260302-CH001-03083,2026-03-02,Минск,CH001,Евроопт,CUST_CH001,SKU_OLD_009,Деликатесы,56,1424.82
S20250207-CH001-00752,2025-02-07,Минск,CH001,Евроопт,CUST_CH001,SKU_005,Сосиски,43,494.44
S20260119-CH003-02228,2026-01-19,Гродно,CH003,Корона,CUST_CH003,SKU_007,Деликатесы,50,1111.12
S20260216-CH003-02809,2026-02-16,Гродно,CH003,Корона,CUST_CH003,SKU_007,Деликатесы,28,608.97
S20260210-CH001-02658,2026-02-10,Минск,CH001,Евроопт,CUST_CH001,SKU_004,Сосиски,50,644.08
S20260122-CH002-02297,2026-01-22,Брест,CH002,Санта,CUST_CH002,SKU_009,Деликатесы,39,936.93
S20250126-CH003-00524,2025-01-26,Гродно,CH003,Корона,CUST_CH003,SKU_012,Полуфабрикаты,64,453.52
S20250110-CH002-00204,2025-01-10,Брест,CH002,Санта,CUST_CH002,SKU_005,Сосиски,40,457.71
S20260306-CH003-03167,2026-03-06,Гродно,CH003,Корона,CUST_CH003,SKU_001,Колбасы,53,629.58
S20250205-CH001-00708,2025-02-05,Минск,CH001,Евроопт,CUST_CH001,SKU_003,Колбасы,45,836.3
S20250303-CH004-01268,2025-03-03,Гомель,CH004,Гиппо,CUST_CH004,SKU_010,Полуфабрикаты,45,356.28
S20260206-CH004-02606,2026-02-06,Гомель,CH004,Гиппо,CUST_CH004,SKU_006,Сосиски,62,835.23
S20260313-CH002-03318,2026-03-13,Брест,CH002,Санта,CUST_CH002,SKU_009,Деликатесы,19,487.19
S20260227-CH002-03044,2026-02-27,Брест,CH002,Санта,CUST_CH002,SKU_006,Сосиски,56,741.53
S20260111-CH004-02064,2026-01-11,Гомель,CH004,Гиппо,CUST_CH004,SKU_001,Колбасы,47,599.51
S20260219-CH001-02870,2026-02-19,Минск,CH001,Евроопт,CUST_CH001,SKU_006,Сосиски,51,716.47
S20250213-CH003-00890,2025-02-13,Гродно,CH003,Корона,CUST_CH003,SKU_009,Деликатесы,21,532.77
S20250224-CH004-01122,2025-02-24,Гомель,CH004,Гиппо,CUST_CH004,SKU_009,Деликатесы,55,1351.71
S20250119-CH004-00373,2025-01-19,Гомель,CH004,Гиппо,CUST_CH004,SKU_002,Колбасы,62,906.38
S20260303-CH001-03098,2026-03-03,Минск,CH001,Евроопт,CUST_CH001,SKU_008,Деликатесы,5,119.37
S20250124-CH004-00489,2025-01-24,Гомель,CH004,Гиппо,CUST_CH004,SKU_003,Колбасы,48,790.7
S20250206-CH002-00736,2025-02-06,Брест,CH002,Санта,CUST_CH002,SKU_006,Сосиски,71,972.79
S20260117-CH002-02189,2026-01-17,Брест,CH002,Санта,CUST_CH002,SKU_010,Полуфабрикаты,23,197.15
S20260314-CH003-03337,2026-03-14,Гродно,CH003,Корона,CUST_CH003,SKU_OLD_009,Деликатесы,36,940.07
S20250213-CH002-00877,2025-02-13,Брест,CH002,Санта,CUST_CH002,SKU_002,Колбасы,45,631.75
S20250203-CH004-00677,2025-02-03,Гомель,CH004,Гиппо,CUST_CH004,SKU_008,Деликатесы,35,862.32
S20260310-CH002-03243,2026-03-10,Брест,CH002,Санта,CUST_CH002,SKU_002,Колбасы,71,1158.13
S20260209-CH001-02639,2026-02-09,Минск,CH001,Евроопт,CUST_CH001,SKU_012,Полуфабрикаты,38,272.4
S20260319-CH002-03439,2026-03-19,Брест,CH002,Санта,CUST_CH002,SKU_001,Колбасы,69,806.74
S20250306-CH003-01333,2025-03-06,Гродно,CH003,Корона,CUST_CH003,SKU_006,Сосиски,56,746.49
S20260216-CH002-02803,2026-02-16,Брест,CH002,Санта,CUST_CH002,SKU_004,Сосиски,67,877.72
S20250331-CH004-01852,2025-03-31,Гомель,CH004,Гиппо,CUST_CH004,SKU_012,Полуфабрикаты,38,276.65
S20250213-CH003-00884,2025-02-13,Гродно,CH003,Корона,CUST_CH003,SKU_001,Колбасы,85,1013.72
S20260121-CH004-02286,2026-01-21,Гомель,CH004,Гиппо,CUST_CH004,SKU_012,Полуфабрикаты,51,378.49
S20260218-CH001-02845,2026-02-18,Минск,CH001,Евроопт,CUST_CH001,SKU_006,Сосиски,41,570.62
S20250223-CH001-01085,2025-02-23,Минск,CH001,Евроопт,CUST_CH001,SKU_004,Сосиски,51,673.82
S20250111-CH003-00225,2025-01-11,Гродно,CH003,Корона,CUST_CH003,SKU_007,Деликатесы,20,423.69
S20260224-CH003-02981,2026-02-24,Гродно,CH003,Корона,CUST_CH003,SKU_007,Деликатесы,17,401.56
S20250312-CH001-01426,2025-03-12,Минск,CH001,Евроопт,CUST_CH001,SKU_002,Колбасы,43,663.81
S20250129-CH004-00588,2025-01-29,Гомель,CH004,Гиппо,CUST_CH004,SKU_006,Сосиски,44,609.95
S20250108-CH004-00173,2025-01-08,Гомель,CH004,Гиппо,CUST_CH004,SKU_009,Деликатесы,21,550.43
S20250218-CH004-00984,2025-02-18,Гомель,CH004,Гиппо,CUST_CH004,SKU_004,Сосиски,52,672.42
S20250305-CH001-01298,2025-03-05,Минск,CH001,Евроопт,CUST_CH001,SKU_OLD_005,Сосиски,60,635.74
S20250106-CH002-00111,2025-01-06,Брест,CH002,Санта,CUST_CH002,SKU_005,Сосиски,87,935.11
S20250129-CH003-00583,2025-01-29,Гродно,CH003,Корона,CUST_CH003,SKU_003,Колбасы,69,1348.06
S20250320-CH003-01610,2025-03-20,Гродно,CH003,Корона,CUST_CH003,SKU_012,Полуфабрикаты,40,307.58
S20260324-CH003-03553,2026-03-24,Гродно,CH003,Корона,CUST_CH003,SKU_008,Деликатесы,40,946.98
S20260104-CH003-01917,2026-01-04,Гродно,CH003,Корона,CUST_CH003,SKU_006,Сосиски,77,1024.31
S20250310-CH001-01385,2025-03-10,Минск,CH001,Евроопт,CUST_CH001,SKU_001,Колбасы,43,512.45
S20250113-CH002-00256,2025-01-13,Брест,CH002,Санта,CUST_CH002,SKU_002,Колбасы,58,868.47
S20260105-CH003-01934,2026-01-05,Гродно,CH003,Корона,CUST_CH003,SKU_003,Колбасы,66,1256.76
S20250123-CH001-00456,2025-01-23,Минск,CH001,Евроопт,CUST_CH001,SKU_009,Деликатесы,23,602.59
S20260310-CH002-03242,2026-03-10,Брест,CH002,Санта,CUST_CH002,SKU_OLD_001,Колбасы,47,557.43
S20250220-CH004-01033,2025-02-20,Гомель,CH004,Гиппо,CUST_CH004,SKU_002,Колбасы,58,852.25
S20260303-CH004-03113,2026-03-03,Гомель,CH004,Гиппо,CUST_CH004,SKU_006,Сосиски,69,954.92
S20250207-CH004-00768,2025-02-07,Гомель,CH004,Гиппо,CUST_CH004,SKU_004,Сосиски,48,589.17
S20260320-CH004-03477,2026-03-20,Гомель,CH004,Гиппо,CUST_CH004,SKU_007,Деликатесы,7,150.4
S20260109-CH001-02020,2026-01-09,Минск,CH001,Евроопт,CUST_CH001,SKU_008,Деликатесы,30,702.64
S20260225-CH001-02992,2026-02-25,Минск,CH001,Евроопт,CUST_CH001,SKU_010,Полуфабрикаты,91,738.01
S20260119-CH004-02234,2026-01-19,Гомель,CH004,Гиппо,CUST_CH004,SKU_006,Сосиски,73,1036.94
S20260217-CH002-02832,2026-02-17,Брест,CH002,Санта,CUST_CH002,SKU_011,Полуфабрикаты,61,520.59
S20250106-CH003-00119,2025-01-06,Гродно,CH003,Корона,CUST_CH003,SKU_012,Полуфабрикаты,26,196.27
S20260101-CH004-01871,2026-01-01,Гомель,CH004,Гиппо,CUST_CH004,SKU_OLD_001,Колбасы,49,598.73
S20250223-CH003-01096,2025-02-23,Гродно,CH003,Корона,CUST_CH003,SKU_011,Полуфабрикаты,32,292.66
S20260120-CH004-02256,2026-01-20,Гомель,CH004,Гиппо,CUST_CH004,SKU_007,Деликатесы,12,273.77
S20260129-CH001-02426,2026-01-29,Минск,CH001,Евроопт,CUST_CH001,SKU_006,Сосиски,20,304.98
S20260106-CH002-01950,2026-01-06,Брест,CH002,Санта,CUST_CH002,SKU_004,Сосиски,68,895.75
S20260316-CH001-03363,2026-03-16,Минск,CH001,Евроопт,CUST_CH001,SKU_OLD_009,Деликатесы,23,623.06
S20260108-CH004-02012,2026-01-08,Гомель,CH004,Гиппо,CUST_CH004,SKU_003,Колбасы,32,591.8
S20250130-CH003-00601,2025-01-30,Гродно,CH003,Корона,CUST_CH003,SKU_001,Колбасы,56,661.9
S20250101-CH002-00009,2025-01-01,Брест,CH002,Санта,CUST_CH002,SKU_006,Сосиски,40,566.16
S20260327-CH003-03625,2026-03-27,Гродно,CH003,Корона,CUST_CH003,SKU_005,Сосиски,31,338.14
S20260327-CH003-03626,2026-03-27,Гродно,CH003,Корона,CUST_CH003,SKU_006,Сосиски,66,900.16
S20260325-CH003-03578,2026-03-25,Гродно,CH003,Корона,CUST_CH003,SKU_010,Полуфабрикаты,54,400.68
S20250214-CH004-00916,2025-02-14,Гомель,CH004,Гиппо,CUST_CH004,SKU_011,Полуфабрикаты,64,580.7
S20250320-CH001-01592,2025-03-20,Минск,CH001,Евроопт,CUST_CH001,SKU_005,Сосиски,35,397.84
S20260102-CH002-01883,2026-01-02,Брест,CH002,Санта,CUST_CH002,SKU_009,Деликатесы,34,884.54
S20250218-CH004-00985,2025-02-18,Гомель,CH004,Гиппо,CUST_CH004,SKU_005,Сосиски,52,621.73
S20260119-CH004-02231,2026-01-19,Гомель,CH004,Гиппо,CUST_CH004,SKU_002,Колбасы,79,1261.7
S20250213-CH004-00893,2025-02-13,Гомель,CH004,Гиппо,CUST_CH004,SKU_010,Полуфабрикаты,56,425.15
S20250222-CH004-01084,2025-02-22,Гомель,CH004,Гиппо,CUST_CH004,SKU_012,Полуфабрикаты,43,308.31
S20250114-CH002-00276,2025-01-14,Брест,CH002,Санта,CUST_CH002,SKU_003,Колбасы,56,1002.51
S20260307-CH003-03192,2026-03-07,Гродно,CH003,Корона,CUST_CH003,SKU_OLD_001,Колбасы,52,621.24
S20260330-CH003-03679,2026-03-30,Гродно,CH003,Корона,CUST_CH003,SKU_012,Полуфабрикаты,66,491.0
S20250311-CH001-01407,2025-03-11,Минск,CH001,Евроопт,CUST_CH001,SKU_003,Колбасы,72,1281.43
S20260320-CH003-03473,2026-03-20,Гродно,CH003,Корона,CUST_CH003,SKU_009,Деликатесы,5,134.93
S20250122-CH003-00443,2025-01-22,Гродно,CH003,Корона,CUST_CH003,SKU_009,Деликатесы,37,1024.18
S20260223-CH002-02957,2026-02-23,Брест,CH002,Санта,CUST_CH002,SKU_OLD_012,Полуфабрикаты,80,608.53
S20260330-CH004-03684,2026-03-30,Гомель,CH004,Гиппо,CUST_CH004,SKU_006,Сосиски,88,1211.76
S20260223-CH004-02969,2026-02-23,Гомель,CH004,Гиппо,CUST_CH004,SKU_012,Полуфабрикаты,80,566.81
S20260302-CH004-03092,2026-03-02,Гомель,CH004,Гиппо,CUST_CH004,SKU_001,Колбасы,33,423.07
S20250219-CH003-01003,2025-02-19,Гродно,CH003,Корона,CUST_CH003,SKU_002,Колбасы,28,423.14
S20260218-CH003-02855,2026-02-18,Гродно,CH003,Корона,CUST_CH003,SKU_OLD_001,Колбасы,49,627.08
S20260210-CH002-02670,2026-02-10,Брест,CH002,Санта,CUST_CH002,SKU_010,Полуфабрикаты,56,460.09
S20260118-CH001-02200,2026-01-18,Минск,CH001,Евроопт,CUST_CH001,SKU_007,Деликатесы,48,1090.85
S20260309-CH001-03221,2026-03-09,Минск,CH001,Евроопт,CUST_CH001,SKU_008,Деликатесы,5,119.46
S20250330-CH002-01822,2025-03-30,Брест,CH002,Санта,CUST_CH002,SKU_003,Колбасы,37,665.18
S20250319-CH004-01587,2025-03-19,Гомель,CH004,Гиппо,CUST_CH004,SKU_005,Сосиски,33,389.81
S20260117-CH003-02191,2026-01-17,Гродно,CH003,Корона,CUST_CH003,SKU_011,Полуфабрикаты,63,570.5
S20260311-CH004-03276,2026-03-11,Гомель,CH004,Гиппо,CUST_CH004,SKU_005,Сосиски,60,717.94
S20250327-CH002-01760,2025-03-27,Брест,CH002,Санта,CUST_CH002,SKU_003,Колбасы,66,1095.82
S20260127-CH001-02387,2026-01-27,Минск,CH001,Евроопт,CUST_CH001,SKU_005,Сосиски,71,817.05
S20250318-CH002-01551,2025-03-18,Брест,CH002,Санта,CUST_CH002,SKU_002,Колбасы,41,633.42
S20260307-CH002-03190,2026-03-07,Брест,CH002,Санта,CUST_CH002,SKU_008,Деликатесы,44,1058.67
S20250102-CH001-00025,2025-01-02,Минск,CH001,Евроопт,CUST_CH001,SKU_012,Полуфабрикаты,59,415.19
S20250324-CH001-01685,2025-03-24,Минск,CH001,Евроопт,CUST_CH001,SKU_009,Деликатесы,30,783.58
S20250103-CH003-00058,2025-01-03,Гродно,CH003,Корона,CUST_CH003,SKU_006,Сосиски,52,735.68
S20260205-CH001-02566,2026-02-05,Минск,CH001,Евроопт,CUST_CH001,SKU_005,Сосиски,68,805.1
S20250109-CH004-00191,2025-01-09,Гомель,CH004,Гиппо,CUST_CH004,SKU_012,Полуфабрикаты,43,315.73
S20260113-CH003-02103,2026-01-13,Гродно,CH003,Корона,CUST_CH003,SKU_003,Колбасы,62,1091.54
S20250329-CH002-01810,2025-03-29,Брест,CH002,Санта,CUST_CH002,SKU_005,Сосиски,65,770.91
S20250212-CH002-00855,2025-02-12,Брест,CH002,Санта,CUST_CH002,SKU_006,Сосиски,53,716.69
S20250209-CH001-00787,2025-02-09,Минск,CH001,Евроопт,CUST_CH001,SKU_004,Сосиски,59,730.58
S20250124-CH004-00493,2025-01-24,Гомель,CH004,Гиппо,CUST_CH004,SKU_009,Деликатесы,27,673.54
S20260318-CH002-03415,2026-03-18,Брест,CH002,Санта,CUST_CH002,SKU_008,Деликатесы,28,661.75
S20260303-CH002-03105,2026-03-03,Брест,CH002,Санта,CUST_CH002,SKU_010,Полуфабрикаты,60,468.92
S20260224-CH004-02987,2026-02-24,Гомель,CH004,Гиппо,CUST_CH004,SKU_012,Полуфабрикаты,71,492.36
S20250201-CH004-00641,2025-02-01,Гомель,CH004,Гиппо,CUST_CH004,SKU_001,Колбасы,56,668.41
S20250101-CH001-00003,2025-01-01,Минск,CH001,Евроопт,CUST_CH001,SKU_004,Сосиски,51,657.57
S20260315-CH003-03354,2026-03-15,Гродно,CH003,Корона,CUST_CH003,SKU_007,Деликатесы,24,528.6
S20250322-CH001-01644,2025-03-22,Минск,CH001,Евроопт,CUST_CH001,SKU_001,Колбасы,46,547.91
S20250107-CH003-00142,2025-01-07,Гродно,CH003,Корона,CUST_CH003,SKU_012,Полуфабрикаты,77,552.48
S20250328-CH001-01785,2025-03-28,Минск,CH001,Евроопт,CUST_CH001,SKU_009,Деликатесы,28,751.03
S20250225-CH003-01137,2025-02-25,Гродно,CH003,Корона,CUST_CH003,SKU_003,Колбасы,45,810.97
S20250131-CH001-00613,2025-01-31,Минск,CH001,Евроопт,CUST_CH001,SKU_001,Колбасы,52,621.16
S20260115-CH002-02139,2026-01-15,Брест,CH002,Санта,CUST_CH002,SKU_002,Колбасы,51,739.12
S20260215-CH002-02778,2026-02-15,Брест,CH002,Санта,CUST_CH002,SKU_OLD_001,Колбасы,60,683.44
S20260227-CH002-03047,2026-02-27,Брест,CH002,Санта,CUST_CH002,SKU_012,Полуфабрикаты,58,421.74
S20250212-CH004-00869,2025-02-12,Гомель,CH004,Гиппо,CUST_CH004,SKU_011,Полуфабрикаты,40,346.55
S20260109-CH004-02037,2026-01-09,Гомель,CH004,Гиппо,CUST_CH004,SKU_004,Сосиски,36,465.63
S20260209-CH003-02646,2026-02-09,Гродно,CH003,Корона,CUST_CH003,SKU_011,Полуфабрикаты,86,786.37
S20250128-CH004-00569,2025-01-28,Гомель,CH004,Гиппо,CUST_CH004,SKU_008,Деликатесы,44,1010.63
S20260330-CH002-03670,2026-03-30,Брест,CH002,Санта,CUST_CH002,SKU_006,Сосиски,61,890.19
S20250129-CH001-00573,2025-01-29,Минск,CH001,Евроопт,CUST_CH001,SKU_004,Сосиски,52,676.37
S20260112-CH002-02075,2026-01-12,Брест,CH002,Санта,CUST_CH002,SKU_003,Колбасы,52,943.98
S20260317-CH003-03395,2026-03-17,Гродно,CH003,Корона,CUST_CH003,SKU_004,Сосиски,43,572.45
S20260115-CH004-02153,2026-01-15,Гомель,CH004,Гиппо,CUST_CH004,SKU_008,Деликатесы,10,226.58
S20260214-CH002-02761,2026-02-14,Брест,CH002,Санта,CUST_CH002,SKU_002,Колбасы,49,717.98
S20250115-CH001-00290,2025-01-15,Минск,CH001,Евроопт,CUST_CH001,SKU_001,Колбасы,34,424.33
S20260331-CH002-03695,2026-03-31,Брест,CH002,Санта,CUST_CH002,SKU_009,Деликатесы,38,1016.81
S20260214-CH002-02765,2026-02-14,Брест,CH002,Санта,CUST_CH002,SKU_009,Деликатесы,28,725.2
S20250325-CH004-01724,2025-03-25,Гомель,CH004,Гиппо,CUST_CH004,SKU_008,Деликатесы,23,536.45
S20260122-CH002-02295,2026-01-22,Брест,CH002,Санта,CUST_CH002,SKU_005,Сосиски,53,586.46
S20260201-CH002-02484,2026-02-01,Брест,CH002,Санта,CUST_CH002,SKU_004,Сосиски,45,607.92
S20250309-CH003-01380,2025-03-09,Гродно,CH003,Корона,CUST_CH003,SKU_001,Колбасы,35,429.15
S20260315-CH004-03359,2026-03-15,Гомель,CH004,Гиппо,CUST_CH004,SKU_011,Полуфабрикаты,77,691.03
S20250326-CH001-01728,2025-03-26,Минск,CH001,Евроопт,CUST_CH001,SKU_004,Сосиски,11,153.28
S20250122-CH001-00427,2025-01-22,Минск,CH001,Евроопт,CUST_CH001,SKU_002,Колбасы,46,718.71
S20260301-CH001-03069,2026-03-01,Минск,CH001,Евроопт,CUST_CH001,SKU_008,Деликатесы,48,1128.97
S20250320-CH002-01597,2025-03-20,Брест,CH002,Санта,CUST_CH002,SKU_001,Колбасы,79,927.51
S20250130-CH003-00603,2025-01-30,Гродно,CH003,Корона,CUST_CH003,SKU_009,Деликатесы,28,729.03
S20250211-CH004-00849,2025-02-11,Гомель,CH004,Гиппо,CUST_CH004,SKU_010,Полуфабрикаты,40,312.41
S20250107-CH003-00138,2025-01-07,Гродно,CH003,Корона,CUST_CH003,SKU_004,Сосиски,41,541.62
S20250305-CH002-01303,2025-03-05,Брест,CH002,Санта,CUST_CH002,SKU_001,Колбасы,42,500.74
S20260102-CH003-01889,2026-01-02,Гродно,CH003,Корона,CUST_CH003,SKU_008,Деликатесы,5,114.84
S20260315-CH004-03358,2026-03-15,Гомель,CH004,Гиппо,CUST_CH004,SKU_006,Сосиски,30,426.77
S20260223-CH001-02948,2026-02-23,Минск,CH001,Евроопт,CUST_CH001,SKU_009,Деликатесы,38,1022.81
S20250121-CH004-00424,2025-01-21,Гомель,CH004,Гиппо,CUST_CH004,SKU_008,Деликатесы,32,834.0
S20260211-CH002-02697,2026-02-11,Брест,CH002,Санта,CUST_CH002,SKU_011,Полуфабрикаты,62,560.92
S20260320-CH002-03469,2026-03-20,Брест,CH002,Санта,CUST_CH002,SKU_OLD_012,Полуфабрикаты,84,619.86
S20250129-CH002-00579,2025-01-29,Брест,CH002,Санта,CUST_CH002,SKU_006,Сосиски,45,679.67
S20250114-CH002-00279,2025-01-14,Брест,CH002,Санта,CUST_CH002,SKU_011,Полуфабрикаты,48,425.46
S20250108-CH001-00152,2025-01-08,Минск,CH001,Евроопт,CUST_CH001,SKU_010,Полуфабрикаты,65,531.11
S20260305-CH003-03158,2026-03-05,Гродно,CH003,Корона,CUST_CH003,SKU_012,Полуфабрикаты,78,599.67
S20250119-CH004-00379,2025-01-19,Гомель,CH004,Гиппо,CUST_CH004,SKU_009,Деликатесы,34,889.72
S20260327-CH002-03623,2026-03-27,Брест,CH002,Санта,CUST_CH002,SKU_012,Полуфабрикаты,71,520.78
S20260129-CH004-02445,2026-01-29,Гомель,CH004,Гиппо,CUST_CH004,SKU_011,Полуфабрикаты,64,588.82
S20260101-CH003-01865,2026-01-01,Гродно,CH003,Корона,CUST_CH003,SKU_001,Колбасы,42,463.14
S20260116-CH003-02169,2026-01-16,Гродно,CH003,Корона,CUST_CH003,SKU_002,Колбасы,34,518.98
S20260119-CH001-02216,2026-01-19,Минск,CH001,Евроопт,CUST_CH001,SKU_008,Деликатесы,5,110.63
S20260212-CH003-02720,2026-02-12,Гродно,CH003,Корона,CUST_CH003,SKU_OLD_005,Сосиски,66,757.41
S20250215-CH002-00921,2025-02-15,Брест,CH002,Санта,CUST_CH002,SKU_004,Сосиски,53,643.62
S20250205-CH003-00718,2025-02-05,Гродно,CH003,Корона,CUST_CH003,SKU_002,Колбасы,52,787.71
S20260211-CH004-02704,2026-02-11,Гомель,CH004,Гиппо,CUST_CH004,SKU_009,Деликатесы,6,162.28
S20250120-CH002-00387,2025-01-20,Брест,CH002,Санта,CUST_CH002,SKU_002,Колбасы,63,977.17
S20250122-CH004-00447,2025-01-22,Гомель,CH004,Гиппо,CUST_CH004,SKU_006,Сосиски,69,1005.53
S20260226-CH002-03025,2026-02-26,Брест,CH002,Санта,CUST_CH002,SKU_011,Полуфабрикаты,40,349.15
S20260330-CH004-03683,2026-03-30,Гомель,CH004,Гиппо,CUST_CH004,SKU_OLD_005,Сосиски,77,909.18
S20260327-CH001-03611,2026-03-27,Минск,CH001,Евроопт,CUST_CH001,SKU_001,Колбасы,78,861.48
S20260205-CH001-02567,2026-02-05,Минск,CH001,Евроопт,CUST_CH001,SKU_006,Сосиски,67,952.89
S20260319-CH004-03450,2026-03-19,Гомель,CH004,Гиппо,CUST_CH004,SKU_005,Сосиски,60,654.39
S20250107-CH004-00143,2025-01-07,Гомель,CH004,Гиппо,CUST_CH004,SKU_OLD_005,Сосиски,84,900.0
S20260119-CH003-02229,2026-01-19,Гродно,CH003,Корона,CUST_CH003,SKU_008,Деликатесы,12,274.56
S20250309-CH001-01376,2025-03-09,Минск,CH001,Евроопт,CUST_CH001,SKU_010,Полуфабрикаты,72,607.71
S20260216-CH001-02800,2026-02-16,Минск,CH001,Евроопт,CUST_CH001,SKU_012,Полуфабрикаты,62,472.47
S20260210-CH002-02668,2026-02-10,Брест,CH002,Санта,CUST_CH002,SKU_008,Деликатесы,19,448.05
S20250123-CH001-00452,2025-01-23,Минск,CH001,Евроопт,CUST_CH001,SKU_001,Колбасы,55,689.53
S20250326-CH003-01741,2025-03-26,Гродно,CH003,Корона,CUST_CH003,SKU_010,Полуфабрикаты,46,334.47
S20250220-CH001-01016,2025-02-20,Минск,CH001,Евроопт,CUST_CH001,SKU_OLD_001,Колбасы,66,765.01
S20260305-CH002-03151,2026-03-05,Брест,CH002,Санта,CUST_CH002,SKU_011,Полуфабрикаты,57,487.13
S20260211-CH003-02700,2026-02-11,Гродно,CH003,Корона,CUST_CH003,SKU_006,Сосиски,31,438.73
S20260126-CH002-02368,2026-01-26,Брест,CH002,Санта,CUST_CH002,SKU_006,Сосиски,66,954.98
S20260320-CH004-03474,2026-03-20,Гомель,CH004,Гиппо,CUST_CH004,SKU_001,Колбасы,32,396.07
S20260119-CH002-02221,2026-01-19,Брест,CH002,Санта,CUST_CH002,SKU_005,Сосиски,40,463.59
S20250320-CH002-01599,2025-03-20,Брест,CH002,Санта,CUST_CH002,SKU_003,Колбасы,58,975.19
S20260228-CH004-03065,2026-02-28,Гомель,CH004,Гиппо,CUST_CH004,SKU_001,Колбасы,48,546.67
S20250206-CH002-00735,2025-02-06,Брест,CH002,Санта,CUST_CH002,SKU_004,Сосиски,38,501.69
S20250315-CH003-01507,2025-03-15,Гродно,CH003,Корона,CUST_CH003,SKU_006,Сосиски,33,439.41
S20250123-CH001-00457,2025-01-23,Минск,CH001,Евроопт,CUST_CH001,SKU_012,Полуфабрикаты,58,459.02
S20250308-CH002-01365,2025-03-08,Брест,CH002,Санта,CUST_CH002,SKU_002,Колбасы,40,589.81
S20260221-CH002-02920,2026-02-21,Брест,CH002,Санта,CUST_CH002,SKU_006,Сосиски,41,562.12
S20250214-CH001-00899,2025-02-14,Минск,CH001,Евроопт,CUST_CH001,SKU_OLD_005,Сосиски,50,558.98
S20250321-CH002-01627,2025-03-21,Брест,CH002,Санта,CUST_CH002,SKU_011,Полуфабрикаты,57,532.0
S20250221-CH002-01051,2025-02-21,Брест,CH002,Санта,CUST_CH002,SKU_007,Деликатесы,33,703.08
S20260304-CH002-03126,2026-03-04,Брест,CH002,Санта,CUST_CH002,SKU_004,Сосиски,52,667.53
S20250221-CH001-01040,2025-02-21,Минск,CH001,Евроопт,CUST_CH001,SKU_002,Колбасы,53,782.47
S20250323-CH003-01672,2025-03-23,Гродно,CH003,Корона,CUST_CH003,SKU_002,Колбасы,36,563.25
S20260203-CH003-02537,2026-02-03,Гродно,CH003,Корона,CUST_CH003,SKU_011,Полуфабрикаты,70,595.7
S20250322-CH001-01648,2025-03-22,Минск,CH001,Евроопт,CUST_CH001,SKU_008,Деликатесы,10,230.97
S20250312-CH001-01430,2025-03-12,Минск,CH001,Евроопт,CUST_CH001,SKU_008,Деликатесы,40,966.52
S20250307-CH004-01355,2025-03-07,Гомель,CH004,Гиппо,CUST_CH004,SKU_007,Деликатесы,21,487.28
S20250314-CH004-01496,2025-03-14,Гомель,CH004,Гиппо,CUST_CH004,SKU_009,Деликатесы,45,1194.66
S20250210-CH001-00804,2025-02-10,Минск,CH001,Евроопт,CUST_CH001,SKU_011,Полуфабрикаты,56,532.66
S20250325-CH001-01704,2025-03-25,Минск,CH001,Евроопт,CUST_CH001,SKU_004,Сосиски,58,757.33
S20250102-CH003-00037,2025-01-02,Гродно,CH003,Корона,CUST_CH003,SKU_008,Деликатесы,27,683.49
S20250304-CH003-01285,2025-03-04,Гродно,CH003,Корона,CUST_CH003,SKU_002,Колбасы,61,907.49
S20250222-CH003-01078,2025-02-22,Гродно,CH003,Корона,CUST_CH003,SKU_004,Сосиски,37,470.62
S20250223-CH004-01097,2025-02-23,Гомель,CH004,Гиппо,CUST_CH004,SKU_004,Сосиски,83,1027.52
S20260225-CH003-03003,2026-02-25,Гродно,CH003,Корона,CUST_CH003,SKU_006,Сосиски,58,835.79
S20250212-CH002-00856,2025-02-12,Брест,CH002,Санта,CUST_CH002,SKU_010,Полуфабрикаты,70,557.64
S20260312-CH002-03293,2026-03-12,Брест,CH002,Санта,CUST_CH002,SKU_010,Полуфабрикаты,86,690.49
S20250328-CH002-01788,2025-03-28,Брест,CH002,Санта,CUST_CH002,SKU_002,Колбасы,34,515.12
S20250305-CH001-01299,2025-03-05,Минск,CH001,Евроопт,CUST_CH001,SKU_009,Деликатесы,17,445.27
S20250312-CH004-01448,2025-03-12,Гомель,CH004,Гиппо,CUST_CH004,SKU_005,Сосиски,57,745.58
S20260110-CH001-02042,2026-01-10,Минск,CH001,Евроопт,CUST_CH001,SKU_005,Сосиски,87,933.56
S20250320-CH004-01616,2025-03-20,Гомель,CH004,Гиппо,CUST_CH004,SKU_011,Полуфабрикаты,45,376.28
S20250105-CH004-00101,2025-01-05,Гомель,CH004,Гиппо,CUST_CH004,SKU_012,Полуфабрикаты,60,458.83
S20260308-CH004-03214,2026-03-08,Гомель,CH004,Гиппо,CUST_CH004,SKU_007,Деликатесы,17,393.65
S20260104-CH003-01919,2026-01-04,Гродно,CH003,Корона,CUST_CH003,SKU_OLD_009,Деликатесы,50,1317.28
S20250117-CH003-00342,2025-01-17,Гродно,CH003,Корона,CUST_CH003,SKU_007,Деликатесы,20,447.54
S20260106-CH004-01960,2026-01-06,Гомель,CH004,Гиппо,CUST_CH004,SKU_001,Колбасы,76,910.1
S20260223-CH001-02949,2026-02-23,Минск,CH001,Евроопт,CUST_CH001,SKU_010,Полуфабрикаты,36,298.9
S20250127-CH003-00541,2025-01-27,Гродно,CH003,Корона,CUST_CH003,SKU_005,Сосиски,50,567.97
S20260325-CH004-03584,2026-03-25,Гомель,CH004,Гиппо,CUST_CH004,SKU_011,Полуфабрикаты,90,806.77
S20250112-CH003-00244,2025-01-12,Гродно,CH003,Корона,CUST_CH003,SKU_004,Сосиски,45,562.86
S20260312-CH004-03303,2026-03-12,Гомель,CH004,Гиппо,CUST_CH004,SKU_006,Сосиски,60,789.97
S20250121-CH004-00420,2025-01-21,Гомель,CH004,Гиппо,CUST_CH004,SKU_002,Колбасы,68,1012.36
S20260112-CH004-02091,2026-01-12,Гомель,CH004,Гиппо,CUST_CH004,SKU_010,Полуфабрикаты,64,502.87
S20260103-CH003-01902,2026-01-03,Гродно,CH003,Корона,CUST_CH003,SKU_011,Полуфабрикаты,41,371.06
S20250324-CH004-01701,2025-03-24,Гомель,CH004,Гиппо,CUST_CH004,SKU_009,Деликатесы,31,822.07
S20250206-CH001-00728,2025-02-06,Минск,CH001,Евроопт,CUST_CH001,SKU_005,Сосиски,62,669.06
S20250102-CH003-00038,2025-01-02,Гродно,CH003,Корона,CUST_CH003,SKU_011,Полуфабрикаты,18,166.66
S20260210-CH002-02671,2026-02-10,Брест,CH002,Санта,CUST_CH002,SKU_011,Полуфабрикаты,44,401.93
S20260220-CH004-02910,2026-02-20,Гомель,CH004,Гиппо,CUST_CH004,SKU_OLD_005,Сосиски,41,467.12
S20250307-CH003-01352,2025-03-07,Гродно,CH003,Корона,CUST_CH003,SKU_010,Полуфабрикаты,76,629.78
S20250104-CH001-00072,2025-01-04,Минск,CH001,Евроопт,CUST_CH001,SKU_004,Сосиски,32,418.69
S20260130-CH004-02463,2026-01-30,Гомель,CH004,Гиппо,CUST_CH004,SKU_OLD_001,Колбасы,68,801.68
S20260217-CH004-02842,2026-02-17,Гомель,CH004,Гиппо,CUST_CH004,SKU_010,Полуфабрикаты,44,352.59
S20250111-CH003-00227,2025-01-11,Гродно,CH003,Корона,CUST_CH003,SKU_012,Полуфабрикаты,41,312.92
S20260123-CH001-02321,2026-01-23,Минск,CH001,Евроопт,CUST_CH001,SKU_009,Деликатесы,43,1123.03
S20250203-CH003-00670,2025-02-03,Гродно,CH003,Корона,CUST_CH003,SKU_006,Сосиски,49,690.09
S20260126-CH004-02384,2026-01-26,Гомель,CH004,Гиппо,CUST_CH004,SKU_010,Полуфабрикаты,42,333.03
S20250316-CH002-01514,2025-03-16,Брест,CH002,Санта,CUST_CH002,SKU_003,Колбасы,52,950.72
S20250225-CH001-01126,2025-02-25,Минск,CH001,Евроопт,CUST_CH001,SKU_008,Деликатесы,26,657.0
S20260313-CH002-03316,2026-03-13,Брест,CH002,Санта,CUST_CH002,SKU_006,Сосиски,36,512.07
S20250304-CH002-01278,2025-03-04,Брест,CH002,Санта,CUST_CH002,SKU_006,Сосиски,38,541.95
S20250222-CH003-01079,2025-02-22,Гродно,CH003,Корона,CUST_CH003,SKU_007,Деликатесы,22,478.62
S20250324-CH002-01691,2025-03-24,Брест,CH002,Санта,CUST_CH002,SKU_012,Полуфабрикаты,78,609.38
S20250215-CH004-00930,2025-02-15,Гомель,CH004,Гиппо,CUST_CH004,SKU_010,Полуфабрикаты,59,476.3
S20250219-CH004-01011,2025-02-19,Гомель,CH004,Гиппо,CUST_CH004,SKU_002,Колбасы,55,833.01
S20250123-CH004-00469,2025-01-23,Гомель,CH004,Гиппо,CUST_CH004,SKU_007,Деликатесы,13,293.09
S20250226-CH004-01165,2025-02-26,Гомель,CH004,Гиппо,CUST_CH004,SKU_005,Сосиски,64,757.87
S20250309-CH003-01381,2025-03-09,Гродно,CH003,Корона,CUST_CH003,SKU_004,Сосиски,57,720.14
S20260331-CH002-03691,2026-03-31,Брест,CH002,Санта,CUST_CH002,SKU_004,Сосиски,76,1001.67
S20260302-CH004-03095,2026-03-02,Гомель,CH004,Гиппо,CUST_CH004,SKU_006,Сосиски,60,877.59
S20250210-CH004-00825,2025-02-10,Гомель,CH004,Гиппо,CUST_CH004,SKU_009,Деликатесы,44,1247.69
S20260204-CH003-02552,2026-02-04,Гродно,CH003,Корона,CUST_CH003,SKU_009,Деликатесы,34,886.42
S20260304-CH001-03123,2026-03-04,Минск,CH001,Евроопт,CUST_CH001,SKU_010,Полуфабрикаты,51,415.11
S20260123-CH004-02336,2026-01-23,Гомель,CH004,Гиппо,CUST_CH004,SKU_004,Сосиски,71,870.3
S20250211-CH003-00846,2025-02-11,Гродно,CH003,Корона,CUST_CH003,SKU_012,Полуфабрикаты,63,464.65
S20260213-CH002-02745,2026-02-13,Брест,CH002,Санта,CUST_CH002,SKU_OLD_012,Полуфабрикаты,50,369.95
S20250218-CH002-00972,2025-02-18,Брест,CH002,Санта,CUST_CH002,SKU_OLD_001,Колбасы,58,687.64
S20250320-CH002-01600,2025-03-20,Брест,CH002,Санта,CUST_CH002,SKU_005,Сосиски,45,525.42
S20250104-CH003-00079,2025-01-04,Гродно,CH003,Корона,CUST_CH003,SKU_003,Колбасы,81,1482.18
S20260304-CH001-03124,2026-03-04,Минск,CH001,Евроопт,CUST_CH001,SKU_011,Полуфабрикаты,69,634.96
S20250208-CH002-00778,2025-02-08,Брест,CH002,Санта,CUST_CH002,SKU_010,Полуфабрикаты,51,413.25
S20250304-CH004-01295,2025-03-04,Гомель,CH004,Гиппо,CUST_CH004,SKU_011,Полуфабрикаты,39,350.22
S20260213-CH004-02758,2026-02-13,Гомель,CH004,Гиппо,CUST_CH004,SKU_OLD_012,Полуфабрикаты,79,561.0
S20250304-CH004-01294,2025-03-04,Гомель,CH004,Гиппо,CUST_CH004,SKU_010,Полуфабрикаты,33,262.12
S20260329-CH002-03652,2026-03-29,Брест,CH002,Санта,CUST_CH002,SKU_004,Сосиски,53,697.17
S20260313-CH004-03323,2026-03-13,Гомель,CH004,Гиппо,CUST_CH004,SKU_OLD_001,Колбасы,45,573.99
S20260227-CH002-03045,2026-02-27,Брест,CH002,Санта,CUST_CH002,SKU_010,Полуфабрикаты,64,511.28
S20250216-CH004-00944,2025-02-16,Гомель,CH004,Гиппо,CUST_CH004,SKU_004,Сосиски,43,567.3
S20260326-CH002-03592,2026-03-26,Брест,CH002,Санта,CUST_CH002,SKU_001,Колбасы,72,835.85
S20260112-CH003-02082,2026-01-12,Гродно,CH003,Корона,CUST_CH003,SKU_006,Сосиски,57,746.71
S20250227-CH002-01179,2025-02-27,Брест,CH002,Санта,CUST_CH002,SKU_010,Полуфабрикаты,49,393.97
S20250112-CH003-00242,2025-01-12,Гродно,CH003,Корона,CUST_CH003,SKU_002,Колбасы,32,483.42
S20250322-CH001-01645,2025-03-22,Минск,CH001,Евроопт,CUST_CH001,SKU_004,Сосиски,42,540.5
S20260314-CH002-03334,2026-03-14,Брест,CH002,Санта,CUST_CH002,SKU_OLD_009,Деликатесы,11,283.85
S20260224-CH001-02971,2026-02-24,Минск,CH001,Евроопт,CUST_CH001,SKU_003,Колбасы,40,739.44
S20260306-CH002-03166,2026-03-06,Брест,CH002,Санта,CUST_CH002,SKU_012,Полуфабрикаты,81,578.62
S20250126-CH004-00527,2025-01-26,Гомель,CH004,Гиппо,CUST_CH004,SKU_008,Деликатесы,34,823.44
S20250209-CH004-00799,2025-02-09,Гомель,CH004,Гиппо,CUST_CH004,SKU_012,Полуфабрикаты,63,506.53
S20250205-CH002-00714,2025-02-05,Брест,CH002,Санта,CUST_CH002,SKU_004,Сосиски,83,1037.34
S20260303-CH002-03103,2026-03-03,Брест,CH002,Санта,CUST_CH002,SKU_006,Сосиски,42,620.56
S20260306-CH002-03165,2026-03-06,Брест,CH002,Санта,CUST_CH002,SKU_011,Полуфабрикаты,82,740.87
S20250206-CH002-00739,2025-02-06,Брест,CH002,Санта,CUST_CH002,SKU_012,Полуфабрикаты,53,403.34
S20250323-CH004-01676,2025-03-23,Гомель,CH004,Гиппо,CUST_CH004,SKU_003,Колбасы,43,764.76
S20250226-CH003-01160,2025-02-26,Гродно,CH003,Корона,CUST_CH003,SKU_006,Сосиски,47,632.66
S20250301-CH002-01219,2025-03-01,Брест,CH002,Санта,CUST_CH002,SKU_011,Полуфабрикаты,48,444.49
S20260105-CH001-01926,2026-01-05,Минск,CH001,Евроопт,CUST_CH001,SKU_011,Полуфабрикаты,52,476.09
S20260128-CH003-02416,2026-01-28,Гродно,CH003,Корона,CUST_CH003,SKU_008,Деликатесы,44,1012.15
S20250228-CH002-01196,2025-02-28,Брест,CH002,Санта,CUST_CH002,SKU_001,Колбасы,29,336.68
S20260318-CH001-03409,2026-03-18,Минск,CH001,Евроопт,CUST_CH001,SKU_006,Сосиски,30,398.23
S20260212-CH004-02727,2026-02-12,Гомель,CH004,Гиппо,CUST_CH004,SKU_010,Полуфабрикаты,87,669.01
S20250207-CH002-00758,2025-02-07,Брест,CH002,Санта,CUST_CH002,SKU_009,Деликатесы,26,673.12
S20260324-CH001-03537,2026-03-24,Минск,CH001,Евроопт,CUST_CH001,SKU_001,Колбасы,39,487.33
S20250122-CH001-00430,2025-01-22,Минск,CH001,Евроопт,CUST_CH001,SKU_006,Сосиски,47,672.58
S20260111-CH002-02062,2026-01-11,Брест,CH002,Санта,CUST_CH002,SKU_011,Полуфабрикаты,76,688.97
S20260317-CH003-03392,2026-03-17,Гродно,CH003,Корона,CUST_CH003,SKU_OLD_001,Колбасы,61,725.2
S20260219-CH004-02887,2026-02-19,Гомель,CH004,Гиппо,CUST_CH004,SKU_008,Деликатесы,41,955.21
S20260328-CH002-03636,2026-03-28,Брест,CH002,Санта,CUST_CH002,SKU_009,Деликатесы,5,131.07
S20250113-CH003-00264,2025-01-13,Гродно,CH003,Корона,CUST_CH003,SKU_003,Колбасы,32,576.97
S20260109-CH002-02029,2026-01-09,Брест,CH002,Санта,CUST_CH002,SKU_010,Полуфабрикаты,84,682.55
RET20250207-006,2025-02-07,Минск,CH001,Евроопт,CUST_CH001,SKU_011,Полуфабрикаты,-21,-198.77
S20250127-CH004-00548,2025-01-27,Гомель,CH004,Гиппо,CUST_CH004,SKU_011,Полуфабрикаты,65,583.35
S20250123-CH001-00455,2025-01-23,Минск,CH001,Евроопт,CUST_CH001,SKU_008,Деликатесы,37,955.23
S20250117-CH002-00339,2025-01-17,Брест,CH002,Санта,CUST_CH002,SKU_008,Деликатесы,12,305.66
S20250102-CH002-00027,2025-01-02,Брест,CH002,Санта,CUST_CH002,SKU_002,Колбасы,45,689.45
S20260316-CH001-03364,2026-03-16,Минск,CH001,Евроопт,CUST_CH001,SKU_010,Полуфабрикаты,48,381.0
S20260329-CH004-03659,2026-03-29,Гомель,CH004,Гиппо,CUST_CH004,SKU_007,Деликатесы,16,367.32
S20250127-CH002-00537,2025-01-27,Брест,CH002,Санта,CUST_CH002,SKU_010,Полуфабрикаты,56,427.88
S20250306-CH002-01325,2025-03-06,Брест,CH002,Санта,CUST_CH002,SKU_002,Колбасы,50,773.68
S20260224-CH003-02982,2026-02-24,Гродно,CH003,Корона,CUST_CH003,SKU_008,Деликатесы,31,708.18
S20260109-CH001-02021,2026-01-09,Минск,CH001,Евроопт,CUST_CH001,SKU_009,Деликатесы,33,881.0
S20250101-CH001-00001,2025-01-01,Минск,CH001,Евроопт,CUST_CH001,SKU_002,Колбасы,61,910.57
S20260315-CH003-03355,2026-03-15,Гродно,CH003,Корона,CUST_CH003,SKU_012,Полуфабрикаты,84,623.6
S20250304-CH003-01284,2025-03-04,Гродно,CH003,Корона,CUST_CH003,SKU_001,Колбасы,37,454.12
S20260101-CH004-01874,2026-01-01,Гомель,CH004,Гиппо,CUST_CH004,SKU_005,Сосиски,26,300.87
S20250121-CH002-00408,2025-01-21,Брест,CH002,Санта,CUST_CH002,SKU_002,Колбасы,69,981.19
S20250103-CH003-00061,2025-01-03,Гродно,CH003,Корона,CUST_CH003,SKU_011,Полуфабрикаты,66,575.09
S20250106-CH003-00116,2025-01-06,Гродно,CH003,Корона,CUST_CH003,SKU_OLD_005,Сосиски,44,509.83
S20260114-CH004-02131,2026-01-14,Гомель,CH004,Гиппо,CUST_CH004,SKU_002,Колбасы,76,1128.56
S20250129-CH002-00581,2025-01-29,Брест,CH002,Санта,CUST_CH002,SKU_010,Полуфабрикаты,20,172.83
S20260219-CH003-02880,2026-02-19,Гродно,CH003,Корона,CUST_CH003,SKU_OLD_001,Колбасы,52,642.63
S20260211-CH004-02706,2026-02-11,Гомель,CH004,Гиппо,CUST_CH004,SKU_012,Полуфабрикаты,52,382.85
S20250326-CH002-01735,2025-03-26,Брест,CH002,Санта,CUST_CH002,SKU_004,Сосиски,44,567.62
S20260101-CH001-01855,2026-01-01,Минск,CH001,Евроопт,CUST_CH001,SKU_003,Колбасы,67,1207.67
S20250207-CH001-00751,2025-02-07,Минск,CH001,Евроопт,CUST_CH001,SKU_004,Сосиски,65,828.7
S20250324-CH004-01700,2025-03-24,Гомель,CH004,Гиппо,CUST_CH004,SKU_006,Сосиски,79,1090.35
S20250316-CH002-01515,2025-03-16,Брест,CH002,Санта,CUST_CH002,SKU_OLD_005,Сосиски,43,495.1
S20250305-CH002-01304,2025-03-05,Брест,CH002,Санта,CUST_CH002,SKU_008,Деликатесы,17,376.5
S20250208-CH001-00774,2025-02-08,Минск,CH001,Евроопт,CUST_CH001,SKU_003,Колбасы,41,745.8
S20250306-CH004-01338,2025-03-06,Гомель,CH004,Гиппо,CUST_CH004,SKU_004,Сосиски,36,435.85
S20250319-CH004-01588,2025-03-19,Гомель,CH004,Гиппо,CUST_CH004,SKU_007,Деликатесы,11,235.63
S20260112-CH003-02080,2026-01-12,Гродно,CH003,Корона,CUST_CH003,SKU_003,Колбасы,50,902.65
S20250216-CH002-00936,2025-02-16,Брест,CH002,Санта,CUST_CH002,SKU_012,Полуфабрикаты,39,290.3
S20260218-CH004-02866,2026-02-18,Гомель,CH004,Гиппо,CUST_CH004,SKU_012,Полуфабрикаты,58,435.66
S20250310-CH003-01397,2025-03-10,Гродно,CH003,Корона,CUST_CH003,SKU_005,Сосиски,45,500.72
S20250129-CH002-00578,2025-01-29,Брест,CH002,Санта,CUST_CH002,SKU_005,Сосиски,77,916.8
S20250304-CH001-01272,2025-03-04,Минск,CH001,Евроопт,CUST_CH001,SKU_OLD_005,Сосиски,46,523.29
S20250201-CH004-00644,2025-02-01,Гомель,CH004,Гиппо,CUST_CH004,SKU_005,Сосиски,29,339.43
S20250302-CH001-01230,2025-03-02,Минск,CH001,Евроопт,CUST_CH001,SKU_009,Деликатесы,31,819.32
S20260213-CH002-02744,2026-02-13,Брест,CH002,Санта,CUST_CH002,SKU_009,Деликатесы,32,844.47
RET20250213-002,2025-02-13,Гомель,CH004,Гиппо,CUST_CH004,SKU_008,Деликатесы,-3,-73.92
S20260127-CH004-02402,2026-01-27,Гомель,CH004,Гиппо,CUST_CH004,SKU_001,Колбасы,39,456.4
S20250307-CH001-01344,2025-03-07,Минск,CH001,Евроопт,CUST_CH001,SKU_012,Полуфабрикаты,56,397.43
S20250303-CH004-01262,2025-03-03,Гомель,CH004,Гиппо,CUST_CH004,SKU_002,Колбасы,55,815.95
S20250221-CH002-01052,2025-02-21,Брест,CH002,Санта,CUST_CH002,SKU_009,Деликатесы,15,405.36
S20250211-CH003-00841,2025-02-11,Гродно,CH003,Корона,CUST_CH003,SKU_001,Колбасы,60,719.39
S20250114-CH001-00271,2025-01-14,Минск,CH001,Евроопт,CUST_CH001,SKU_004,Сосиски,66,824.07
S20250108-CH004-00171,2025-01-08,Гомель,CH004,Гиппо,CUST_CH004,SKU_005,Сосиски,43,498.72
S20250324-CH001-01681,2025-03-24,Минск,CH001,Евроопт,CUST_CH001,SKU_004,Сосиски,34,415.9
S20260116-CH002-02164,2026-01-16,Брест,CH002,Санта,CUST_CH002,SKU_007,Деликатесы,21,476.56
S20250326-CH004-01749,2025-03-26,Гомель,CH004,Гиппо,CUST_CH004,SKU_010,Полуфабрикаты,60,479.19
S20250203-CH004-00675,2025-02-03,Гомель,CH004,Гиппо,CUST_CH004,SKU_006,Сосиски,35,486.15
S20260308-CH003-03207,2026-03-08,Гродно,CH003,Корона,CUST_CH003,SKU_003,Колбасы,32,582.68
S20260320-CH002-03465,2026-03-20,Брест,CH002,Санта,CUST_CH002,SKU_005,Сосиски,60,664.05
S20260314-CH001-03330,2026-03-14,Минск,CH001,Евроопт,CUST_CH001,SKU_007,Деликатесы,29,644.68
S20250311-CH002-01414,2025-03-11,Брест,CH002,Санта,CUST_CH002,SKU_009,Деликатесы,41,1063.69
S20250319-CH004-01584,2025-03-19,Гомель,CH004,Гиппо,CUST_CH004,SKU_001,Колбасы,45,542.99
S20260221-CH001-02916,2026-02-21,Минск,CH001,Евроопт,CUST_CH001,SKU_008,Деликатесы,26,621.39
S20250319-CH004-01590,2025-03-19,Гомель,CH004,Гиппо,CUST_CH004,SKU_012,Полуфабрикаты,62,473.39
S20260123-CH004-02339,2026-01-23,Гомель,CH004,Гиппо,CUST_CH004,SKU_012,Полуфабрикаты,71,553.11
S20260219-CH004-02889,2026-02-19,Гомель,CH004,Гиппо,CUST_CH004,SKU_012,Полуфабрикаты,68,503.65
S20250113-CH001-00254,2025-01-13,Минск,CH001,Евроопт,CUST_CH001,SKU_010,Полуфабрикаты,46,356.87
S20260211-CH001-02689,2026-02-11,Минск,CH001,Евроопт,CUST_CH001,SKU_OLD_012,Полуфабрикаты,101,697.86
S20250327-CH002-01759,2025-03-27,Брест,CH002,Санта,CUST_CH002,SKU_002,Колбасы,39,593.69
S20250311-CH002-01413,2025-03-11,Брест,CH002,Санта,CUST_CH002,SKU_008,Деликатесы,24,610.35
S20250115-CH002-00296,2025-01-15,Брест,CH002,Санта,CUST_CH002,SKU_004,Сосиски,56,715.83
S20250103-CH002-00054,2025-01-03,Брест,CH002,Санта,CUST_CH002,SKU_011,Полуфабрикаты,81,733.45
S20260116-CH004-02176,2026-01-16,Гомель,CH004,Гиппо,CUST_CH004,SKU_OLD_001,Колбасы,29,348.58
S20250110-CH001-00192,2025-01-10,Минск,CH001,Евроопт,CUST_CH001,SKU_OLD_001,Колбасы,25,294.48
S20250115-CH003-00302,2025-01-15,Гродно,CH003,Корона,CUST_CH003,SKU_007,Деликатесы,40,921.75
S20250119-CH002-00366,2025-01-19,Брест,CH002,Санта,CUST_CH002,SKU_009,Деликатесы,30,753.29
S20260305-CH002-03150,2026-03-05,Брест,CH002,Санта,CUST_CH002,SKU_010,Полуфабрикаты,56,438.81
S20260326-CH003-03598,2026-03-26,Гродно,CH003,Корона,CUST_CH003,SKU_003,Колбасы,72,1309.51
S20260319-CH002-03441,2026-03-19,Брест,CH002,Санта,CUST_CH002,SKU_006,Сосиски,63,880.63
S20250206-CH004-00745,2025-02-06,Гомель,CH004,Гиппо,CUST_CH004,SKU_003,Колбасы,33,620.25
S20260124-CH004-02347,2026-01-24,Гомель,CH004,Гиппо,CUST_CH004,SKU_004,Сосиски,76,1006.22
S20260304-CH003-03135,2026-03-04,Гродно,CH003,Корона,CUST_CH003,SKU_005,Сосиски,76,889.11
S20260309-CH002-03226,2026-03-09,Брест,CH002,Санта,CUST_CH002,SKU_008,Деликатесы,26,645.19
S20260213-CH001-02732,2026-02-13,Минск,CH001,Евроопт,CUST_CH001,SKU_006,Сосиски,78,1063.41
S20260202-CH004-02521,2026-02-02,Гомель,CH004,Гиппо,CUST_CH004,SKU_012,Полуфабрикаты,68,479.79
S20260116-CH002-02162,2026-01-16,Брест,CH002,Санта,CUST_CH002,SKU_001,Колбасы,80,923.82
S20260112-CH002-02076,2026-01-12,Брест,CH002,Санта,CUST_CH002,SKU_004,Сосиски,60,810.79
S20250119-CH004-00375,2025-01-19,Гомель,CH004,Гиппо,CUST_CH004,SKU_004,Сосиски,46,568.56
S20260301-CH003-03074,2026-03-01,Гродно,CH003,Корона,CUST_CH003,SKU_010,Полуфабрикаты,61,481.65
S20250115-CH001-00292,2025-01-15,Минск,CH001,Евроопт,CUST_CH001,SKU_004,Сосиски,63,884.09
S20260219-CH002-02876,2026-02-19,Брест,CH002,Санта,CUST_CH002,SKU_003,Колбасы,60,1033.39
S20250120-CH002-00390,2025-01-20,Брест,CH002,Санта,CUST_CH002,SKU_009,Деликатесы,26,690.69
S20260314-CH002-03335,2026-03-14,Брест,CH002,Санта,CUST_CH002,SKU_OLD_012,Полуфабрикаты,67,514.86
S20260101-CH004-01875,2026-01-01,Гомель,CH004,Гиппо,CUST_CH004,SKU_006,Сосиски,84,1115.32
S20260227-CH003-03048,2026-02-27,Гродно,CH003,Корона,CUST_CH003,SKU_OLD_001,Колбасы,62,763.22
S20260313-CH004-03326,2026-03-13,Гомель,CH004,Гиппо,CUST_CH004,SKU_008,Деликатесы,34,806.16
S20250301-CH004-01227,2025-03-01,Гомель,CH004,Гиппо,CUST_CH004,SKU_010,Полуфабрикаты,49,382.18
S20250313-CH002-01460,2025-03-13,Брест,CH002,Санта,CUST_CH002,SKU_008,Деликатесы,26,652.3
S20250110-CH004-00215,2025-01-10,Гомель,CH004,Гиппо,CUST_CH004,SKU_006,Сосиски,69,906.54
S20250220-CH001-01017,2025-02-20,Минск,CH001,Евроопт,CUST_CH001,SKU_003,Колбасы,61,1117.43
S20260215-CH004-02793,2026-02-15,Гомель,CH004,Гиппо,CUST_CH004,SKU_009,Деликатесы,49,1241.72
S20250121-CH003-00411,2025-01-21,Гродно,CH003,Корона,CUST_CH003,SKU_001,Колбасы,47,591.82
S20260209-CH004-02652,2026-02-09,Гомель,CH004,Гиппо,CUST_CH004,SKU_010,Полуфабрикаты,75,611.62
S20260206-CH001-02590,2026-02-06,Минск,CH001,Евроопт,CUST_CH001,SKU_001,Колбасы,59,708.39
S20250211-CH001-00833,2025-02-11,Минск,CH001,Евроопт,CUST_CH001,SKU_010,Полуфабрикаты,73,583.53
S20250109-CH002-00180,2025-01-09,Брест,CH002,Санта,CUST_CH002,SKU_010,Полуфабрикаты,59,458.33
S20250204-CH002-00691,2025-02-04,Брест,CH002,Санта,CUST_CH002,SKU_011,Полуфабрикаты,64,566.16
S20260314-CH003-03338,2026-03-14,Гродно,CH003,Корона,CUST_CH003,SKU_011,Полуфабрикаты,76,702.6
S20250123-CH004-00471,2025-01-23,Гомель,CH004,Гиппо,CUST_CH004,SKU_009,Деликатесы,10,267.94
S20250204-CH004-00705,2025-02-04,Гомель,CH004,Гиппо,CUST_CH004,SKU_010,Полуфабрикаты,50,396.49
S20260304-CH001-03121,2026-03-04,Минск,CH001,Евроопт,CUST_CH001,SKU_003,Колбасы,57,992.27
S20260212-CH003-02723,2026-02-12,Гродно,CH003,Корона,CUST_CH003,SKU_009,Деликатесы,42,1083.52
S20260225-CH002-03000,2026-02-25,Брест,CH002,Санта,CUST_CH002,SKU_012,Полуфабрикаты,68,489.11
S20250310-CH002-01392,2025-03-10,Брест,CH002,Санта,CUST_CH002,SKU_002,Колбасы,34,491.4
S20250222-CH002-01076,2025-02-22,Брест,CH002,Санта,CUST_CH002,SKU_001,Колбасы,52,660.29
S20260325-CH002-03572,2026-03-25,Брест,CH002,Санта,CUST_CH002,SKU_011,Полуфабрикаты,61,516.7
S20260220-CH002-02899,2026-02-20,Брест,CH002,Санта,CUST_CH002,SKU_007,Деликатесы,79,1722.3
S20250227-CH004-01189,2025-02-27,Гомель,CH004,Гиппо,CUST_CH004,SKU_009,Деликатесы,22,545.45
S20260216-CH002-02806,2026-02-16,Брест,CH002,Санта,CUST_CH002,SKU_012,Полуфабрикаты,71,565.42
S20250103-CH004-00064,2025-01-03,Гомель,CH004,Гиппо,CUST_CH004,SKU_004,Сосиски,41,522.44
S20250207-CH004-00770,2025-02-07,Гомель,CH004,Гиппо,CUST_CH004,SKU_008,Деликатесы,11,237.46
S20260216-CH003-02811,2026-02-16,Гродно,CH003,Корона,CUST_CH003,SKU_012,Полуфабрикаты,56,393.84
S20250116-CH004-00325,2025-01-16,Гомель,CH004,Гиппо,CUST_CH004,SKU_004,Сосиски,51,679.16
S20250210-CH004-00820,2025-02-10,Гомель,CH004,Гиппо,CUST_CH004,SKU_003,Колбасы,83,1438.18
S20250208-CH003-00781,2025-02-08,Гродно,CH003,Корона,CUST_CH003,SKU_008,Деликатесы,27,631.05
S20250323-CH002-01668,2025-03-23,Брест,CH002,Санта,CUST_CH002,SKU_002,Колбасы,68,972.09
S20260121-CH002-02268,2026-01-21,Брест,CH002,Санта,CUST_CH002,SKU_005,Сосиски,72,809.52
S20260303-CH004-03116,2026-03-03,Гомель,CH004,Гиппо,CUST_CH004,SKU_010,Полуфабрикаты,66,521.28
S20250207-CH001-00753,2025-02-07,Минск,CH001,Евроопт,CUST_CH001,SKU_008,Деликатесы,25,590.48
S20250222-CH001-01068,2025-02-22,Минск,CH001,Евроопт,CUST_CH001,SKU_003,Колбасы,50,881.93
S20260213-CH002-02743,2026-02-13,Брест,CH002,Санта,CUST_CH002,SKU_008,Деликатесы,5,123.13
S20250221-CH001-01042,2025-02-21,Минск,CH001,Евроопт,CUST_CH001,SKU_006,Сосиски,34,437.75
S20260309-CH004-03234,2026-03-09,Гомель,CH004,Гиппо,CUST_CH004,SKU_004,Сосиски,48,613.45
S20260325-CH001-03562,2026-03-25,Минск,CH001,Евроопт,CUST_CH001,SKU_OLD_001,Колбасы,53,635.01
S20250205-CH002-00717,2025-02-05,Брест,CH002,Санта,CUST_CH002,SKU_009,Деликатесы,40,1018.78
S20260211-CH001-02687,2026-02-11,Минск,CH001,Евроопт,CUST_CH001,SKU_008,Деликатесы,13,311.26
S20260217-CH004-02838,2026-02-17,Гомель,CH004,Гиппо,CUST_CH004,SKU_002,Колбасы,40,600.42
S20250128-CH001-00551,2025-01-28,Минск,CH001,Евроопт,CUST_CH001,SKU_006,Сосиски,68,855.5
S20260119-CH003-02225,2026-01-19,Гродно,CH003,Корона,CUST_CH003,SKU_OLD_001,Колбасы,68,858.75
S20250207-CH001-00750,2025-02-07,Минск,CH001,Евроопт,CUST_CH001,SKU_003,Колбасы,69,1267.76
S20250312-CH001-01429,2025-03-12,Минск,CH001,Евроопт,CUST_CH001,SKU_007,Деликатесы,15,327.34
S20260130-CH003-02458,2026-01-30,Гродно,CH003,Корона,CUST_CH003,SKU_001,Колбасы,41,495.64
S20260312-CH003-03298,2026-03-12,Гродно,CH003,Корона,CUST_CH003,SKU_OLD_005,Сосиски,32,385.11
S20260127-CH003-02399,2026-01-27,Гродно,CH003,Корона,CUST_CH003,SKU_006,Сосиски,68,887.05
S20260222-CH001-02934,2026-02-22,Минск,CH001,Евроопт,CUST_CH001,SKU_003,Колбасы,50,878.02
S20260121-CH003-02273,2026-01-21,Гродно,CH003,Корона,CUST_CH003,SKU_002,Колбасы,67,1025.55
S20260316-CH001-03360,2026-03-16,Минск,CH001,Евроопт,CUST_CH001,SKU_002,Колбасы,88,1359.72
S20260304-CH003-03137,2026-03-04,Гродно,CH003,Корона,CUST_CH003,SKU_008,Деликатесы,29,669.64
S20260207-CH002-02615,2026-02-07,Брест,CH002,Санта,CUST_CH002,SKU_003,Колбасы,70,1302.24
S20250211-CH003-00843,2025-02-11,Гродно,CH003,Корона,CUST_CH003,SKU_004,Сосиски,38,514.53
S20260129-CH004-02441,2026-01-29,Гомель,CH004,Гиппо,CUST_CH004,SKU_002,Колбасы,76,1194.82
S20250101-CH004-00021,2025-01-01,Гомель,CH004,Гиппо,CUST_CH004,SKU_010,Полуфабрикаты,65,523.12
S20260209-CH003-02645,2026-02-09,Гродно,CH003,Корона,CUST_CH003,SKU_OLD_009,Деликатесы,21,563.4
S20250213-CH002-00880,2025-02-13,Брест,CH002,Санта,CUST_CH002,SKU_008,Деликатесы,50,1255.23
S20260113-CH002-02100,2026-01-13,Брест,CH002,Санта,CUST_CH002,SKU_007,Деликатесы,5,112.2
S20260317-CH002-03391,2026-03-17,Брест,CH002,Санта,CUST_CH002,SKU_012,Полуфабрикаты,79,592.68
S20250212-CH004-00864,2025-02-12,Гомель,CH004,Гиппо,CUST_CH004,SKU_OLD_005,Сосиски,47,555.79
S20260116-CH002-02165,2026-01-16,Брест,CH002,Санта,CUST_CH002,SKU_008,Деликатесы,57,1348.76
S20250225-CH003-01142,2025-02-25,Гродно,CH003,Корона,CUST_CH003,SKU_011,Полуфабрикаты,71,617.06
S20260102-CH004-01893,2026-01-02,Гомель,CH004,Гиппо,CUST_CH004,SKU_OLD_005,Сосиски,68,766.93
S20250118-CH003-00355,2025-01-18,Гродно,CH003,Корона,CUST_CH003,SKU_009,Деликатесы,5,137.72
S20250217-CH001-00952,2025-02-17,Минск,CH001,Евроопт,CUST_CH001,SKU_006,Сосиски,71,1006.86
S20260320-CH001-03455,2026-03-20,Минск,CH001,Евроопт,CUST_CH001,SKU_002,Колбасы,47,683.03
S20260120-CH003-02249,2026-01-20,Гродно,CH003,Корона,CUST_CH003,SKU_OLD_001,Колбасы,48,597.71
S20260319-CH003-03448,2026-03-19,Гродно,CH003,Корона,CUST_CH003,SKU_011,Полуфабрикаты,50,441.51
S20260325-CH003-03575,2026-03-25,Гродно,CH003,Корона,CUST_CH003,SKU_003,Колбасы,82,1437.89
S20260204-CH004-02556,2026-02-04,Гомель,CH004,Гиппо,CUST_CH004,SKU_003,Колбасы,53,1038.79
S20260130-CH003-02462,2026-01-30,Гродно,CH003,Корона,CUST_CH003,SKU_011,Полуфабрикаты,70,661.18
S20260115-CH004-02155,2026-01-15,Гомель,CH004,Гиппо,CUST_CH004,SKU_011,Полуфабрикаты,58,513.51
S20250222-CH001-01074,2025-02-22,Минск,CH001,Евроопт,CUST_CH001,SKU_011,Полуфабрикаты,32,279.65
S20250103-CH003-00059,2025-01-03,Гродно,CH003,Корона,CUST_CH003,SKU_008,Деликатесы,27,621.49
S20260128-CH004-02423,2026-01-28,Гомель,CH004,Гиппо,CUST_CH004,SKU_008,Деликатесы,49,1197.85
S20250318-CH001-01548,2025-03-18,Минск,CH001,Евроопт,CUST_CH001,SKU_008,Деликатесы,13,325.97
S20250309-CH001-01375,2025-03-09,Минск,CH001,Евроопт,CUST_CH001,SKU_008,Деликатесы,30,714.85
S20250307-CH003-01353,2025-03-07,Гродно,CH003,Корона,CUST_CH003,SKU_011,Полуфабрикаты,53,494.45
S20250319-CH001-01565,2025-03-19,Минск,CH001,Евроопт,CUST_CH001,SKU_003,Колбасы,51,904.78
S20260316-CH002-03367,2026-03-16,Брест,CH002,Санта,CUST_CH002,SKU_010,Полуфабрикаты,63,492.0
S20250315-CH004-01512,2025-03-15,Гомель,CH004,Гиппо,CUST_CH004,SKU_012,Полуфабрикаты,45,351.13
S20260109-CH004-02038,2026-01-09,Гомель,CH004,Гиппо,CUST_CH004,SKU_009,Деликатесы,23,600.37
S20250306-CH001-01322,2025-03-06,Минск,CH001,Евроопт,CUST_CH001,SKU_008,Деликатесы,14,328.33
S20260215-CH003-02786,2026-02-15,Гродно,CH003,Корона,CUST_CH003,SKU_OLD_005,Сосиски,60,677.13
S20250310-CH001-01391,2025-03-10,Минск,CH001,Евроопт,CUST_CH001,SKU_011,Полуфабрикаты,61,536.51
S20250325-CH001-01707,2025-03-25,Минск,CH001,Евроопт,CUST_CH001,SKU_010,Полуфабрикаты,75,582.53
S20260202-CH001-02499,2026-02-02,Минск,CH001,Евроопт,CUST_CH001,SKU_011,Полуфабрикаты,71,708.62
S20250222-CH001-01069,2025-02-22,Минск,CH001,Евроопт,CUST_CH001,SKU_004,Сосиски,56,767.47
S20250108-CH001-00148,2025-01-08,Минск,CH001,Евроопт,CUST_CH001,SKU_001,Колбасы,59,690.83
S20260118-CH004-02209,2026-01-18,Гомель,CH004,Гиппо,CUST_CH004,SKU_005,Сосиски,64,685.78
S20260226-CH002-03021,2026-02-26,Брест,CH002,Санта,CUST_CH002,SKU_002,Колбасы,76,1188.62
S20260116-CH003-02174,2026-01-16,Гродно,CH003,Корона,CUST_CH003,SKU_011,Полуфабрикаты,60,510.1
S20250303-CH002-01252,2025-03-03,Брест,CH002,Санта,CUST_CH002,SKU_007,Деликатесы,21,452.1
S20260215-CH002-02783,2026-02-15,Брест,CH002,Санта,CUST_CH002,SKU_OLD_012,Полуфабрикаты,61,468.55
S20260202-CH001-02498,2026-02-02,Минск,CH001,Евроопт,CUST_CH001,SKU_010,Полуфабрикаты,50,399.31
S20250123-CH001-00453,2025-01-23,Минск,CH001,Евроопт,CUST_CH001,SKU_003,Колбасы,57,1027.67
S20260320-CH001-03456,2026-03-20,Минск,CH001,Евроопт,CUST_CH001,SKU_003,Колбасы,28,527.63
S20250329-CH001-01807,2025-03-29,Минск,CH001,Евроопт,CUST_CH001,SKU_008,Деликатесы,23,559.65
S20260322-CH002-03503,2026-03-22,Брест,CH002,Санта,CUST_CH002,SKU_008,Деликатесы,41,1010.76
S20250110-CH001-00193,2025-01-10,Минск,CH001,Евроопт,CUST_CH001,SKU_002,Колбасы,44,663.47
S20250221-CH001-01039,2025-02-21,Минск,CH001,Евроопт,CUST_CH001,SKU_OLD_001,Колбасы,63,787.85
S20260315-CH001-03341,2026-03-15,Минск,CH001,Евроопт,CUST_CH001,SKU_003,Колбасы,56,1017.46
S20260122-CH004-02313,2026-01-22,Гомель,CH004,Гиппо,CUST_CH004,SKU_006,Сосиски,66,964.8
S20260225-CH002-02996,2026-02-25,Брест,CH002,Санта,CUST_CH002,SKU_OLD_005,Сосиски,69,802.01
S20260318-CH003-03419,2026-03-18,Гродно,CH003,Корона,CUST_CH003,SKU_002,Колбасы,75,1055.29
S20260325-CH001-03564,2026-03-25,Минск,CH001,Евроопт,CUST_CH001,SKU_007,Деликатесы,31,696.92
S20250131-CH003-00627,2025-01-31,Гродно,CH003,Корона,CUST_CH003,SKU_008,Деликатесы,5,121.57
S20260108-CH002-02001,2026-01-08,Брест,CH002,Санта,CUST_CH002,SKU_004,Сосиски,47,610.33
S20260204-CH001-02540,2026-02-04,Минск,CH001,Евроопт,CUST_CH001,SKU_006,Сосиски,66,971.8
S20260226-CH004-03031,2026-02-26,Гомель,CH004,Гиппо,CUST_CH004,SKU_002,Колбасы,61,938.14
S20260121-CH002-02269,2026-01-21,Брест,CH002,Санта,CUST_CH002,SKU_009,Деликатесы,34,874.61
S20250218-CH002-00975,2025-02-18,Брест,CH002,Санта,CUST_CH002,SKU_004,Сосиски,70,908.36
S20260330-CH003-03675,2026-03-30,Гродно,CH003,Корона,CUST_CH003,SKU_006,Сосиски,47,690.69
S20260323-CH001-03512,2026-03-23,Минск,CH001,Евроопт,CUST_CH001,SKU_002,Колбасы,52,780.89
S20250108-CH001-00151,2025-01-08,Минск,CH001,Евроопт,CUST_CH001,SKU_008,Деликатесы,16,376.47
S20260322-CH003-03508,2026-03-22,Гродно,CH003,Корона,CUST_CH003,SKU_OLD_009,Деликатесы,25,659.21
S20250314-CH004-01497,2025-03-14,Гомель,CH004,Гиппо,CUST_CH004,SKU_011,Полуфабрикаты,51,455.59
S20260325-CH004-03582,2026-03-25,Гомель,CH004,Гиппо,CUST_CH004,SKU_008,Деликатесы,39,892.12
S20260110-CH004-02056,2026-01-10,Гомель,CH004,Гиппо,CUST_CH004,SKU_010,Полуфабрикаты,79,614.8
S20260220-CH003-02905,2026-02-20,Гродно,CH003,Корона,CUST_CH003,SKU_009,Деликатесы,72,1856.89
S20260225-CH002-02999,2026-02-25,Брест,CH002,Санта,CUST_CH002,SKU_011,Полуфабрикаты,79,680.7
S20250124-CH002-00485,2025-01-24,Брест,CH002,Санта,CUST_CH002,SKU_011,Полуфабрикаты,54,461.66
S20260323-CH001-03515,2026-03-23,Минск,CH001,Евроопт,CUST_CH001,SKU_008,Деликатесы,12,291.25
S20260327-CH004-03629,2026-03-27,Гомель,CH004,Гиппо,CUST_CH004,SKU_003,Колбасы,59,1086.12
S20250304-CH002-01276,2025-03-04,Брест,CH002,Санта,CUST_CH002,SKU_003,Колбасы,29,487.65
S20250202-CH002-00650,2025-02-02,Брест,CH002,Санта,CUST_CH002,SKU_005,Сосиски,58,674.51
S20250318-CH004-01560,2025-03-18,Гомель,CH004,Гиппо,CUST_CH004,SKU_007,Деликатесы,38,884.44
S20250321-CH002-01623,2025-03-21,Брест,CH002,Санта,CUST_CH002,SKU_005,Сосиски,47,555.1
S20260219-CH003-02884,2026-02-19,Гродно,CH003,Корона,CUST_CH003,SKU_012,Полуфабрикаты,70,523.53
S20260315-CH002-03347,2026-03-15,Брест,CH002,Санта,CUST_CH002,SKU_008,Деликатесы,26,634.19
S20260123-CH001-02320,2026-01-23,Минск,CH001,Евроопт,CUST_CH001,SKU_007,Деликатесы,5,99.1
S20260308-CH002-03203,2026-03-08,Брест,CH002,Санта,CUST_CH002,SKU_005,Сосиски,69,830.63
S20250314-CH004-01492,2025-03-14,Гомель,CH004,Гиппо,CUST_CH004,SKU_004,Сосиски,59,774.75
S20260104-CH002-01912,2026-01-04,Брест,CH002,Санта,CUST_CH002,SKU_009,Деликатесы,30,784.98
S20260106-CH004-01967,2026-01-06,Гомель,CH004,Гиппо,CUST_CH004,SKU_011,Полуфабрикаты,75,692.98
S20250216-CH004-00946,2025-02-16,Гомель,CH004,Гиппо,CUST_CH004,SKU_009,Деликатесы,35,910.2
S20260315-CH004-03356,2026-03-15,Гомель,CH004,Гиппо,CUST_CH004,SKU_002,Колбасы,78,1228.51
S20250104-CH001-00073,2025-01-04,Минск,CH001,Евроопт,CUST_CH001,SKU_010,Полуфабрикаты,58,476.7
S20260214-CH003-02767,2026-02-14,Гродно,CH003,Корона,CUST_CH003,SKU_001,Колбасы,81,979.16
S20260205-CH004-02586,2026-02-05,Гомель,CH004,Гиппо,CUST_CH004,SKU_006,Сосиски,66,882.81
S20250327-CH003-01770,2025-03-27,Гродно,CH003,Корона,CUST_CH003,SKU_006,Сосиски,49,682.15
S20260320-CH002-03462,2026-03-20,Брест,CH002,Санта,CUST_CH002,SKU_002,Колбасы,68,994.4
S20250207-CH003-00763,2025-02-07,Гродно,CH003,Корона,CUST_CH003,SKU_005,Сосиски,49,584.97
S20250105-CH002-00090,2025-01-05,Брест,CH002,Санта,CUST_CH002,SKU_004,Сосиски,51,726.12
S20260310-CH002-03245,2026-03-10,Брест,CH002,Санта,CUST_CH002,SKU_OLD_009,Деликатесы,36,979.28
S20250310-CH003-01396,2025-03-10,Гродно,CH003,Корона,CUST_CH003,SKU_004,Сосиски,57,726.54
S20250101-CH004-00018,2025-01-01,Гомель,CH004,Гиппо,CUST_CH004,SKU_006,Сосиски,66,884.52
S20260319-CH004-03453,2026-03-19,Гомель,CH004,Гиппо,CUST_CH004,SKU_012,Полуфабрикаты,54,409.08
S20250210-CH001-00805,2025-02-10,Минск,CH001,Евроопт,CUST_CH001,SKU_012,Полуфабрикаты,59,438.59
S20260326-CH004-03607,2026-03-26,Гомель,CH004,Гиппо,CUST_CH004,SKU_005,Сосиски,40,453.45
S20260322-CH001-03496,2026-03-22,Минск,CH001,Евроопт,CUST_CH001,SKU_004,Сосиски,70,940.65
S20260116-CH003-02172,2026-01-16,Гродно,CH003,Корона,CUST_CH003,SKU_009,Деликатесы,61,1642.9
S20250225-CH001-01128,2025-02-25,Минск,CH001,Евроопт,CUST_CH001,SKU_011,Полуфабрикаты,37,337.24
S20260119-CH002-02223,2026-01-19,Брест,CH002,Санта,CUST_CH002,SKU_010,Полуфабрикаты,30,233.6
S20250211-CH002-00839,2025-02-11,Брест,CH002,Санта,CUST_CH002,SKU_006,Сосиски,72,1061.67
S20250221-CH003-01058,2025-02-21,Гродно,CH003,Корона,CUST_CH003,SKU_008,Деликатесы,38,895.62
S20250212-CH004-00865,2025-02-12,Гомель,CH004,Гиппо,CUST_CH004,SKU_006,Сосиски,60,894.04
S20260108-CH004-02015,2026-01-08,Гомель,CH004,Гиппо,CUST_CH004,SKU_007,Деликатесы,56,1266.59
S20260113-CH001-02096,2026-01-13,Минск,CH001,Евроопт,CUST_CH001,SKU_010,Полуфабрикаты,67,540.94
S20250115-CH003-00299,2025-01-15,Гродно,CH003,Корона,CUST_CH003,SKU_001,Колбасы,51,591.03
S20260226-CH002-03023,2026-02-26,Брест,CH002,Санта,CUST_CH002,SKU_OLD_009,Деликатесы,32,819.87
S20260110-CH001-02040,2026-01-10,Минск,CH001,Евроопт,CUST_CH001,SKU_003,Колбасы,54,961.6
S20250331-CH001-01832,2025-03-31,Минск,CH001,Евроопт,CUST_CH001,SKU_008,Деликатесы,30,727.87
S20250221-CH004-01062,2025-02-21,Гомель,CH004,Гиппо,CUST_CH004,SKU_004,Сосиски,54,695.54
S20250220-CH003-01030,2025-02-20,Гродно,CH003,Корона,CUST_CH003,SKU_010,Полуфабрикаты,58,467.14
S20260213-CH001-02737,2026-02-13,Минск,CH001,Евроопт,CUST_CH001,SKU_011,Полуфабрикаты,54,477.49
S20250303-CH004-01264,2025-03-03,Гомель,CH004,Гиппо,CUST_CH004,SKU_006,Сосиски,55,786.35
S20250120-CH004-00399,2025-01-20,Гомель,CH004,Гиппо,CUST_CH004,SKU_003,Колбасы,54,995.18
S20260207-CH001-02614,2026-02-07,Минск,CH001,Евроопт,CUST_CH001,SKU_012,Полуфабрикаты,53,403.29
S20260328-CH004-03642,2026-03-28,Гомель,CH004,Гиппо,CUST_CH004,SKU_004,Сосиски,91,1181.38
S20250327-CH003-01768,2025-03-27,Гродно,CH003,Корона,CUST_CH003,SKU_004,Сосиски,77,1056.86
S20250323-CH001-01662,2025-03-23,Минск,CH001,Евроопт,CUST_CH001,SKU_003,Колбасы,30,544.88
S20260114-CH001-02117,2026-01-14,Минск,CH001,Евроопт,CUST_CH001,SKU_010,Полуфабрикаты,51,415.2
S20260114-CH001-02113,2026-01-14,Минск,CH001,Евроопт,CUST_CH001,SKU_OLD_001,Колбасы,39,476.52
S20250120-CH003-00396,2025-01-20,Гродно,CH003,Корона,CUST_CH003,SKU_012,Полуфабрикаты,61,460.83
S20250105-CH003-00095,2025-01-05,Гродно,CH003,Корона,CUST_CH003,SKU_005,Сосиски,43,468.28
S20250305-CH004-01314,2025-03-05,Гомель,CH004,Гиппо,CUST_CH004,SKU_005,Сосиски,68,801.1
S20260130-CH003-02459,2026-01-30,Гродно,CH003,Корона,CUST_CH003,SKU_002,Колбасы,77,1139.82
S20260304-CH004-03142,2026-03-04,Гомель,CH004,Гиппо,CUST_CH004,SKU_011,Полуфабрикаты,75,699.07
S20250306-CH002-01327,2025-03-06,Брест,CH002,Санта,CUST_CH002,SKU_006,Сосиски,57,826.78
S20250312-CH003-01442,2025-03-12,Гродно,CH003,Корона,CUST_CH003,SKU_003,Колбасы,42,768.11
S20260223-CH002-02956,2026-02-23,Брест,CH002,Санта,CUST_CH002,SKU_010,Полуфабрикаты,69,550.32
S20260311-CH003-03272,2026-03-11,Гродно,CH003,Корона,CUST_CH003,SKU_008,Деликатесы,5,119.25
S20250311-CH003-01417,2025-03-11,Гродно,CH003,Корона,CUST_CH003,SKU_003,Колбасы,69,1230.09
S20260202-CH003-02513,2026-02-02,Гродно,CH003,Корона,CUST_CH003,SKU_008,Деликатесы,66,1515.56
S20260316-CH004-03377,2026-03-16,Гомель,CH004,Гиппо,CUST_CH004,SKU_008,Деликатесы,26,631.99
S20260103-CH002-01898,2026-01-03,Брест,CH002,Санта,CUST_CH002,SKU_OLD_005,Сосиски,61,693.51
S20250220-CH001-01021,2025-02-20,Минск,CH001,Евроопт,CUST_CH001,SKU_012,Полуфабрикаты,45,332.67
S20260130-CH001-02448,2026-01-30,Минск,CH001,Евроопт,CUST_CH001,SKU_003,Колбасы,44,791.73
S20250203-CH001-00662,2025-02-03,Минск,CH001,Евроопт,CUST_CH001,SKU_007,Деликатесы,27,604.11
S20260218-CH003-02857,2026-02-18,Гродно,CH003,Корона,CUST_CH003,SKU_006,Сосиски,73,1036.24
S20260123-CH003-02334,2026-01-23,Гродно,CH003,Корона,CUST_CH003,SKU_010,Полуфабрикаты,51,431.78
S20260130-CH004-02465,2026-01-30,Гомель,CH004,Гиппо,CUST_CH004,SKU_003,Колбасы,40,716.39
S20260220-CH002-02894,2026-02-20,Брест,CH002,Санта,CUST_CH002,SKU_OLD_001,Колбасы,59,756.13
S20250116-CH003-00318,2025-01-16,Гродно,CH003,Корона,CUST_CH003,SKU_OLD_001,Колбасы,40,452.2
S20260106-CH004-01962,2026-01-06,Гомель,CH004,Гиппо,CUST_CH004,SKU_003,Колбасы,56,951.14
S20260125-CH004-02359,2026-01-25,Гомель,CH004,Гиппо,CUST_CH004,SKU_003,Колбасы,98,1837.12
S20250216-CH004-00948,2025-02-16,Гомель,CH004,Гиппо,CUST_CH004,SKU_011,Полуфабрикаты,53,470.82
S20260212-CH004-02728,2026-02-12,Гомель,CH004,Гиппо,CUST_CH004,SKU_012,Полуфабрикаты,76,597.92
S20250207-CH004-00771,2025-02-07,Гомель,CH004,Гиппо,CUST_CH004,SKU_010,Полуфабрикаты,54,458.8
S20250307-CH004-01354,2025-03-07,Гомель,CH004,Гиппо,CUST_CH004,SKU_006,Сосиски,52,728.61
S20260206-CH004-02607,2026-02-06,Гомель,CH004,Гиппо,CUST_CH004,SKU_007,Деликатесы,28,624.61
S20250328-CH004-01803,2025-03-28,Гомель,CH004,Гиппо,CUST_CH004,SKU_010,Полуфабрикаты,59,458.93
S20250127-CH003-00545,2025-01-27,Гродно,CH003,Корона,CUST_CH003,SKU_011,Полуфабрикаты,51,455.85
S20250307-CH004-01356,2025-03-07,Гомель,CH004,Гиппо,CUST_CH004,SKU_008,Деликатесы,14,354.02
S20260223-CH002-02955,2026-02-23,Брест,CH002,Санта,CUST_CH002,SKU_009,Деликатесы,57,1435.25
S20260308-CH003-03211,2026-03-08,Гродно,CH003,Корона,CUST_CH003,SKU_OLD_012,Полуфабрикаты,43,313.22
S20260209-CH001-02636,2026-02-09,Минск,CH001,Евроопт,CUST_CH001,SKU_007,Деликатесы,51,1223.63
S20250201-CH001-00636,2025-02-01,Минск,CH001,Евроопт,CUST_CH001,SKU_010,Полуфабрикаты,70,571.94
S20250227-CH003-01182,2025-02-27,Гродно,CH003,Корона,CUST_CH003,SKU_002,Колбасы,33,514.28
S20260108-CH004-02016,2026-01-08,Гомель,CH004,Гиппо,CUST_CH004,SKU_009,Деликатесы,44,1087.29
S20260210-CH001-02656,2026-02-10,Минск,CH001,Евроопт,CUST_CH001,SKU_002,Колбасы,57,891.92
S20250106-CH002-00109,2025-01-06,Брест,CH002,Санта,CUST_CH002,SKU_003,Колбасы,44,785.44
S20260128-CH002-02412,2026-01-28,Брест,CH002,Санта,CUST_CH002,SKU_OLD_001,Колбасы,48,575.72
S20250328-CH002-01789,2025-03-28,Брест,CH002,Санта,CUST_CH002,SKU_006,Сосиски,39,533.8
S20260202-CH003-02514,2026-02-02,Гродно,CH003,Корона,CUST_CH003,SKU_010,Полуфабрикаты,44,346.58
S20260114-CH003-02125,2026-01-14,Гродно,CH003,Корона,CUST_CH003,SKU_003,Колбасы,68,1221.54
S20260224-CH001-02973,2026-02-24,Минск,CH001,Евроопт,CUST_CH001,SKU_OLD_005,Сосиски,68,804.82
S20260128-CH004-02421,2026-01-28,Гомель,CH004,Гиппо,CUST_CH004,SKU_006,Сосиски,48,673.78
S20260309-CH001-03219,2026-03-09,Минск,CH001,Евроопт,CUST_CH001,SKU_003,Колбасы,40,712.91
S20250107-CH003-00140,2025-01-07,Гродно,CH003,Корона,CUST_CH003,SKU_009,Деликатесы,28,718.18
S20250205-CH002-00713,2025-02-05,Брест,CH002,Санта,CUST_CH002,SKU_003,Колбасы,40,670.45
S20260114-CH002-02119,2026-01-14,Брест,CH002,Санта,CUST_CH002,SKU_003,Колбасы,84,1493.62
S20250114-CH004-00288,2025-01-14,Гомель,CH004,Гиппо,CUST_CH004,SKU_009,Деликатесы,39,935.53
S20250317-CH001-01528,2025-03-17,Минск,CH001,Евроопт,CUST_CH001,SKU_005,Сосиски,72,803.17
S20250210-CH004-00824,2025-02-10,Гомель,CH004,Гиппо,CUST_CH004,SKU_008,Деликатесы,25,620.7
S20260107-CH004-01990,2026-01-07,Гомель,CH004,Гиппо,CUST_CH004,SKU_006,Сосиски,69,930.51
S20260323-CH002-03523,2026-03-23,Брест,CH002,Санта,CUST_CH002,SKU_010,Полуфабрикаты,73,572.65
S20260118-CH004-02210,2026-01-18,Гомель,CH004,Гиппо,CUST_CH004,SKU_007,Деликатесы,25,507.3
S20260312-CH004-03304,2026-03-12,Гомель,CH004,Гиппо,CUST_CH004,SKU_008,Деликатесы,17,410.68
S20250322-CH003-01658,2025-03-22,Гродно,CH003,Корона,CUST_CH003,SKU_010,Полуфабрикаты,45,365.25
S20260225-CH004-03012,2026-02-25,Гомель,CH004,Гиппо,CUST_CH004,SKU_007,Деликатесы,69,1503.38
S20260311-CH001-03261,2026-03-11,Минск,CH001,Евроопт,CUST_CH001,SKU_OLD_012,Полуфабрикаты,56,418.9
S20250301-CH004-01225,2025-03-01,Гомель,CH004,Гиппо,CUST_CH004,SKU_005,Сосиски,40,448.88
S20250311-CH003-01419,2025-03-11,Гродно,CH003,Корона,CUST_CH003,SKU_007,Деликатесы,49,1139.35
S20260304-CH003-03139,2026-03-04,Гродно,CH003,Корона,CUST_CH003,SKU_012,Полуфабрикаты,75,558.89
S20260112-CH002-02074,2026-01-12,Брест,CH002,Санта,CUST_CH002,SKU_OLD_001,Колбасы,67,801.33
S20250126-CH004-00526,2025-01-26,Гомель,CH004,Гиппо,CUST_CH004,SKU_006,Сосиски,46,652.92
S20260326-CH001-03588,2026-03-26,Минск,CH001,Евроопт,CUST_CH001,SKU_006,Сосиски,82,1162.45
S20250125-CH004-00507,2025-01-25,Гомель,CH004,Гиппо,CUST_CH004,SKU_008,Деликатесы,57,1335.0
S20250317-CH003-01538,2025-03-17,Гродно,CH003,Корона,CUST_CH003,SKU_009,Деликатесы,15,414.82
S20250301-CH004-01224,2025-03-01,Гомель,CH004,Гиппо,CUST_CH004,SKU_002,Колбасы,54,803.35
S20250120-CH004-00397,2025-01-20,Гомель,CH004,Гиппо,CUST_CH004,SKU_001,Колбасы,58,664.9
S20250126-CH002-00516,2025-01-26,Брест,CH002,Санта,CUST_CH002,SKU_007,Деликатесы,24,497.16
S20260217-CH001-02821,2026-02-17,Минск,CH001,Евроопт,CUST_CH001,SKU_005,Сосиски,73,823.06
S20250213-CH004-00892,2025-02-13,Гомель,CH004,Гиппо,CUST_CH004,SKU_008,Деликатесы,6,147.83
S20260316-CH003-03372,2026-03-16,Гродно,CH003,Корона,CUST_CH003,SKU_008,Деликатесы,6,136.48
S20250303-CH004-01265,2025-03-03,Гомель,CH004,Гиппо,CUST_CH004,SKU_007,Деликатесы,51,1077.59
S20250321-CH003-01633,2025-03-21,Гродно,CH003,Корона,CUST_CH003,SKU_006,Сосиски,58,867.17
S20250213-CH002-00878,2025-02-13,Брест,CH002,Санта,CUST_CH002,SKU_005,Сосиски,62,747.28
S20260113-CH001-02093,2026-01-13,Минск,CH001,Евроопт,CUST_CH001,SKU_OLD_005,Сосиски,53,617.17
S20250101-CH004-00014,2025-01-01,Гомель,CH004,Гиппо,CUST_CH004,SKU_002,Колбасы,38,577.5
S20260329-CH001-03649,2026-03-29,Минск,CH001,Евроопт,CUST_CH001,SKU_005,Сосиски,48,531.54
S20260301-CH004-03077,2026-03-01,Гомель,CH004,Гиппо,CUST_CH004,SKU_002,Колбасы,49,712.6
S20260206-CH004-02608,2026-02-06,Гомель,CH004,Гиппо,CUST_CH004,SKU_010,Полуфабрикаты,67,545.46
S20260215-CH002-02780,2026-02-15,Брест,CH002,Санта,CUST_CH002,SKU_008,Деликатесы,30,739.53
S20250119-CH004-00377,2025-01-19,Гомель,CH004,Гиппо,CUST_CH004,SKU_006,Сосиски,41,595.17
S20260303-CH002-03102,2026-03-03,Брест,CH002,Санта,CUST_CH002,SKU_003,Колбасы,97,1860.12
S20260327-CH002-03621,2026-03-27,Брест,CH002,Санта,CUST_CH002,SKU_010,Полуфабрикаты,71,559.18
S20250212-CH003-00858,2025-02-12,Гродно,CH003,Корона,CUST_CH003,SKU_002,Колбасы,47,702.77
S20250125-CH003-00504,2025-01-25,Гродно,CH003,Корона,CUST_CH003,SKU_011,Полуфабрикаты,67,616.41
S20250222-CH004-01082,2025-02-22,Гомель,CH004,Гиппо,CUST_CH004,SKU_005,Сосиски,61,729.49
S20250103-CH001-00047,2025-01-03,Минск,CH001,Евроопт,CUST_CH001,SKU_007,Деликатесы,18,391.46
S20250328-CH004-01802,2025-03-28,Гомель,CH004,Гиппо,CUST_CH004,SKU_008,Деликатесы,51,1224.03
S20250113-CH004-00267,2025-01-13,Гомель,CH004,Гиппо,CUST_CH004,SKU_OLD_005,Сосиски,54,594.68
S20260113-CH001-02095,2026-01-13,Минск,CH001,Евроопт,CUST_CH001,SKU_007,Деликатесы,24,526.83
S20260313-CH001-03307,2026-03-13,Минск,CH001,Евроопт,CUST_CH001,SKU_003,Колбасы,41,794.74
S20250321-CH002-01622,2025-03-21,Брест,CH002,Санта,CUST_CH002,SKU_004,Сосиски,28,377.49
S20250220-CH002-01023,2025-02-20,Брест,CH002,Санта,CUST_CH002,SKU_005,Сосиски,43,513.9
S20250112-CH001-00233,2025-01-12,Минск,CH001,Евроопт,CUST_CH001,SKU_005,Сосиски,53,604.79
S20260226-CH003-03027,2026-02-26,Гродно,CH003,Корона,CUST_CH003,SKU_004,Сосиски,54,722.99
S20260308-CH003-03206,2026-03-08,Гродно,CH003,Корона,CUST_CH003,SKU_002,Колбасы,68,1016.49
S20260313-CH002-03314,2026-03-13,Брест,CH002,Санта,CUST_CH002,SKU_003,Колбасы,67,1267.43
S20260323-CH002-03521,2026-03-23,Брест,CH002,Санта,CUST_CH002,SKU_008,Деликатесы,42,993.4
S20260102-CH001-01877,2026-01-02,Минск,CH001,Евроопт,CUST_CH001,SKU_007,Деликатесы,50,1082.74
S20250227-CH004-01190,2025-02-27,Гомель,CH004,Гиппо,CUST_CH004,SKU_011,Полуфабрикаты,49,445.02
S20260225-CH001-02993,2026-02-25,Минск,CH001,Евроопт,CUST_CH001,SKU_011,Полуфабрикаты,86,758.58
S20260116-CH002-02163,2026-01-16,Брест,CH002,Санта,CUST_CH002,SKU_003,Колбасы,49,913.99
S20260328-CH003-03638,2026-03-28,Гродно,CH003,Корона,CUST_CH003,SKU_009,Деликатесы,53,1344.05
S20250108-CH004-00174,2025-01-08,Гомель,CH004,Гиппо,CUST_CH004,SKU_011,Полуфабрикаты,34,290.93
S20250226-CH004-01166,2025-02-26,Гомель,CH004,Гиппо,CUST_CH004,SKU_006,Сосиски,50,698.25
S20250110-CH002-00205,2025-01-10,Брест,CH002,Санта,CUST_CH002,SKU_007,Деликатесы,29,649.49
S20260201-CH003-02491,2026-02-01,Гродно,CH003,Корона,CUST_CH003,SKU_008,Деликатесы,12,296.94
S20260119-CH004-02238,2026-01-19,Гомель,CH004,Гиппо,CUST_CH004,SKU_012,Полуфабрикаты,73,557.35
S20250227-CH002-01178,2025-02-27,Брест,CH002,Санта,CUST_CH002,SKU_007,Деликатесы,44,976.85
S20250226-CH003-01163,2025-02-26,Гродно,CH003,Корона,CUST_CH003,SKU_011,Полуфабрикаты,54,497.38
S20250131-CH004-00631,2025-01-31,Гомель,CH004,Гиппо,CUST_CH004,SKU_006,Сосиски,62,870.31
S20250204-CH001-00682,2025-02-04,Минск,CH001,Евроопт,CUST_CH001,SKU_007,Деликатесы,29,616.27
S20260328-CH003-03639,2026-03-28,Гродно,CH003,Корона,CUST_CH003,SKU_OLD_012,Полуфабрикаты,44,329.22
S20260211-CH001-02685,2026-02-11,Минск,CH001,Евроопт,CUST_CH001,SKU_004,Сосиски,53,727.32
S20250309-CH002-01378,2025-03-09,Брест,CH002,Санта,CUST_CH002,SKU_003,Колбасы,48,850.34
S20260119-CH004-02237,2026-01-19,Гомель,CH004,Гиппо,CUST_CH004,SKU_011,Полуфабрикаты,81,742.89
S20250314-CH002-01484,2025-03-14,Брест,CH002,Санта,CUST_CH002,SKU_011,Полуфабрикаты,54,476.3
S20250131-CH002-00622,2025-01-31,Брест,CH002,Санта,CUST_CH002,SKU_010,Полуфабрикаты,46,354.93
S20250311-CH004-01423,2025-03-11,Гомель,CH004,Гиппо,CUST_CH004,SKU_006,Сосиски,53,713.5
S20260306-CH003-03170,2026-03-06,Гродно,CH003,Корона,CUST_CH003,SKU_006,Сосиски,62,866.63
S20250317-CH001-01527,2025-03-17,Минск,CH001,Евроопт,CUST_CH001,SKU_004,Сосиски,46,581.6
S20250304-CH004-01293,2025-03-04,Гомель,CH004,Гиппо,CUST_CH004,SKU_008,Деликатесы,39,915.5
S20250224-CH002-01107,2025-02-24,Брест,CH002,Санта,CUST_CH002,SKU_006,Сосиски,67,923.16
S20260205-CH001-02563,2026-02-05,Минск,CH001,Евроопт,CUST_CH001,SKU_002,Колбасы,71,1039.52
S20250309-CH003-01383,2025-03-09,Гродно,CH003,Корона,CUST_CH003,SKU_008,Деликатесы,28,691.29
S20250107-CH002-00133,2025-01-07,Брест,CH002,Санта,CUST_CH002,SKU_008,Деликатесы,24,550.84
S20250328-CH001-01783,2025-03-28,Минск,CH001,Евроопт,CUST_CH001,SKU_007,Деликатесы,37,815.47
S20250225-CH001-01125,2025-02-25,Минск,CH001,Евроопт,CUST_CH001,SKU_006,Сосиски,52,751.48
S20250220-CH004-01037,2025-02-20,Гомель,CH004,Гиппо,CUST_CH004,SKU_009,Деликатесы,29,759.21
S20250201-CH004-00645,2025-02-01,Гомель,CH004,Гиппо,CUST_CH004,SKU_011,Полуфабрикаты,39,324.55
S20250208-CH002-00779,2025-02-08,Брест,CH002,Санта,CUST_CH002,SKU_011,Полуфабрикаты,67,586.05
S20260209-CH001-02635,2026-02-09,Минск,CH001,Евроопт,CUST_CH001,SKU_005,Сосиски,40,471.66
S20260121-CH004-02284,2026-01-21,Гомель,CH004,Гиппо,CUST_CH004,SKU_010,Полуфабрикаты,73,558.88
S20260211-CH001-02686,2026-02-11,Минск,CH001,Евроопт,CUST_CH001,SKU_005,Сосиски,41,452.92
S20260118-CH001-02196,2026-01-18,Минск,CH001,Евроопт,CUST_CH001,SKU_OLD_001,Колбасы,69,851.76
S20250313-CH002-01458,2025-03-13,Брест,CH002,Санта,CUST_CH002,SKU_005,Сосиски,58,710.16
S20260317-CH003-03394,2026-03-17,Гродно,CH003,Корона,CUST_CH003,SKU_003,Колбасы,76,1313.79
S20250317-CH004-01540,2025-03-17,Гомель,CH004,Гиппо,CUST_CH004,SKU_002,Колбасы,53,788.08
S20260126-CH002-02367,2026-01-26,Брест,CH002,Санта,CUST_CH002,SKU_005,Сосиски,44,514.38
S20260213-CH003-02747,2026-02-13,Гродно,CH003,Корона,CUST_CH003,SKU_002,Колбасы,54,869.04
S20260105-CH003-01938,2026-01-05,Гродно,CH003,Корона,CUST_CH003,SKU_008,Деликатесы,19,475.02
S20250106-CH003-00118,2025-01-06,Гродно,CH003,Корона,CUST_CH003,SKU_011,Полуфабрикаты,85,781.97
S20260326-CH003-03601,2026-03-26,Гродно,CH003,Корона,CUST_CH003,SKU_006,Сосиски,62,869.98
S20250228-CH001-01193,2025-02-28,Минск,CH001,Евроопт,CUST_CH001,SKU_005,Сосиски,55,615.71
S20260112-CH003-02085,2026-01-12,Гродно,CH003,Корона,CUST_CH003,SKU_009,Деликатесы,45,1140.84
S20250128-CH003-00564,2025-01-28,Гродно,CH003,Корона,CUST_CH003,SKU_012,Полуфабрикаты,59,430.82
S20250205-CH004-00723,2025-02-05,Гомель,CH004,Гиппо,CUST_CH004,SKU_OLD_005,Сосиски,60,674.27
S20250124-CH004-00491,2025-01-24,Гомель,CH004,Гиппо,CUST_CH004,SKU_005,Сосиски,66,770.3
S20250222-CH001-01071,2025-02-22,Минск,CH001,Евроопт,CUST_CH001,SKU_006,Сосиски,57,799.42
S20260120-CH004-02255,2026-01-20,Гомель,CH004,Гиппо,CUST_CH004,SKU_005,Сосиски,71,814.51
S20260105-CH004-01943,2026-01-05,Гомель,CH004,Гиппо,CUST_CH004,SKU_009,Деликатесы,30,794.64
S20260116-CH001-02160,2026-01-16,Минск,CH001,Евроопт,CUST_CH001,SKU_008,Деликатесы,33,782.67
S20250327-CH002-01766,2025-03-27,Брест,CH002,Санта,CUST_CH002,SKU_012,Полуфабрикаты,69,551.15
S20260202-CH003-02512,2026-02-02,Гродно,CH003,Корона,CUST_CH003,SKU_006,Сосиски,58,766.55
S20260215-CH003-02789,2026-02-15,Гродно,CH003,Корона,CUST_CH003,SKU_012,Полуфабрикаты,50,377.54
S20250312-CH001-01431,2025-03-12,Минск,CH001,Евроопт,CUST_CH001,SKU_009,Деликатесы,18,475.93
S20260227-CH001-03038,2026-02-27,Минск,CH001,Евроопт,CUST_CH001,SKU_002,Колбасы,87,1269.79
S20250314-CH004-01490,2025-03-14,Гомель,CH004,Гиппо,CUST_CH004,SKU_002,Колбасы,57,860.98
S20260213-CH004-02755,2026-02-13,Гомель,CH004,Гиппо,CUST_CH004,SKU_007,Деликатесы,26,569.16
S20260320-CH002-03464,2026-03-20,Брест,CH002,Санта,CUST_CH002,SKU_004,Сосиски,61,761.61
S20250130-CH004-00610,2025-01-30,Гомель,CH004,Гиппо,CUST_CH004,SKU_010,Полуфабрикаты,43,369.83
S20260116-CH001-02157,2026-01-16,Минск,CH001,Евроопт,CUST_CH001,SKU_004,Сосиски,68,895.86
S20250320-CH002-01598,2025-03-20,Брест,CH002,Санта,CUST_CH002,SKU_002,Колбасы,30,420.39
S20250331-CH004-01850,2025-03-31,Гомель,CH004,Гиппо,CUST_CH004,SKU_009,Деликатесы,37,954.5
S20260120-CH001-02243,2026-01-20,Минск,CH001,Евроопт,CUST_CH001,SKU_012,Полуфабрикаты,60,424.88
S20250219-CH002-00998,2025-02-19,Брест,CH002,Санта,CUST_CH002,SKU_007,Деликатесы,32,730.37
S20250129-CH001-00577,2025-01-29,Минск,CH001,Евроопт,CUST_CH001,SKU_009,Деликатесы,19,471.12
S20250226-CH003-01164,2025-02-26,Гродно,CH003,Корона,CUST_CH003,SKU_012,Полуфабрикаты,39,288.54
S20250101-CH004-00020,2025-01-01,Гомель,CH004,Гиппо,CUST_CH004,SKU_009,Деликатесы,9,235.61
S20260312-CH001-03286,2026-03-12,Минск,CH001,Евроопт,CUST_CH001,SKU_011,Полуфабрикаты,59,506.45
S20260331-CH003-03700,2026-03-31,Гродно,CH003,Корона,CUST_CH003,SKU_008,Деликатесы,36,905.29
S20250328-CH003-01800,2025-03-28,Гродно,CH003,Корона,CUST_CH003,SKU_012,Полуфабрикаты,54,401.78
S20250304-CH002-01275,2025-03-04,Брест,CH002,Санта,CUST_CH002,SKU_002,Колбасы,63,1014.08
S20250207-CH002-00756,2025-02-07,Брест,CH002,Санта,CUST_CH002,SKU_003,Колбасы,39,697.24
S20250207-CH001-00755,2025-02-07,Минск,CH001,Евроопт,CUST_CH001,SKU_011,Полуфабрикаты,56,530.06
S20260312-CH004-03305,2026-03-12,Гомель,CH004,Гиппо,CUST_CH004,SKU_009,Деликатесы,17,445.15
S20250306-CH002-01328,2025-03-06,Брест,CH002,Санта,CUST_CH002,SKU_009,Деликатесы,16,428.44
S20250201-CH003-00640,2025-02-01,Гродно,CH003,Корона,CUST_CH003,SKU_011,Полуфабрикаты,57,507.45
S20260212-CH002-02718,2026-02-12,Брест,CH002,Санта,CUST_CH002,SKU_007,Деликатесы,41,882.65
S20250102-CH004-00044,2025-01-02,Гомель,CH004,Гиппо,CUST_CH004,SKU_012,Полуфабрикаты,67,508.28
S20250101-CH002-00008,2025-01-01,Брест,CH002,Санта,CUST_CH002,SKU_003,Колбасы,30,529.37
S20260220-CH002-02900,2026-02-20,Брест,CH002,Санта,CUST_CH002,SKU_010,Полуфабрикаты,69,539.45
S20260125-CH003-02356,2026-01-25,Гродно,CH003,Корона,CUST_CH003,SKU_008,Деликатесы,21,514.45
S20250123-CH004-00472,2025-01-23,Гомель,CH004,Гиппо,CUST_CH004,SKU_011,Полуфабрикаты,64,574.0
S20250121-CH004-00422,2025-01-21,Гомель,CH004,Гиппо,CUST_CH004,SKU_004,Сосиски,39,513.79
S20260121-CH004-02285,2026-01-21,Гомель,CH004,Гиппо,CUST_CH004,SKU_011,Полуфабрикаты,84,756.37
S20250109-CH004-00190,2025-01-09,Гомель,CH004,Гиппо,CUST_CH004,SKU_008,Деликатесы,58,1352.62
S20260119-CH001-02213,2026-01-19,Минск,CH001,Евроопт,CUST_CH001,SKU_002,Колбасы,47,677.05
S20260327-CH002-03619,2026-03-27,Брест,CH002,Санта,CUST_CH002,SKU_004,Сосиски,57,748.2
S20250214-CH003-00906,2025-02-14,Гродно,CH003,Корона,CUST_CH003,SKU_OLD_001,Колбасы,48,578.96
S20250320-CH002-01601,2025-03-20,Брест,CH002,Санта,CUST_CH002,SKU_007,Деликатесы,27,602.84
S20260225-CH004-03013,2026-02-25,Гомель,CH004,Гиппо,CUST_CH004,SKU_008,Деликатесы,25,602.45
S20260128-CH003-02417,2026-01-28,Гродно,CH003,Корона,CUST_CH003,SKU_012,Полуфабрикаты,70,536.39
S20250123-CH003-00465,2025-01-23,Гродно,CH003,Корона,CUST_CH003,SKU_007,Деликатесы,49,1075.52
RET20260105-001,2026-01-05,Брест,CH002,Санта,CUST_CH002,SKU_003,Колбасы,-12,-220.47
S20260129-CH002-02432,2026-01-29,Брест,CH002,Санта,CUST_CH002,SKU_012,Полуфабрикаты,50,357.27
S20250317-CH004-01543,2025-03-17,Гомель,CH004,Гиппо,CUST_CH004,SKU_008,Деликатесы,23,557.99
S20260224-CH004-02984,2026-02-24,Гомель,CH004,Гиппо,CUST_CH004,SKU_003,Колбасы,73,1370.29
S20260222-CH004-02942,2026-02-22,Гомель,CH004,Гиппо,CUST_CH004,SKU_005,Сосиски,71,773.62
S20250312-CH002-01436,2025-03-12,Брест,CH002,Санта,CUST_CH002,SKU_005,Сосиски,42,490.75
S20260328-CH004-03645,2026-03-28,Гомель,CH004,Гиппо,CUST_CH004,SKU_010,Полуфабрикаты,75,599.67
S20260311-CH002-03265,2026-03-11,Брест,CH002,Санта,CUST_CH002,SKU_008,Деликатесы,31,723.1
S20250103-CH004-00066,2025-01-03,Гомель,CH004,Гиппо,CUST_CH004,SKU_007,Деликатесы,6,132.32
S20260108-CH001-01998,2026-01-08,Минск,CH001,Евроопт,CUST_CH001,SKU_012,Полуфабрикаты,29,217.72
S20260324-CH003-03549,2026-03-24,Гродно,CH003,Корона,CUST_CH003,SKU_003,Колбасы,103,1849.86
S20250122-CH002-00433,2025-01-22,Брест,CH002,Санта,CUST_CH002,SKU_001,Колбасы,46,544.51
S20250312-CH001-01433,2025-03-12,Минск,CH001,Евроопт,CUST_CH001,SKU_011,Полуфабрикаты,55,489.67
S20250106-CH001-00102,2025-01-06,Минск,CH001,Евроопт,CUST_CH001,SKU_002,Колбасы,70,1088.73
S20250103-CH002-00049,2025-01-03,Брест,CH002,Санта,CUST_CH002,SKU_003,Колбасы,59,1071.7
S20260228-CH004-03067,2026-02-28,Гомель,CH004,Гиппо,CUST_CH004,SKU_006,Сосиски,90,1261.54
S20260204-CH004-02559,2026-02-04,Гомель,CH004,Гиппо,CUST_CH004,SKU_007,Деликатесы,57,1228.13
S20260304-CH002-03125,2026-03-04,Брест,CH002,Санта,CUST_CH002,SKU_003,Колбасы,34,633.56
S20260109-CH004-02036,2026-01-09,Гомель,CH004,Гиппо,CUST_CH004,SKU_002,Колбасы,70,1024.1
S20260121-CH001-02260,2026-01-21,Минск,CH001,Евроопт,CUST_CH001,SKU_002,Колбасы,66,958.89
S20260125-CH004-02358,2026-01-25,Гомель,CH004,Гиппо,CUST_CH004,SKU_001,Колбасы,62,743.01
S20250326-CH004-01743,2025-03-26,Гомель,CH004,Гиппо,CUST_CH004,SKU_001,Колбасы,36,424.21
S20260202-CH001-02496,2026-02-02,Минск,CH001,Евроопт,CUST_CH001,SKU_007,Деликатесы,5,112.63
S20260213-CH003-02749,2026-02-13,Гродно,CH003,Корона,CUST_CH003,SKU_004,Сосиски,59,749.51
S20250211-CH001-00829,2025-02-11,Минск,CH001,Евроопт,CUST_CH001,SKU_005,Сосиски,57,685.73
S20260330-CH002-03666,2026-03-30,Брест,CH002,Санта,CUST_CH002,SKU_001,Колбасы,107,1316.56
S20250107-CH002-00130,2025-01-07,Брест,CH002,Санта,CUST_CH002,SKU_002,Колбасы,61,939.81
S20250327-CH004-01779,2025-03-27,Гомель,CH004,Гиппо,CUST_CH004,SKU_010,Полуфабрикаты,57,457.96
S20260111-CH001-02061,2026-01-11,Минск,CH001,Евроопт,CUST_CH001,SKU_011,Полуфабрикаты,51,456.79
S20250211-CH004-00850,2025-02-11,Гомель,CH004,Гиппо,CUST_CH004,SKU_011,Полуфабрикаты,62,561.51
S20260325-CH002-03569,2026-03-25,Брест,CH002,Санта,CUST_CH002,SKU_004,Сосиски,50,636.1
S20250116-CH002-00316,2025-01-16,Брест,CH002,Санта,CUST_CH002,SKU_003,Колбасы,31,587.87
S20250321-CH001-01618,2025-03-21,Минск,CH001,Евроопт,CUST_CH001,SKU_002,Колбасы,34,513.38
S20250112-CH002-00238,2025-01-12,Брест,CH002,Санта,CUST_CH002,SKU_OLD_005,Сосиски,78,889.18
S20260223-CH003-02959,2026-02-23,Гродно,CH003,Корона,CUST_CH003,SKU_002,Колбасы,73,1023.2
S20260204-CH001-02541,2026-02-04,Минск,CH001,Евроопт,CUST_CH001,SKU_008,Деликатесы,15,361.71
S20260312-CH001-03285,2026-03-12,Минск,CH001,Евроопт,CUST_CH001,SKU_010,Полуфабрикаты,64,535.1
S20260317-CH004-03403,2026-03-17,Гомель,CH004,Гиппо,CUST_CH004,SKU_OLD_009,Деликатесы,16,414.16
S20260127-CH001-02386,2026-01-27,Минск,CH001,Евроопт,CUST_CH001,SKU_003,Колбасы,61,1060.54
S20260122-CH004-02310,2026-01-22,Гомель,CH004,Гиппо,CUST_CH004,SKU_002,Колбасы,60,896.67
S20250126-CH003-00523,2025-01-26,Гродно,CH003,Корона,CUST_CH003,SKU_010,Полуфабрикаты,52,428.87
S20260331-CH003-03701,2026-03-31,Гродно,CH003,Корона,CUST_CH003,SKU_010,Полуфабрикаты,51,416.2
S20250103-CH003-00055,2025-01-03,Гродно,CH003,Корона,CUST_CH003,SKU_001,Колбасы,58,694.19
S20260112-CH002-02077,2026-01-12,Брест,CH002,Санта,CUST_CH002,SKU_007,Деликатесы,32,685.6
S20260308-CH002-03205,2026-03-08,Брест,CH002,Санта,CUST_CH002,SKU_OLD_009,Деликатесы,23,601.81
S20260306-CH004-03179,2026-03-06,Гомель,CH004,Гиппо,CUST_CH004,SKU_012,Полуфабрикаты,95,673.97
S20250224-CH003-01110,2025-02-24,Гродно,CH003,Корона,CUST_CH003,SKU_OLD_001,Колбасы,84,999.28
S20260318-CH001-03407,2026-03-18,Минск,CH001,Евроопт,CUST_CH001,SKU_003,Колбасы,48,800.29
S20250228-CH001-01194,2025-02-28,Минск,CH001,Евроопт,CUST_CH001,SKU_006,Сосиски,51,690.9
S20250314-CH002-01482,2025-03-14,Брест,CH002,Санта,CUST_CH002,SKU_OLD_005,Сосиски,43,476.21
S20250120-CH001-00383,2025-01-20,Минск,CH001,Евроопт,CUST_CH001,SKU_006,Сосиски,71,969.54
S20260213-CH003-02748,2026-02-13,Гродно,CH003,Корона,CUST_CH003,SKU_003,Колбасы,68,1169.35
S20260310-CH001-03241,2026-03-10,Минск,CH001,Евроопт,CUST_CH001,SKU_OLD_012,Полуфабрикаты,71,494.71
S20250108-CH002-00158,2025-01-08,Брест,CH002,Санта,CUST_CH002,SKU_005,Сосиски,73,840.12
S20260320-CH001-03461,2026-03-20,Минск,CH001,Евроопт,CUST_CH001,SKU_010,Полуфабрикаты,64,500.7
S20260217-CH001-02826,2026-02-17,Минск,CH001,Евроопт,CUST_CH001,SKU_011,Полуфабрикаты,58,523.52
S20250128-CH002-00559,2025-01-28,Брест,CH002,Санта,CUST_CH002,SKU_010,Полуфабрикаты,88,702.58
S20250211-CH002-00836,2025-02-11,Брест,CH002,Санта,CUST_CH002,SKU_002,Колбасы,51,755.18
S20260325-CH004-03581,2026-03-25,Гомель,CH004,Гиппо,CUST_CH004,SKU_007,Деликатесы,34,746.5
S20250123-CH003-00464,2025-01-23,Гродно,CH003,Корона,CUST_CH003,SKU_OLD_005,Сосиски,47,547.64
S20260115-CH003-02148,2026-01-15,Гродно,CH003,Корона,CUST_CH003,SKU_010,Полуфабрикаты,79,598.22
S20260315-CH003-03351,2026-03-15,Гродно,CH003,Корона,CUST_CH003,SKU_001,Колбасы,79,943.13
S20260314-CH001-03331,2026-03-14,Минск,CH001,Евроопт,CUST_CH001,SKU_011,Полуфабрикаты,73,642.51
S20260106-CH001-01947,2026-01-06,Минск,CH001,Евроопт,CUST_CH001,SKU_009,Деликатесы,17,412.48
S20260309-CH002-03224,2026-03-09,Брест,CH002,Санта,CUST_CH002,SKU_003,Колбасы,49,867.76
S20260212-CH001-02707,2026-02-12,Минск,CH001,Евроопт,CUST_CH001,SKU_002,Колбасы,49,757.54
S20260111-CH001-02060,2026-01-11,Минск,CH001,Евроопт,CUST_CH001,SKU_007,Деликатесы,23,487.59
S20260116-CH001-02161,2026-01-16,Минск,CH001,Евроопт,CUST_CH001,SKU_009,Деликатесы,30,777.07
S20250318-CH004-01562,2025-03-18,Гомель,CH004,Гиппо,CUST_CH004,SKU_011,Полуфабрикаты,56,497.68
S20260221-CH003-02925,2026-02-21,Гродно,CH003,Корона,CUST_CH003,SKU_004,Сосиски,47,598.91
S20260122-CH003-02302,2026-01-22,Гродно,CH003,Корона,CUST_CH003,SKU_003,Колбасы,86,1619.07
S20250130-CH001-00596,2025-01-30,Минск,CH001,Евроопт,CUST_CH001,SKU_008,Деликатесы,29,663.5
S20250223-CH001-01086,2025-02-23,Минск,CH001,Евроопт,CUST_CH001,SKU_009,Деликатесы,41,1063.17
S20260128-CH001-02410,2026-01-28,Минск,CH001,Евроопт,CUST_CH001,SKU_010,Полуфабрикаты,70,554.52
S20260324-CH002-03543,2026-03-24,Брест,CH002,Санта,CUST_CH002,SKU_002,Колбасы,56,778.13
S20260110-CH001-02041,2026-01-10,Минск,CH001,Евроопт,CUST_CH001,SKU_004,Сосиски,70,887.76
S20260102-CH001-01878,2026-01-02,Минск,CH001,Евроопт,CUST_CH001,SKU_009,Деликатесы,20,484.17
S20260121-CH003-02278,2026-01-21,Гродно,CH003,Корона,CUST_CH003,SKU_011,Полуфабрикаты,59,525.42
S20260213-CH003-02750,2026-02-13,Гродно,CH003,Корона,CUST_CH003,SKU_OLD_012,Полуфабрикаты,26,205.92
S20250119-CH003-00368,2025-01-19,Гродно,CH003,Корона,CUST_CH003,SKU_OLD_005,Сосиски,69,806.63
S20250302-CH002-01233,2025-03-02,Брест,CH002,Санта,CUST_CH002,SKU_009,Деликатесы,36,965.07
S20260307-CH001-03183,2026-03-07,Минск,CH001,Евроопт,CUST_CH001,SKU_005,Сосиски,82,1001.99
S20260319-CH004-03452,2026-03-19,Гомель,CH004,Гиппо,CUST_CH004,SKU_011,Полуфабрикаты,67,593.16
S20260304-CH001-03122,2026-03-04,Минск,CH001,Евроопт,CUST_CH001,SKU_006,Сосиски,81,1170.87
S20260210-CH002-02669,2026-02-10,Брест,CH002,Санта,CUST_CH002,SKU_OLD_009,Деликатесы,22,555.95
S20250105-CH003-00098,2025-01-05,Гродно,CH003,Корона,CUST_CH003,SKU_012,Полуфабрикаты,57,433.27
S20250212-CH003-00861,2025-02-12,Гродно,CH003,Корона,CUST_CH003,SKU_008,Деликатесы,35,832.37
S20250119-CH002-00365,2025-01-19,Брест,CH002,Санта,CUST_CH002,SKU_003,Колбасы,47,822.95
S20260111-CH004-02067,2026-01-11,Гомель,CH004,Гиппо,CUST_CH004,SKU_006,Сосиски,77,1125.99
S20250120-CH001-00382,2025-01-20,Минск,CH001,Евроопт,CUST_CH001,SKU_003,Колбасы,90,1614.55
S20260326-CH001-03586,2026-03-26,Минск,CH001,Евроопт,CUST_CH001,SKU_004,Сосиски,53,683.05
S20260318-CH004-03428,2026-03-18,Гомель,CH004,Гиппо,CUST_CH004,SKU_008,Деликатесы,31,788.1
S20260326-CH004-03610,2026-03-26,Гомель,CH004,Гиппо,CUST_CH004,SKU_012,Полуфабрикаты,43,302.87
S20250102-CH002-00029,2025-01-02,Брест,CH002,Санта,CUST_CH002,SKU_006,Сосиски,43,595.48
S20250223-CH004-01099,2025-02-23,Гомель,CH004,Гиппо,CUST_CH004,SKU_010,Полуфабрикаты,60,480.32
S20250122-CH004-00448,2025-01-22,Гомель,CH004,Гиппо,CUST_CH004,SKU_009,Деликатесы,47,1249.75
S20260215-CH003-02788,2026-02-15,Гродно,CH003,Корона,CUST_CH003,SKU_011,Полуфабрикаты,45,377.25
S20250210-CH004-00821,2025-02-10,Гомель,CH004,Гиппо,CUST_CH004,SKU_004,Сосиски,55,750.34
S20260304-CH003-03133,2026-03-04,Гродно,CH003,Корона,CUST_CH003,SKU_002,Колбасы,51,768.74
S20260126-CH003-02379,2026-01-26,Гродно,CH003,Корона,CUST_CH003,SKU_010,Полуфабрикаты,38,317.63
S20260303-CH003-03107,2026-03-03,Гродно,CH003,Корона,CUST_CH003,SKU_005,Сосиски,53,581.67
S20260206-CH004-02609,2026-02-06,Гомель,CH004,Гиппо,CUST_CH004,SKU_OLD_012,Полуфабрикаты,66,486.22
S20260318-CH002-03416,2026-03-18,Брест,CH002,Санта,CUST_CH002,SKU_010,Полуфабрикаты,68,529.71
S20260214-CH004-02772,2026-02-14,Гомель,CH004,Гиппо,CUST_CH004,SKU_002,Колбасы,80,1191.7
S20260304-CH003-03136,2026-03-04,Гродно,CH003,Корона,CUST_CH003,SKU_007,Деликатесы,24,541.71
S20250205-CH004-00722,2025-02-05,Гомель,CH004,Гиппо,CUST_CH004,SKU_004,Сосиски,57,707.37
S20260210-CH004-02684,2026-02-10,Гомель,CH004,Гиппо,CUST_CH004,SKU_012,Полуфабрикаты,82,608.46
S20250325-CH004-01722,2025-03-25,Гомель,CH004,Гиппо,CUST_CH004,SKU_001,Колбасы,51,646.03
S20250325-CH003-01721,2025-03-25,Гродно,CH003,Корона,CUST_CH003,SKU_011,Полуфабрикаты,52,457.94
S20260127-CH002-02396,2026-01-27,Брест,CH002,Санта,CUST_CH002,SKU_012,Полуфабрикаты,57,421.52
S20250322-CH004-01660,2025-03-22,Гомель,CH004,Гиппо,CUST_CH004,SKU_003,Колбасы,64,1245.54
S20250323-CH004-01675,2025-03-23,Гомель,CH004,Гиппо,CUST_CH004,SKU_001,Колбасы,58,692.66
S20250208-CH003-00780,2025-02-08,Гродно,CH003,Корона,CUST_CH003,SKU_006,Сосиски,75,1040.04
S20260116-CH003-02171,2026-01-16,Гродно,CH003,Корона,CUST_CH003,SKU_005,Сосиски,76,879.87
S20250220-CH002-01024,2025-02-20,Брест,CH002,Санта,CUST_CH002,SKU_008,Деликатесы,28,671.78
S20260310-CH003-03249,2026-03-10,Гродно,CH003,Корона,CUST_CH003,SKU_005,Сосиски,76,910.15
S20250101-CH001-00005,2025-01-01,Минск,CH001,Евроопт,CUST_CH001,SKU_009,Деликатесы,21,556.37
S20250122-CH001-00429,2025-01-22,Минск,CH001,Евроопт,CUST_CH001,SKU_005,Сосиски,43,502.66
S20260103-CH003-01903,2026-01-03,Гродно,CH003,Корона,CUST_CH003,SKU_012,Полуфабрикаты,47,358.84
S20260327-CH001-03617,2026-03-27,Минск,CH001,Евроопт,CUST_CH001,SKU_008,Деликатесы,34,836.76
S20250313-CH004-01468,2025-03-13,Гомель,CH004,Гиппо,CUST_CH004,SKU_008,Деликатесы,36,908.53
S20250126-CH002-00517,2025-01-26,Брест,CH002,Санта,CUST_CH002,SKU_008,Деликатесы,33,809.94
S20260204-CH002-02545,2026-02-04,Брест,CH002,Санта,CUST_CH002,SKU_002,Колбасы,62,906.77
S20260226-CH002-03022,2026-02-26,Брест,CH002,Санта,CUST_CH002,SKU_003,Колбасы,95,1688.69
S20260316-CH004-03376,2026-03-16,Гомель,CH004,Гиппо,CUST_CH004,SKU_007,Деликатесы,44,942.04
S20250118-CH002-00351,2025-01-18,Брест,CH002,Санта,CUST_CH002,SKU_002,Колбасы,47,730.88
S20250327-CH003-01771,2025-03-27,Гродно,CH003,Корона,CUST_CH003,SKU_007,Деликатесы,29,670.4
S20260305-CH003-03154,2026-03-05,Гродно,CH003,Корона,CUST_CH003,SKU_007,Деликатесы,17,385.22
S20250326-CH004-01750,2025-03-26,Гомель,CH004,Гиппо,CUST_CH004,SKU_011,Полуфабрикаты,47,417.72
S20250203-CH001-00661,2025-02-03,Минск,CH001,Евроопт,CUST_CH001,SKU_004,Сосиски,55,728.26
S20260317-CH002-03390,2026-03-17,Брест,CH002,Санта,CUST_CH002,SKU_010,Полуфабрикаты,73,580.64
S20260210-CH003-02677,2026-02-10,Гродно,CH003,Корона,CUST_CH003,SKU_012,Полуфабрикаты,63,491.72
S20260216-CH002-02805,2026-02-16,Брест,CH002,Санта,CUST_CH002,SKU_011,Полуфабрикаты,75,675.89
S20250214-CH001-00900,2025-02-14,Минск,CH001,Евроопт,CUST_CH001,SKU_012,Полуфабрикаты,70,525.39
S20260101-CH004-01873,2026-01-01,Гомель,CH004,Гиппо,CUST_CH004,SKU_004,Сосиски,45,581.28
S20260209-CH004-02651,2026-02-09,Гомель,CH004,Гиппо,CUST_CH004,SKU_009,Деликатесы,28,720.03
S20250108-CH002-00159,2025-01-08,Брест,CH002,Санта,CUST_CH002,SKU_007,Деликатесы,37,805.16
S20250120-CH001-00384,2025-01-20,Минск,CH001,Евроопт,CUST_CH001,SKU_009,Деликатесы,27,745.51
S20260123-CH001-02319,2026-01-23,Минск,CH001,Евроопт,CUST_CH001,SKU_004,Сосиски,69,858.69
RET20250208-003,2025-02-08,Гродно,CH003,Корона,CUST_CH003,SKU_008,Деликатесы,-7,-163.61
S20250107-CH003-00141,2025-01-07,Гродно,CH003,Корона,CUST_CH003,SKU_010,Полуфабрикаты,56,458.38
S20250123-CH003-00466,2025-01-23,Гродно,CH003,Корона,CUST_CH003,SKU_012,Полуфабрикаты,47,375.71
S20260213-CH001-02734,2026-02-13,Минск,CH001,Евроопт,CUST_CH001,SKU_008,Деликатесы,35,847.33
S20250328-CH001-01784,2025-03-28,Минск,CH001,Евроопт,CUST_CH001,SKU_008,Деликатесы,28,697.27
S20250115-CH003-00300,2025-01-15,Гродно,CH003,Корона,CUST_CH003,SKU_002,Колбасы,48,729.51
S20260331-CH004-03707,2026-03-31,Гомель,CH004,Гиппо,CUST_CH004,SKU_009,Деликатесы,26,685.46
S20250120-CH004-00398,2025-01-20,Гомель,CH004,Гиппо,CUST_CH004,SKU_002,Колбасы,39,606.56
S20260210-CH003-02674,2026-02-10,Гродно,CH003,Корона,CUST_CH003,SKU_006,Сосиски,57,736.52
S20250216-CH002-00935,2025-02-16,Брест,CH002,Санта,CUST_CH002,SKU_009,Деликатесы,12,307.51
S20250213-CH003-00888,2025-02-13,Гродно,CH003,Корона,CUST_CH003,SKU_007,Деликатесы,17,356.72
S20260218-CH004-02863,2026-02-18,Гомель,CH004,Гиппо,CUST_CH004,SKU_007,Деликатесы,23,484.49
S20260226-CH003-03029,2026-02-26,Гродно,CH003,Корона,CUST_CH003,SKU_010,Полуфабрикаты,62,513.8
S20260126-CH002-02373,2026-01-26,Брест,CH002,Санта,CUST_CH002,SKU_012,Полуфабрикаты,86,638.56
S20250220-CH004-01034,2025-02-20,Гомель,CH004,Гиппо,CUST_CH004,SKU_003,Колбасы,20,358.31
S20260316-CH004-03378,2026-03-16,Гомель,CH004,Гиппо,CUST_CH004,SKU_OLD_009,Деликатесы,5,119.15
S20260223-CH003-02962,2026-02-23,Гродно,CH003,Корона,CUST_CH003,SKU_008,Деликатесы,41,986.82
S20260128-CH001-02408,2026-01-28,Минск,CH001,Евроопт,CUST_CH001,SKU_007,Деликатесы,35,763.32
S20250221-CH002-01049,2025-02-21,Брест,CH002,Санта,CUST_CH002,SKU_004,Сосиски,64,800.79
S20260219-CH002-02879,2026-02-19,Брест,CH002,Санта,CUST_CH002,SKU_OLD_012,Полуфабрикаты,69,511.5
S20260202-CH003-02509,2026-02-02,Гродно,CH003,Корона,CUST_CH003,SKU_002,Колбасы,28,450.02
S20250317-CH001-01529,2025-03-17,Минск,CH001,Евроопт,CUST_CH001,SKU_008,Деликатесы,18,435.09
S20260302-CH001-03084,2026-03-02,Минск,CH001,Евроопт,CUST_CH001,SKU_010,Полуфабрикаты,78,620.64
S20250211-CH004-00847,2025-02-11,Гомель,CH004,Гиппо,CUST_CH004,SKU_OLD_001,Колбасы,67,766.12
S20250113-CH001-00252,2025-01-13,Минск,CH001,Евроопт,CUST_CH001,SKU_004,Сосиски,35,463.97
S20260108-CH001-01992,2026-01-08,Минск,CH001,Евроопт,CUST_CH001,SKU_OLD_001,Колбасы,110,1268.09
S20260204-CH002-02544,2026-02-04,Брест,CH002,Санта,CUST_CH002,SKU_001,Колбасы,60,732.73
S20250210-CH002-00807,2025-02-10,Брест,CH002,Санта,CUST_CH002,SKU_003,Колбасы,67,1202.71
S20250318-CH002-01553,2025-03-18,Брест,CH002,Санта,CUST_CH002,SKU_010,Полуфабрикаты,40,324.05
S20260221-CH004-02931,2026-02-21,Гомель,CH004,Гиппо,CUST_CH004,SKU_008,Деликатесы,50,1251.58
S20250205-CH002-00716,2025-02-05,Брест,CH002,Санта,CUST_CH002,SKU_007,Деликатесы,32,724.1
S20250117-CH002-00337,2025-01-17,Брест,CH002,Санта,CUST_CH002,SKU_003,Колбасы,50,888.3
S20260309-CH003-03231,2026-03-09,Гродно,CH003,Корона,CUST_CH003,SKU_007,Деликатесы,24,504.54
S20250218-CH004-00988,2025-02-18,Гомель,CH004,Гиппо,CUST_CH004,SKU_011,Полуфабрикаты,54,479.39
S20250328-CH003-01797,2025-03-28,Гродно,CH003,Корона,CUST_CH003,SKU_009,Деликатесы,55,1355.95
S20260223-CH003-02958,2026-02-23,Гродно,CH003,Корона,CUST_CH003,SKU_001,Колбасы,57,662.61
S20250110-CH001-00196,2025-01-10,Минск,CH001,Евроопт,CUST_CH001,SKU_006,Сосиски,42,598.12
S20260211-CH003-02701,2026-02-11,Гродно,CH003,Корона,CUST_CH003,SKU_007,Деликатесы,12,260.33
S20260223-CH004-02965,2026-02-23,Гомель,CH004,Гиппо,CUST_CH004,SKU_004,Сосиски,79,1041.5
S20250330-CH001-01819,2025-03-30,Минск,CH001,Евроопт,CUST_CH001,SKU_011,Полуфабрикаты,46,419.36
S20250221-CH001-01045,2025-02-21,Минск,CH001,Евроопт,CUST_CH001,SKU_009,Деликатесы,21,573.76
S20250114-CH002-00280,2025-01-14,Брест,CH002,Санта,CUST_CH002,SKU_012,Полуфабрикаты,60,443.37
S20250105-CH003-00097,2025-01-05,Гродно,CH003,Корона,CUST_CH003,SKU_011,Полуфабрикаты,57,490.63
S20250316-CH004-01522,2025-03-16,Гомель,CH004,Гиппо,CUST_CH004,SKU_004,Сосиски,42,550.28
S20250122-CH003-00442,2025-01-22,Гродно,CH003,Корона,CUST_CH003,SKU_003,Колбасы,48,895.58
S20250228-CH002-01197,2025-02-28,Брест,CH002,Санта,CUST_CH002,SKU_002,Колбасы,34,498.4
S20250327-CH004-01777,2025-03-27,Гомель,CH004,Гиппо,CUST_CH004,SKU_008,Деликатесы,29,757.18
S20260204-CH001-02542,2026-02-04,Минск,CH001,Евроопт,CUST_CH001,SKU_009,Деликатесы,32,800.86
S20250221-CH001-01043,2025-02-21,Минск,CH001,Евроопт,CUST_CH001,SKU_007,Деликатесы,20,421.2
S20260219-CH004-02888,2026-02-19,Гомель,CH004,Гиппо,CUST_CH004,SKU_010,Полуфабрикаты,66,503.92
S20260308-CH003-03210,2026-03-08,Гродно,CH003,Корона,CUST_CH003,SKU_011,Полуфабрикаты,68,607.09
S20260113-CH004-02107,2026-01-13,Гомель,CH004,Гиппо,CUST_CH004,SKU_003,Колбасы,73,1228.49
S20250117-CH001-00331,2025-01-17,Минск,CH001,Евроопт,CUST_CH001,SKU_003,Колбасы,46,812.15
S20250120-CH003-00393,2025-01-20,Гродно,CH003,Корона,CUST_CH003,SKU_004,Сосиски,62,836.49
S20260324-CH004-03560,2026-03-24,Гомель,CH004,Гиппо,CUST_CH004,SKU_011,Полуфабрикаты,48,442.39
S20250316-CH002-01516,2025-03-16,Брест,CH002,Санта,CUST_CH002,SKU_006,Сосиски,18,246.19
S20250212-CH003-00862,2025-02-12,Гродно,CH003,Корона,CUST_CH003,SKU_009,Деликатесы,38,1009.28
S20250206-CH004-00746,2025-02-06,Гомель,CH004,Гиппо,CUST_CH004,SKU_004,Сосиски,47,665.71
S20260313-CH001-03308,2026-03-13,Минск,CH001,Евроопт,CUST_CH001,SKU_005,Сосиски,72,827.95
S20260315-CH001-03343,2026-03-15,Минск,CH001,Евроопт,CUST_CH001,SKU_006,Сосиски,61,858.28
S20250224-CH003-01112,2025-02-24,Гродно,CH003,Корона,CUST_CH003,SKU_003,Колбасы,65,1162.58
S20250116-CH004-00328,2025-01-16,Гомель,CH004,Гиппо,CUST_CH004,SKU_011,Полуфабрикаты,91,820.7
S20260108-CH003-02005,2026-01-08,Гродно,CH003,Корона,CUST_CH003,SKU_002,Колбасы,53,812.62
S20250223-CH002-01089,2025-02-23,Брест,CH002,Санта,CUST_CH002,SKU_002,Колбасы,32,483.1
S20260101-CH001-01858,2026-01-01,Минск,CH001,Евроопт,CUST_CH001,SKU_010,Полуфабрикаты,77,612.59
S20260119-CH003-02226,2026-01-19,Гродно,CH003,Корона,CUST_CH003,SKU_002,Колбасы,53,781.16
S20260308-CH004-03215,2026-03-08,Гомель,CH004,Гиппо,CUST_CH004,SKU_010,Полуфабрикаты,81,637.42
S20260129-CH003-02438,2026-01-29,Гродно,CH003,Корона,CUST_CH003,SKU_008,Деликатесы,21,486.1
S20250101-CH001-00004,2025-01-01,Минск,CH001,Евроопт,CUST_CH001,SKU_008,Деликатесы,50,1232.23
S20250130-CH001-00595,2025-01-30,Минск,CH001,Евроопт,CUST_CH001,SKU_007,Деликатесы,35,743.9
S20260311-CH004-03280,2026-03-11,Гомель,CH004,Гиппо,CUST_CH004,SKU_012,Полуфабрикаты,71,558.63
S20250314-CH004-01491,2025-03-14,Гомель,CH004,Гиппо,CUST_CH004,SKU_003,Колбасы,53,996.48
S20260116-CH001-02158,2026-01-16,Минск,CH001,Евроопт,CUST_CH001,SKU_006,Сосиски,54,782.62
S20250331-CH001-01831,2025-03-31,Минск,CH001,Евроопт,CUST_CH001,SKU_006,Сосиски,45,613.95
S20250128-CH001-00550,2025-01-28,Минск,CH001,Евроопт,CUST_CH001,SKU_004,Сосиски,67,881.56
S20250128-CH002-00557,2025-01-28,Брест,CH002,Санта,CUST_CH002,SKU_005,Сосиски,67,783.87
S20250308-CH001-01359,2025-03-08,Минск,CH001,Евроопт,CUST_CH001,SKU_006,Сосиски,57,822.72
S20260304-CH002-03127,2026-03-04,Брест,CH002,Санта,CUST_CH002,SKU_006,Сосиски,101,1428.94
S20250127-CH003-00542,2025-01-27,Гродно,CH003,Корона,CUST_CH003,SKU_006,Сосиски,50,750.88
S20260104-CH004-01923,2026-01-04,Гомель,CH004,Гиппо,CUST_CH004,SKU_006,Сосиски,86,1238.9
S20250113-CH001-00253,2025-01-13,Минск,CH001,Евроопт,CUST_CH001,SKU_008,Деликатесы,18,424.63
S20250113-CH003-00265,2025-01-13,Гродно,CH003,Корона,CUST_CH003,SKU_006,Сосиски,58,786.3
S20250325-CH002-01716,2025-03-25,Брест,CH002,Санта,CUST_CH002,SKU_012,Полуфабрикаты,56,439.79
S20250314-CH001-01472,2025-03-14,Минск,CH001,Евроопт,CUST_CH001,SKU_002,Колбасы,57,849.3
S20250302-CH002-01235,2025-03-02,Брест,CH002,Санта,CUST_CH002,SKU_011,Полуфабрикаты,58,518.18
S20260328-CH002-03635,2026-03-28,Брест,CH002,Санта,CUST_CH002,SKU_008,Деликатесы,33,768.87
S20250310-CH004-01402,2025-03-10,Гомель,CH004,Гиппо,CUST_CH004,SKU_002,Колбасы,54,781.54
S20250329-CH004-01816,2025-03-29,Гомель,CH004,Гиппо,CUST_CH004,SKU_007,Деликатесы,33,709.88
S20260111-CH001-02058,2026-01-11,Минск,CH001,Евроопт,CUST_CH001,SKU_003,Колбасы,86,1527.81
S20250215-CH002-00919,2025-02-15,Брест,CH002,Санта,CUST_CH002,SKU_002,Колбасы,38,572.17
S20260118-CH001-02201,2026-01-18,Минск,CH001,Евроопт,CUST_CH001,SKU_012,Полуфабрикаты,68,529.13
S20250221-CH004-01065,2025-02-21,Гомель,CH004,Гиппо,CUST_CH004,SKU_009,Деликатесы,38,1012.83
S20250317-CH002-01534,2025-03-17,Брест,CH002,Санта,CUST_CH002,SKU_004,Сосиски,72,936.6
S20260218-CH004-02864,2026-02-18,Гомель,CH004,Гиппо,CUST_CH004,SKU_009,Деликатесы,5,128.95
S20250115-CH003-00301,2025-01-15,Гродно,CH003,Корона,CUST_CH003,SKU_006,Сосиски,65,880.63
S20260212-CH001-02712,2026-02-12,Минск,CH001,Евроопт,CUST_CH001,SKU_OLD_009,Деликатесы,44,1140.35
RET20250215-008,2025-02-15,Минск,CH001,Евроопт,CUST_CH001,SKU_007,Деликатесы,-11,-244.43
S20260225-CH002-02997,2026-02-25,Брест,CH002,Санта,CUST_CH002,SKU_008,Деликатесы,15,366.54
S20250128-CH001-00554,2025-01-28,Минск,CH001,Евроопт,CUST_CH001,SKU_011,Полуфабрикаты,63,546.09
S20250316-CH001-01513,2025-03-16,Минск,CH001,Евроопт,CUST_CH001,SKU_009,Деликатесы,4,102.59
S20260309-CH001-03222,2026-03-09,Минск,CH001,Евроопт,CUST_CH001,SKU_011,Полуфабрикаты,39,362.08
S20250123-CH004-00468,2025-01-23,Гомель,CH004,Гиппо,CUST_CH004,SKU_006,Сосиски,61,838.99
S20250117-CH004-00345,2025-01-17,Гомель,CH004,Гиппо,CUST_CH004,SKU_009,Деликатесы,37,976.96
S20260131-CH004-02480,2026-01-31,Гомель,CH004,Гиппо,CUST_CH004,SKU_010,Полуфабрикаты,60,488.45
S20250328-CH004-01804,2025-03-28,Гомель,CH004,Гиппо,CUST_CH004,SKU_011,Полуфабрикаты,40,373.63
S20260301-CH003-03072,2026-03-01,Гродно,CH003,Корона,CUST_CH003,SKU_001,Колбасы,60,737.22
S20260321-CH003-03487,2026-03-21,Гродно,CH003,Корона,CUST_CH003,SKU_008,Деликатесы,60,1498.67
S20260225-CH002-02995,2026-02-25,Брест,CH002,Санта,CUST_CH002,SKU_002,Колбасы,68,1005.93
S20250311-CH003-01418,2025-03-11,Гродно,CH003,Корона,CUST_CH003,SKU_006,Сосиски,46,637.24
S20260209-CH003-02644,2026-02-09,Гродно,CH003,Корона,CUST_CH003,SKU_007,Деликатесы,11,253.55
S20260107-CH003-01983,2026-01-07,Гродно,CH003,Корона,CUST_CH003,SKU_003,Колбасы,51,929.67
S20250312-CH004-01449,2025-03-12,Гомель,CH004,Гиппо,CUST_CH004,SKU_007,Деликатесы,4,93.31
S20250108-CH003-00167,2025-01-08,Гродно,CH003,Корона,CUST_CH003,SKU_009,Деликатесы,29,736.13
S20250306-CH004-01339,2025-03-06,Гомель,CH004,Гиппо,CUST_CH004,SKU_009,Деликатесы,29,712.7
S20260215-CH004-02792,2026-02-15,Гомель,CH004,Гиппо,CUST_CH004,SKU_008,Деликатесы,57,1386.73
S20260121-CH004-02282,2026-01-21,Гомель,CH004,Гиппо,CUST_CH004,SKU_005,Сосиски,47,544.65
S20260105-CH002-01930,2026-01-05,Брест,CH002,Санта,CUST_CH002,SKU_004,Сосиски,49,632.64
S20260312-CH002-03294,2026-03-12,Брест,CH002,Санта,CUST_CH002,SKU_012,Полуфабрикаты,84,624.27
S20250122-CH003-00440,2025-01-22,Гродно,CH003,Корона,CUST_CH003,SKU_001,Колбасы,54,674.95
S20260221-CH003-02928,2026-02-21,Гродно,CH003,Корона,CUST_CH003,SKU_010,Полуфабрикаты,39,292.36
S20250101-CH004-00022,2025-01-01,Гомель,CH004,Гиппо,CUST_CH004,SKU_011,Полуфабрикаты,53,471.97
S20260226-CH002-03024,2026-02-26,Брест,CH002,Санта,CUST_CH002,SKU_010,Полуфабрикаты,61,514.18
S20260105-CH003-01937,2026-01-05,Гродно,CH003,Корона,CUST_CH003,SKU_007,Деликатесы,13,271.22
S20250222-CH004-01080,2025-02-22,Гомель,CH004,Гиппо,CUST_CH004,SKU_001,Колбасы,72,880.86
S20260203-CH003-02533,2026-02-03,Гродно,CH003,Корона,CUST_CH003,SKU_002,Колбасы,72,1072.26
S20260309-CH003-03229,2026-03-09,Гродно,CH003,Корона,CUST_CH003,SKU_003,Колбасы,42,782.35
S20260117-CH003-02190,2026-01-17,Гродно,CH003,Корона,CUST_CH003,SKU_OLD_009,Деликатесы,35,885.27
S20250301-CH004-01228,2025-03-01,Гомель,CH004,Гиппо,CUST_CH004,SKU_011,Полуфабрикаты,58,549.17
S20260114-CH004-02130,2026-01-14,Гомель,CH004,Гиппо,CUST_CH004,SKU_001,Колбасы,59,686.0
S20250322-CH001-01651,2025-03-22,Минск,CH001,Евроопт,CUST_CH001,SKU_012,Полуфабрикаты,54,391.7
S20260304-CH001-03120,2026-03-04,Минск,CH001,Евроопт,CUST_CH001,SKU_002,Колбасы,49,744.27
S20250301-CH001-01214,2025-03-01,Минск,CH001,Евроопт,CUST_CH001,SKU_003,Колбасы,57,1023.77
S20250317-CH004-01545,2025-03-17,Гомель,CH004,Гиппо,CUST_CH004,SKU_011,Полуфабрикаты,24,217.09
S20260308-CH004-03213,2026-03-08,Гомель,CH004,Гиппо,CUST_CH004,SKU_OLD_005,Сосиски,52,608.67
S20250116-CH001-00314,2025-01-16,Минск,CH001,Евроопт,CUST_CH001,SKU_012,Полуфабрикаты,41,306.15
S20250124-CH004-00488,2025-01-24,Гомель,CH004,Гиппо,CUST_CH004,SKU_002,Колбасы,48,672.38
S20250111-CH004-00230,2025-01-11,Гомель,CH004,Гиппо,CUST_CH004,SKU_007,Деликатесы,20,421.55
S20260106-CH004-01964,2026-01-06,Гомель,CH004,Гиппо,CUST_CH004,SKU_005,Сосиски,76,888.15
S20260114-CH003-02124,2026-01-14,Гродно,CH003,Корона,CUST_CH003,SKU_002,Колбасы,63,1017.64
S20260105-CH004-01941,2026-01-05,Гомель,CH004,Гиппо,CUST_CH004,SKU_004,Сосиски,66,863.27
S20260127-CH001-02388,2026-01-27,Минск,CH001,Евроопт,CUST_CH001,SKU_007,Деликатесы,5,113.01
S20260209-CH003-02642,2026-02-09,Гродно,CH003,Корона,CUST_CH003,SKU_003,Колбасы,77,1415.09
S20250114-CH004-00287,2025-01-14,Гомель,CH004,Гиппо,CUST_CH004,SKU_005,Сосиски,59,673.3
S20260129-CH001-02424,2026-01-29,Минск,CH001,Евроопт,CUST_CH001,SKU_004,Сосиски,26,331.74
S20250324-CH004-01699,2025-03-24,Гомель,CH004,Гиппо,CUST_CH004,SKU_005,Сосиски,57,689.66
S20260106-CH003-01954,2026-01-06,Гродно,CH003,Корона,CUST_CH003,SKU_002,Колбасы,81,1155.18
S20250322-CH002-01654,2025-03-22,Брест,CH002,Санта,CUST_CH002,SKU_006,Сосиски,57,808.1
S20260108-CH003-02004,2026-01-08,Гродно,CH003,Корона,CUST_CH003,SKU_001,Колбасы,19,222.97
S20250210-CH003-00811,2025-02-10,Гродно,CH003,Корона,CUST_CH003,SKU_001,Колбасы,56,638.17
S20250324-CH003-01694,2025-03-24,Гродно,CH003,Корона,CUST_CH003,SKU_004,Сосиски,39,508.39
S20260214-CH002-02763,2026-02-14,Брест,CH002,Санта,CUST_CH002,SKU_005,Сосиски,48,540.18
S20250122-CH001-00432,2025-01-22,Минск,CH001,Евроопт,CUST_CH001,SKU_011,Полуфабрикаты,76,726.99
S20260325-CH003-03577,2026-03-25,Гродно,CH003,Корона,CUST_CH003,SKU_009,Деликатесы,16,425.62
S20260210-CH001-02662,2026-02-10,Минск,CH001,Евроопт,CUST_CH001,SKU_009,Деликатесы,48,1257.19
S20260328-CH004-03644,2026-03-28,Гомель,CH004,Гиппо,CUST_CH004,SKU_007,Деликатесы,48,1094.71
S20250308-CH003-01369,2025-03-08,Гродно,CH003,Корона,CUST_CH003,SKU_002,Колбасы,46,698.27
S20250131-CH002-00621,2025-01-31,Брест,CH002,Санта,CUST_CH002,SKU_006,Сосиски,49,681.11
S20260114-CH002-02120,2026-01-14,Брест,CH002,Санта,CUST_CH002,SKU_006,Сосиски,84,1172.78
S20250316-CH004-01521,2025-03-16,Гомель,CH004,Гиппо,CUST_CH004,SKU_OLD_001,Колбасы,57,687.76
S20260218-CH001-02847,2026-02-18,Минск,CH001,Евроопт,CUST_CH001,SKU_010,Полуфабрикаты,66,508.65
S20250216-CH003-00937,2025-02-16,Гродно,CH003,Корона,CUST_CH003,SKU_002,Колбасы,50,770.47
S20250228-CH003-01206,2025-02-28,Гродно,CH003,Корона,CUST_CH003,SKU_011,Полуфабрикаты,66,625.97
S20250228-CH003-01203,2025-02-28,Гродно,CH003,Корона,CUST_CH003,SKU_006,Сосиски,78,1143.23
S20260315-CH004-03357,2026-03-15,Гомель,CH004,Гиппо,CUST_CH004,SKU_004,Сосиски,84,1102.88
S20260118-CH002-02203,2026-01-18,Брест,CH002,Санта,CUST_CH002,SKU_007,Деликатесы,29,656.91
S20260222-CH003-02941,2026-02-22,Гродно,CH003,Корона,CUST_CH003,SKU_011,Полуфабрикаты,23,217.09
S20250107-CH002-00131,2025-01-07,Брест,CH002,Санта,CUST_CH002,SKU_003,Колбасы,42,754.42
S20250126-CH003-00522,2025-01-26,Гродно,CH003,Корона,CUST_CH003,SKU_007,Деликатесы,43,944.72
S20250217-CH002-00956,2025-02-17,Брест,CH002,Санта,CUST_CH002,SKU_001,Колбасы,79,1022.03
S20250214-CH004-00914,2025-02-14,Гомель,CH004,Гиппо,CUST_CH004,SKU_004,Сосиски,39,532.04
S20250212-CH003-00860,2025-02-12,Гродно,CH003,Корона,CUST_CH003,SKU_007,Деликатесы,37,801.59
S20250329-CH004-01817,2025-03-29,Гомель,CH004,Гиппо,CUST_CH004,SKU_010,Полуфабрикаты,46,377.59
S20250305-CH004-01316,2025-03-05,Гомель,CH004,Гиппо,CUST_CH004,SKU_008,Деликатесы,29,707.28
S20260129-CH004-02444,2026-01-29,Гомель,CH004,Гиппо,CUST_CH004,SKU_010,Полуфабрикаты,49,414.08
S20260118-CH004-02207,2026-01-18,Гомель,CH004,Гиппо,CUST_CH004,SKU_001,Колбасы,44,481.84
S20250107-CH001-00128,2025-01-07,Минск,CH001,Евроопт,CUST_CH001,SKU_011,Полуфабрикаты,33,291.97
S20250114-CH003-00285,2025-01-14,Гродно,CH003,Корона,CUST_CH003,SKU_011,Полуфабрикаты,28,248.9
S20260207-CH004-02620,2026-02-07,Гомель,CH004,Гиппо,CUST_CH004,SKU_006,Сосиски,63,907.86
S20250218-CH003-00979,2025-02-18,Гродно,CH003,Корона,CUST_CH003,SKU_003,Колбасы,25,499.42
S20250131-CH003-00624,2025-01-31,Гродно,CH003,Корона,CUST_CH003,SKU_004,Сосиски,55,695.73
S20260305-CH001-03147,2026-03-05,Минск,CH001,Евроопт,CUST_CH001,SKU_011,Полуфабрикаты,69,630.48
S20250204-CH002-00689,2025-02-04,Брест,CH002,Санта,CUST_CH002,SKU_006,Сосиски,45,652.93
S20260124-CH002-02343,2026-01-24,Брест,CH002,Санта,CUST_CH002,SKU_002,Колбасы,44,675.37
S20250308-CH002-01367,2025-03-08,Брест,CH002,Санта,CUST_CH002,SKU_006,Сосиски,57,773.43
S20260131-CH001-02472,2026-01-31,Минск,CH001,Евроопт,CUST_CH001,SKU_011,Полуфабрикаты,62,543.78
S20250219-CH002-00996,2025-02-19,Брест,CH002,Санта,CUST_CH002,SKU_003,Колбасы,66,1219.36
S20260205-CH002-02572,2026-02-05,Брест,CH002,Санта,CUST_CH002,SKU_OLD_005,Сосиски,77,872.87
S20260217-CH001-02818,2026-02-17,Минск,CH001,Евроопт,CUST_CH001,SKU_OLD_001,Колбасы,49,602.55
S20260203-CH003-02535,2026-02-03,Гродно,CH003,Корона,CUST_CH003,SKU_007,Деликатесы,30,666.68
S20260308-CH001-03200,2026-03-08,Минск,CH001,Евроопт,CUST_CH001,SKU_007,Деликатесы,44,919.42
S20250130-CH004-00611,2025-01-30,Гомель,CH004,Гиппо,CUST_CH004,SKU_011,Полуфабрикаты,38,345.71
S20250123-CH002-00459,2025-01-23,Брест,CH002,Санта,CUST_CH002,SKU_011,Полуфабрикаты,63,570.7
S20260213-CH004-02753,2026-02-13,Гомель,CH004,Гиппо,CUST_CH004,SKU_004,Сосиски,53,709.3
S20260114-CH004-02133,2026-01-14,Гомель,CH004,Гиппо,CUST_CH004,SKU_007,Деликатесы,30,671.4
S20250123-CH003-00463,2025-01-23,Гродно,CH003,Корона,CUST_CH003,SKU_004,Сосиски,71,873.79
S20250319-CH002-01574,2025-03-19,Брест,CH002,Санта,CUST_CH002,SKU_003,Колбасы,41,719.6
S20250209-CH002-00793,2025-02-09,Брест,CH002,Санта,CUST_CH002,SKU_012,Полуфабрикаты,61,468.6
S20250125-CH004-00505,2025-01-25,Гомель,CH004,Гиппо,CUST_CH004,SKU_003,Колбасы,69,1218.73
S20250115-CH004-00309,2025-01-15,Гомель,CH004,Гиппо,CUST_CH004,SKU_009,Деликатесы,29,773.15
S20260116-CH003-02168,2026-01-16,Гродно,CH003,Корона,CUST_CH003,SKU_001,Колбасы,68,797.56
S20250119-CH001-00364,2025-01-19,Минск,CH001,Евроопт,CUST_CH001,SKU_010,Полуфабрикаты,55,445.35
S20250129-CH002-00580,2025-01-29,Брест,CH002,Санта,CUST_CH002,SKU_008,Деликатесы,41,972.81
S20250106-CH001-00106,2025-01-06,Минск,CH001,Евроопт,CUST_CH001,SKU_009,Деликатесы,35,946.17
S20250325-CH001-01706,2025-03-25,Минск,CH001,Евроопт,CUST_CH001,SKU_009,Деликатесы,16,410.13
S20260217-CH002-02830,2026-02-17,Брест,CH002,Санта,CUST_CH002,SKU_OLD_009,Деликатесы,52,1320.22
S20250225-CH002-01133,2025-02-25,Брест,CH002,Санта,CUST_CH002,SKU_009,Деликатесы,37,1002.15
S20250125-CH004-00508,2025-01-25,Гомель,CH004,Гиппо,CUST_CH004,SKU_010,Полуфабрикаты,79,636.38
S20260105-CH002-01931,2026-01-05,Брест,CH002,Санта,CUST_CH002,SKU_008,Деликатесы,23,536.75
S20250219-CH004-01012,2025-02-19,Гомель,CH004,Гиппо,CUST_CH004,SKU_005,Сосиски,74,812.02
S20260227-CH001-03041,2026-02-27,Минск,CH001,Евроопт,CUST_CH001,SKU_011,Полуфабрикаты,85,773.57
S20250216-CH004-00947,2025-02-16,Гомель,CH004,Гиппо,CUST_CH004,SKU_010,Полуфабрикаты,48,382.53
S20260320-CH004-03476,2026-03-20,Гомель,CH004,Гиппо,CUST_CH004,SKU_006,Сосиски,40,582.95
S20260212-CH002-02717,2026-02-12,Брест,CH002,Санта,CUST_CH002,SKU_006,Сосиски,62,857.51
S20260109-CH003-02032,2026-01-09,Гродно,CH003,Корона,CUST_CH003,SKU_002,Колбасы,45,682.53
S20250306-CH004-01337,2025-03-06,Гомель,CH004,Гиппо,CUST_CH004,SKU_003,Колбасы,53,936.01
S20260123-CH002-02324,2026-01-23,Брест,CH002,Санта,CUST_CH002,SKU_005,Сосиски,39,447.96
S20260101-CH003-01869,2026-01-01,Гродно,CH003,Корона,CUST_CH003,SKU_011,Полуфабрикаты,53,474.34
S20260205-CH004-02585,2026-02-05,Гомель,CH004,Гиппо,CUST_CH004,SKU_005,Сосиски,49,541.25
S20260317-CH004-03399,2026-03-17,Гомель,CH004,Гиппо,CUST_CH004,SKU_002,Колбасы,85,1345.17
S20250109-CH004-00189,2025-01-09,Гомель,CH004,Гиппо,CUST_CH004,SKU_004,Сосиски,67,876.59
S20250328-CH003-01794,2025-03-28,Гродно,CH003,Корона,CUST_CH003,SKU_004,Сосиски,41,515.87
S20260128-CH004-02422,2026-01-28,Гомель,CH004,Гиппо,CUST_CH004,SKU_007,Деликатесы,41,897.53
S20260329-CH001-03651,2026-03-29,Минск,CH001,Евроопт,CUST_CH001,SKU_OLD_009,Деликатесы,20,510.63
S20260314-CH001-03328,2026-03-14,Минск,CH001,Евроопт,CUST_CH001,SKU_004,Сосиски,52,718.98
S20260123-CH002-02326,2026-01-23,Брест,CH002,Санта,CUST_CH002,SKU_008,Деликатесы,26,637.69
S20260325-CH004-03583,2026-03-25,Гомель,CH004,Гиппо,CUST_CH004,SKU_009,Деликатесы,19,491.99
S20260323-CH004-03535,2026-03-23,Гомель,CH004,Гиппо,CUST_CH004,SKU_010,Полуфабрикаты,86,637.9
S20260327-CH001-03614,2026-03-27,Минск,CH001,Евроопт,CUST_CH001,SKU_OLD_005,Сосиски,60,688.77
S20260114-CH001-02115,2026-01-14,Минск,CH001,Евроопт,CUST_CH001,SKU_007,Деликатесы,34,748.22
S20260103-CH004-01906,2026-01-03,Гомель,CH004,Гиппо,CUST_CH004,SKU_012,Полуфабрикаты,45,342.46
S20260104-CH003-01915,2026-01-04,Гродно,CH003,Корона,CUST_CH003,SKU_001,Колбасы,79,963.96
S20250218-CH002-00977,2025-02-18,Брест,CH002,Санта,CUST_CH002,SKU_010,Полуфабрикаты,42,328.31
RET20250331-012,2025-03-31,Гомель,CH004,Гиппо,CUST_CH004,SKU_009,Деликатесы,-8,-206.38
S20250325-CH001-01708,2025-03-25,Минск,CH001,Евроопт,CUST_CH001,SKU_012,Полуфабрикаты,43,320.84
S20260121-CH002-02265,2026-01-21,Брест,CH002,Санта,CUST_CH002,SKU_001,Колбасы,60,706.12
S20260127-CH001-02389,2026-01-27,Минск,CH001,Евроопт,CUST_CH001,SKU_008,Деликатесы,30,750.3
S20250212-CH004-00863,2025-02-12,Гомель,CH004,Гиппо,CUST_CH004,SKU_001,Колбасы,41,510.7
S20250227-CH001-01174,2025-02-27,Минск,CH001,Евроопт,CUST_CH001,SKU_011,Полуфабрикаты,48,418.95
S20250322-CH002-01652,2025-03-22,Брест,CH002,Санта,CUST_CH002,SKU_002,Колбасы,53,766.46
S20250307-CH001-01341,2025-03-07,Минск,CH001,Евроопт,CUST_CH001,SKU_002,Колбасы,58,860.8
S20250114-CH003-00282,2025-01-14,Гродно,CH003,Корона,CUST_CH003,SKU_005,Сосиски,67,761.71
S20250315-CH004-01510,2025-03-15,Гомель,CH004,Гиппо,CUST_CH004,SKU_001,Колбасы,44,538.2
S20260205-CH002-02571,2026-02-05,Брест,CH002,Санта,CUST_CH002,SKU_003,Колбасы,51,935.23
S20250224-CH003-01116,2025-02-24,Гродно,CH003,Корона,CUST_CH003,SKU_010,Полуфабрикаты,45,369.96
S20250118-CH003-00354,2025-01-18,Гродно,CH003,Корона,CUST_CH003,SKU_008,Деликатесы,10,254.74
S20250220-CH004-01035,2025-02-20,Гомель,CH004,Гиппо,CUST_CH004,SKU_004,Сосиски,74,993.19
S20260205-CH002-02574,2026-02-05,Брест,CH002,Санта,CUST_CH002,SKU_011,Полуфабрикаты,59,527.07
S20250206-CH001-00732,2025-02-06,Минск,CH001,Евроопт,CUST_CH001,SKU_012,Полуфабрикаты,52,378.39
S20250312-CH004-01446,2025-03-12,Гомель,CH004,Гиппо,CUST_CH004,SKU_002,Колбасы,51,707.95
S20250204-CH004-00703,2025-02-04,Гомель,CH004,Гиппо,CUST_CH004,SKU_005,Сосиски,68,761.29
S20260326-CH002-03594,2026-03-26,Брест,CH002,Санта,CUST_CH002,SKU_005,Сосиски,29,358.26
S20260222-CH003-02936,2026-02-22,Гродно,CH003,Корона,CUST_CH003,SKU_001,Колбасы,51,616.46
S20260312-CH002-03291,2026-03-12,Брест,CH002,Санта,CUST_CH002,SKU_007,Деликатесы,25,554.72
S20250108-CH002-00161,2025-01-08,Брест,CH002,Санта,CUST_CH002,SKU_011,Полуфабрикаты,56,514.5
S20260303-CH004-03118,2026-03-03,Гомель,CH004,Гиппо,CUST_CH004,SKU_012,Полуфабрикаты,57,442.0
S20250331-CH003-01842,2025-03-31,Гродно,CH003,Корона,CUST_CH003,SKU_004,Сосиски,52,705.08
S20260306-CH004-03176,2026-03-06,Гомель,CH004,Гиппо,CUST_CH004,SKU_007,Деликатесы,73,1547.65
S20260130-CH002-02453,2026-01-30,Брест,CH002,Санта,CUST_CH002,SKU_002,Колбасы,71,1099.6
S20250323-CH004-01679,2025-03-23,Гомель,CH004,Гиппо,CUST_CH004,SKU_012,Полуфабрикаты,51,354.0
S20250225-CH003-01138,2025-02-25,Гродно,CH003,Корона,CUST_CH003,SKU_004,Сосиски,39,487.73
S20250310-CH001-01386,2025-03-10,Минск,CH001,Евроопт,CUST_CH001,SKU_002,Колбасы,47,686.58
S20250228-CH002-01199,2025-02-28,Брест,CH002,Санта,CUST_CH002,SKU_009,Деликатесы,15,376.3
S20260119-CH001-02212,2026-01-19,Минск,CH001,Евроопт,CUST_CH001,SKU_001,Колбасы,80,991.78
S20250125-CH003-00502,2025-01-25,Гродно,CH003,Корона,CUST_CH003,SKU_004,Сосиски,55,698.81
S20260115-CH003-02145,2026-01-15,Гродно,CH003,Корона,CUST_CH003,SKU_004,Сосиски,85,1128.42
S20260124-CH004-02349,2026-01-24,Гомель,CH004,Гиппо,CUST_CH004,SKU_009,Деликатесы,39,1059.16
S20250108-CH003-00163,2025-01-08,Гродно,CH003,Корона,CUST_CH003,SKU_004,Сосиски,40,497.9
S20260329-CH003-03656,2026-03-29,Гродно,CH003,Корона,CUST_CH003,SKU_002,Колбасы,53,773.96
S20260211-CH002-02696,2026-02-11,Брест,CH002,Санта,CUST_CH002,SKU_010,Полуфабрикаты,50,402.26
S20260315-CH001-03342,2026-03-15,Минск,CH001,Евроопт,CUST_CH001,SKU_004,Сосиски,72,934.33
S20250109-CH003-00186,2025-01-09,Гродно,CH003,Корона,CUST_CH003,SKU_008,Деликатесы,28,683.71
S20250123-CH002-00460,2025-01-23,Брест,CH002,Санта,CUST_CH002,SKU_012,Полуфабрикаты,48,362.45
S20260108-CH004-02014,2026-01-08,Гомель,CH004,Гиппо,CUST_CH004,SKU_006,Сосиски,49,679.76
S20260125-CH004-02360,2026-01-25,Гомель,CH004,Гиппо,CUST_CH004,SKU_007,Деликатесы,42,927.62
S20250219-CH003-01008,2025-02-19,Гродно,CH003,Корона,CUST_CH003,SKU_011,Полуфабрикаты,66,589.97
S20250219-CH003-01009,2025-02-19,Гродно,CH003,Корона,CUST_CH003,SKU_012,Полуфабрикаты,51,355.67
S20260204-CH004-02560,2026-02-04,Гомель,CH004,Гиппо,CUST_CH004,SKU_008,Деликатесы,5,123.43
S20260121-CH002-02266,2026-01-21,Брест,CH002,Санта,CUST_CH002,SKU_003,Колбасы,63,1171.52
S20260215-CH004-02791,2026-02-15,Гомель,CH004,Гиппо,CUST_CH004,SKU_006,Сосиски,90,1305.12
S20260125-CH004-02361,2026-01-25,Гомель,CH004,Гиппо,CUST_CH004,SKU_012,Полуфабрикаты,77,587.97
S20260120-CH002-02245,2026-01-20,Брест,CH002,Санта,CUST_CH002,SKU_006,Сосиски,75,1050.05
S20250304-CH003-01288,2025-03-04,Гродно,CH003,Корона,CUST_CH003,SKU_009,Деликатесы,58,1449.31
S20250119-CH003-00369,2025-01-19,Гродно,CH003,Корона,CUST_CH003,SKU_007,Деликатесы,31,705.46
S20250227-CH001-01169,2025-02-27,Минск,CH001,Евроопт,CUST_CH001,SKU_003,Колбасы,62,1117.94
S20250310-CH004-01403,2025-03-10,Гомель,CH004,Гиппо,CUST_CH004,SKU_003,Колбасы,48,810.29
S20260102-CH002-01882,2026-01-02,Брест,CH002,Санта,CUST_CH002,SKU_008,Деликатесы,17,419.76
S20250306-CH001-01319,2025-03-06,Минск,CH001,Евроопт,CUST_CH001,SKU_002,Колбасы,52,805.7
S20250124-CH004-00494,2025-01-24,Гомель,CH004,Гиппо,CUST_CH004,SKU_011,Полуфабрикаты,76,705.0
S20250112-CH001-00232,2025-01-12,Минск,CH001,Евроопт,CUST_CH001,SKU_004,Сосиски,45,589.38
S20260206-CH001-02594,2026-02-06,Минск,CH001,Евроопт,CUST_CH001,SKU_007,Деликатесы,24,531.95
S20250117-CH001-00334,2025-01-17,Минск,CH001,Евроопт,CUST_CH001,SKU_009,Деликатесы,24,656.85
S20250314-CH001-01476,2025-03-14,Минск,CH001,Евроопт,CUST_CH001,SKU_009,Деликатесы,40,1068.3
S20260218-CH002-02849,2026-02-18,Брест,CH002,Санта,CUST_CH002,SKU_001,Колбасы,54,631.1
S20250209-CH001-00789,2025-02-09,Минск,CH001,Евроопт,CUST_CH001,SKU_008,Деликатесы,5,124.89
S20250225-CH003-01139,2025-02-25,Гродно,CH003,Корона,CUST_CH003,SKU_OLD_005,Сосиски,64,706.41
S20260315-CH002-03349,2026-03-15,Брест,CH002,Санта,CUST_CH002,SKU_011,Полуфабрикаты,76,710.99
S20260217-CH003-02836,2026-02-17,Гродно,CH003,Корона,CUST_CH003,SKU_010,Полуфабрикаты,99,793.28
S20250119-CH004-00381,2025-01-19,Гомель,CH004,Гиппо,CUST_CH004,SKU_011,Полуфабрикаты,46,415.77
S20260203-CH002-02526,2026-02-03,Брест,CH002,Санта,CUST_CH002,SKU_002,Колбасы,72,1093.27
S20260210-CH004-02683,2026-02-10,Гомель,CH004,Гиппо,CUST_CH004,SKU_010,Полуфабрикаты,58,439.68
S20250103-CH004-00068,2025-01-03,Гомель,CH004,Гиппо,CUST_CH004,SKU_009,Деликатесы,15,411.16
S20260213-CH002-02738,2026-02-13,Брест,CH002,Санта,CUST_CH002,SKU_001,Колбасы,58,735.87
S20260120-CH002-02246,2026-01-20,Брест,CH002,Санта,CUST_CH002,SKU_010,Полуфабрикаты,67,518.04
S20250124-CH001-00478,2025-01-24,Минск,CH001,Евроопт,CUST_CH001,SKU_007,Деликатесы,26,594.37
S20260226-CH004-03033,2026-02-26,Гомель,CH004,Гиппо,CUST_CH004,SKU_007,Деликатесы,33,719.06
S20260211-CH004-02703,2026-02-11,Гомель,CH004,Гиппо,CUST_CH004,SKU_OLD_005,Сосиски,48,552.12
S20260216-CH004-02814,2026-02-16,Гомель,CH004,Гиппо,CUST_CH004,SKU_005,Сосиски,66,784.3
S20250227-CH001-01173,2025-02-27,Минск,CH001,Евроопт,CUST_CH001,SKU_009,Деликатесы,5,134.99
S20260227-CH003-03050,2026-02-27,Гродно,CH003,Корона,CUST_CH003,SKU_005,Сосиски,64,717.5
S20260214-CH002-02762,2026-02-14,Брест,CH002,Санта,CUST_CH002,SKU_003,Колбасы,72,1268.12
S20250304-CH002-01282,2025-03-04,Брест,CH002,Санта,CUST_CH002,SKU_010,Полуфабрикаты,38,306.72
S20250121-CH004-00426,2025-01-21,Гомель,CH004,Гиппо,CUST_CH004,SKU_012,Полуфабрикаты,46,338.29
S20250320-CH002-01603,2025-03-20,Брест,CH002,Санта,CUST_CH002,SKU_011,Полуфабрикаты,37,325.11
S20260303-CH002-03104,2026-03-03,Брест,CH002,Санта,CUST_CH002,SKU_009,Деликатесы,24,626.82
S20250110-CH002-00208,2025-01-10,Брест,CH002,Санта,CUST_CH002,SKU_011,Полуфабрикаты,59,517.09
S20250306-CH003-01334,2025-03-06,Гродно,CH003,Корона,CUST_CH003,SKU_009,Деликатесы,35,870.74
S20250110-CH001-00200,2025-01-10,Минск,CH001,Евроопт,CUST_CH001,SKU_012,Полуфабрикаты,53,414.72
S20260327-CH001-03616,2026-03-27,Минск,CH001,Евроопт,CUST_CH001,SKU_007,Деликатесы,14,326.19
S20260104-CH003-01916,2026-01-04,Гродно,CH003,Корона,CUST_CH003,SKU_003,Колбасы,58,1024.7
S20250213-CH002-00882,2025-02-13,Брест,CH002,Санта,CUST_CH002,SKU_010,Полуфабрикаты,56,422.88
S20250107-CH004-00144,2025-01-07,Гомель,CH004,Гиппо,CUST_CH004,SKU_007,Деликатесы,25,561.33
S20250327-CH003-01773,2025-03-27,Гродно,CH003,Корона,CUST_CH003,SKU_011,Полуфабрикаты,68,618.71
S20250319-CH003-01581,2025-03-19,Гродно,CH003,Корона,CUST_CH003,SKU_008,Деликатесы,17,414.51
S20260324-CH001-03539,2026-03-24,Минск,CH001,Евроопт,CUST_CH001,SKU_006,Сосиски,73,1095.68
S20250112-CH004-00250,2025-01-12,Гомель,CH004,Гиппо,CUST_CH004,SKU_012,Полуфабрикаты,42,299.75
S20260128-CH001-02411,2026-01-28,Минск,CH001,Евроопт,CUST_CH001,SKU_011,Полуфабрикаты,58,518.64
S20260126-CH002-02365,2026-01-26,Брест,CH002,Санта,CUST_CH002,SKU_003,Колбасы,86,1549.05
S20250313-CH002-01455,2025-03-13,Брест,CH002,Санта,CUST_CH002,SKU_OLD_001,Колбасы,44,551.23
S20260127-CH003-02397,2026-01-27,Гродно,CH003,Корона,CUST_CH003,SKU_002,Колбасы,59,893.19
S20260206-CH004-02604,2026-02-06,Гомель,CH004,Гиппо,CUST_CH004,SKU_004,Сосиски,79,1008.81
S20250121-CH003-00418,2025-01-21,Гродно,CH003,Корона,CUST_CH003,SKU_012,Полуфабрикаты,54,408.32
S20260323-CH003-03528,2026-03-23,Гродно,CH003,Корона,CUST_CH003,SKU_011,Полуфабрикаты,63,532.75
S20260211-CH002-02692,2026-02-11,Брест,CH002,Санта,CUST_CH002,SKU_003,Колбасы,47,895.88
S20260209-CH002-02640,2026-02-09,Брест,CH002,Санта,CUST_CH002,SKU_011,Полуфабрикаты,49,442.22
S20260306-CH004-03174,2026-03-06,Гомель,CH004,Гиппо,CUST_CH004,SKU_003,Колбасы,53,996.5
S20260210-CH004-02679,2026-02-10,Гомель,CH004,Гиппо,CUST_CH004,SKU_004,Сосиски,35,440.59
S20260123-CH003-02330,2026-01-23,Гродно,CH003,Корона,CUST_CH003,SKU_004,Сосиски,64,808.64
S20260222-CH003-02937,2026-02-22,Гродно,CH003,Корона,CUST_CH003,SKU_003,Колбасы,67,1167.56
S20260307-CH003-03193,2026-03-07,Гродно,CH003,Корона,CUST_CH003,SKU_004,Сосиски,68,923.23
S20260203-CH001-02522,2026-02-03,Минск,CH001,Евроопт,CUST_CH001,SKU_008,Деликатесы,28,652.88
S20250225-CH001-01129,2025-02-25,Минск,CH001,Евроопт,CUST_CH001,SKU_012,Полуфабрикаты,67,495.1
S20250316-CH004-01523,2025-03-16,Гомель,CH004,Гиппо,CUST_CH004,SKU_OLD_005,Сосиски,59,629.82
S20260130-CH004-02467,2026-01-30,Гомель,CH004,Гиппо,CUST_CH004,SKU_012,Полуфабрикаты,85,662.54
S20260205-CH004-02583,2026-02-05,Гомель,CH004,Гиппо,CUST_CH004,SKU_002,Колбасы,73,1132.31
S20250314-CH003-01486,2025-03-14,Гродно,CH003,Корона,CUST_CH003,SKU_003,Колбасы,25,448.92
S20260107-CH002-01978,2026-01-07,Брест,CH002,Санта,CUST_CH002,SKU_007,Деликатесы,21,452.11
S20260225-CH003-03007,2026-02-25,Гродно,CH003,Корона,CUST_CH003,SKU_011,Полуфабрикаты,63,588.71
S20250214-CH004-00913,2025-02-14,Гомель,CH004,Гиппо,CUST_CH004,SKU_002,Колбасы,57,868.23
S20250116-CH004-00327,2025-01-16,Гомель,CH004,Гиппо,CUST_CH004,SKU_009,Деликатесы,24,599.83
S20260115-CH003-02146,2026-01-15,Гродно,CH003,Корона,CUST_CH003,SKU_007,Деликатесы,39,845.08
S20250104-CH004-00084,2025-01-04,Гомель,CH004,Гиппо,CUST_CH004,SKU_009,Деликатесы,39,1081.32
S20250207-CH003-00766,2025-02-07,Гродно,CH003,Корона,CUST_CH003,SKU_011,Полуфабрикаты,56,472.8
S20260127-CH002-02395,2026-01-27,Брест,CH002,Санта,CUST_CH002,SKU_011,Полуфабрикаты,28,250.5
S20260209-CH004-02647,2026-02-09,Гомель,CH004,Гиппо,CUST_CH004,SKU_002,Колбасы,38,551.68
S20250106-CH001-00103,2025-01-06,Минск,CH001,Евроопт,CUST_CH001,SKU_003,Колбасы,35,609.32
S20250107-CH004-00147,2025-01-07,Гомель,CH004,Гиппо,CUST_CH004,SKU_012,Полуфабрикаты,46,355.26
S20250225-CH002-01134,2025-02-25,Брест,CH002,Санта,CUST_CH002,SKU_010,Полуфабрикаты,30,242.69
S20260202-CH001-02500,2026-02-02,Минск,CH001,Евроопт,CUST_CH001,SKU_012,Полуфабрикаты,73,531.25
S20250120-CH003-00395,2025-01-20,Гродно,CH003,Корона,CUST_CH003,SKU_011,Полуфабрикаты,54,457.75
S20260315-CH001-03344,2026-03-15,Минск,CH001,Евроопт,CUST_CH001,SKU_007,Деликатесы,22,468.32
S20260320-CH003-03470,2026-03-20,Гродно,CH003,Корона,CUST_CH003,SKU_001,Колбасы,53,607.04
S20260131-CH001-02468,2026-01-31,Минск,CH001,Евроопт,CUST_CH001,SKU_005,Сосиски,53,621.09
S20260323-CH001-03516,2026-03-23,Минск,CH001,Евроопт,CUST_CH001,SKU_OLD_012,Полуфабрикаты,39,287.05
S20250301-CH003-01222,2025-03-01,Гродно,CH003,Корона,CUST_CH003,SKU_010,Полуфабрикаты,33,270.37
S20260122-CH001-02291,2026-01-22,Минск,CH001,Евроопт,CUST_CH001,SKU_010,Полуфабрикаты,63,486.63
S20260323-CH001-03511,2026-03-23,Минск,CH001,Евроопт,CUST_CH001,SKU_001,Колбасы,92,1041.19
S20260106-CH003-01956,2026-01-06,Гродно,CH003,Корона,CUST_CH003,SKU_006,Сосиски,39,550.18
S20250304-CH003-01289,2025-03-04,Гродно,CH003,Корона,CUST_CH003,SKU_010,Полуфабрикаты,69,571.26
S20250116-CH004-00322,2025-01-16,Гомель,CH004,Гиппо,CUST_CH004,SKU_001,Колбасы,51,579.8
S20250106-CH002-00112,2025-01-06,Брест,CH002,Санта,CUST_CH002,SKU_007,Деликатесы,37,768.05
S20250129-CH004-00589,2025-01-29,Гомель,CH004,Гиппо,CUST_CH004,SKU_008,Деликатесы,5,119.59
S20260113-CH004-02110,2026-01-13,Гомель,CH004,Гиппо,CUST_CH004,SKU_006,Сосиски,66,865.66
S20260330-CH001-03661,2026-03-30,Минск,CH001,Евроопт,CUST_CH001,SKU_003,Колбасы,70,1254.81
S20260322-CH002-03505,2026-03-22,Брест,CH002,Санта,CUST_CH002,SKU_010,Полуфабрикаты,81,680.74
S20260321-CH001-03481,2026-03-21,Минск,CH001,Евроопт,CUST_CH001,SKU_011,Полуфабрикаты,78,707.7
S20250314-CH002-01479,2025-03-14,Брест,CH002,Санта,CUST_CH002,SKU_001,Колбасы,62,737.84
S20260126-CH002-02370,2026-01-26,Брест,CH002,Санта,CUST_CH002,SKU_008,Деликатесы,8,196.71
S20250107-CH003-00137,2025-01-07,Гродно,CH003,Корона,CUST_CH003,SKU_003,Колбасы,71,1278.46
S20250226-CH003-01159,2025-02-26,Гродно,CH003,Корона,CUST_CH003,SKU_002,Колбасы,66,968.61
S20250202-CH003-00654,2025-02-02,Гродно,CH003,Корона,CUST_CH003,SKU_008,Деликатесы,28,671.79
S20260126-CH001-02364,2026-01-26,Минск,CH001,Евроопт,CUST_CH001,SKU_012,Полуфабрикаты,63,464.42
S20260127-CH004-02404,2026-01-27,Гомель,CH004,Гиппо,CUST_CH004,SKU_011,Полуфабрикаты,49,451.07
S20260312-CH003-03296,2026-03-12,Гродно,CH003,Корона,CUST_CH003,SKU_003,Колбасы,57,983.71
S20260203-CH003-02532,2026-02-03,Гродно,CH003,Корона,CUST_CH003,SKU_OLD_001,Колбасы,56,640.46
S20260303-CH003-03110,2026-03-03,Гродно,CH003,Корона,CUST_CH003,SKU_011,Полуфабрикаты,57,537.6
S20250221-CH002-01048,2025-02-21,Брест,CH002,Санта,CUST_CH002,SKU_003,Колбасы,69,1238.71
S20260208-CH004-02632,2026-02-08,Гомель,CH004,Гиппо,CUST_CH004,SKU_001,Колбасы,64,779.22
S20260202-CH004-02519,2026-02-02,Гомель,CH004,Гиппо,CUST_CH004,SKU_010,Полуфабрикаты,95,741.73
S20250317-CH001-01531,2025-03-17,Минск,CH001,Евроопт,CUST_CH001,SKU_012,Полуфабрикаты,54,400.28
S20250216-CH001-00931,2025-02-16,Минск,CH001,Евроопт,CUST_CH001,SKU_003,Колбасы,53,981.07
S20250313-CH003-01465,2025-03-13,Гродно,CH003,Корона,CUST_CH003,SKU_008,Деликатесы,46,1142.08
S20260101-CH004-01876,2026-01-01,Гомель,CH004,Гиппо,CUST_CH004,SKU_011,Полуфабрикаты,51,464.29
S20250111-CH001-00221,2025-01-11,Минск,CH001,Евроопт,CUST_CH001,SKU_007,Деликатесы,33,725.17
S20260215-CH002-02781,2026-02-15,Брест,CH002,Санта,CUST_CH002,SKU_009,Деликатесы,14,363.67
S20250215-CH004-00928,2025-02-15,Гомель,CH004,Гиппо,CUST_CH004,SKU_005,Сосиски,69,774.88
S20260326-CH004-03605,2026-03-26,Гомель,CH004,Гиппо,CUST_CH004,SKU_002,Колбасы,41,639.85
S20250313-CH001-01454,2025-03-13,Минск,CH001,Евроопт,CUST_CH001,SKU_007,Деликатесы,20,422.6
S20260128-CH001-02406,2026-01-28,Минск,CH001,Евроопт,CUST_CH001,SKU_002,Колбасы,72,1007.65
S20260213-CH004-02756,2026-02-13,Гомель,CH004,Гиппо,CUST_CH004,SKU_009,Деликатесы,32,853.21
S20260106-CH001-01946,2026-01-06,Минск,CH001,Евроопт,CUST_CH001,SKU_004,Сосиски,71,941.82
S20260210-CH001-02655,2026-02-10,Минск,CH001,Евроопт,CUST_CH001,SKU_OLD_001,Колбасы,49,567.86
S20250127-CH002-00534,2025-01-27,Брест,CH002,Санта,CUST_CH002,SKU_002,Колбасы,36,561.94
S20260219-CH001-02867,2026-02-19,Минск,CH001,Евроопт,CUST_CH001,SKU_OLD_001,Колбасы,77,917.84
S20250130-CH004-00607,2025-01-30,Гомель,CH004,Гиппо,CUST_CH004,SKU_002,Колбасы,44,680.67
S20250104-CH002-00075,2025-01-04,Брест,CH002,Санта,CUST_CH002,SKU_006,Сосиски,62,877.02
S20250327-CH002-01765,2025-03-27,Брест,CH002,Санта,CUST_CH002,SKU_011,Полуфабрикаты,26,225.39
S20250202-CH002-00649,2025-02-02,Брест,CH002,Санта,CUST_CH002,SKU_003,Колбасы,67,1193.75
S20260208-CH002-02624,2026-02-08,Брест,CH002,Санта,CUST_CH002,SKU_002,Колбасы,51,723.26
S20250306-CH001-01323,2025-03-06,Минск,CH001,Евроопт,CUST_CH001,SKU_010,Полуфабрикаты,35,272.31
S20250319-CH002-01577,2025-03-19,Брест,CH002,Санта,CUST_CH002,SKU_007,Деликатесы,4,86.85
S20260310-CH001-03239,2026-03-10,Минск,CH001,Евроопт,CUST_CH001,SKU_008,Деликатесы,47,1092.05
S20250106-CH002-00114,2025-01-06,Брест,CH002,Санта,CUST_CH002,SKU_011,Полуфабрикаты,55,476.33
S20260216-CH004-02817,2026-02-16,Гомель,CH004,Гиппо,CUST_CH004,SKU_011,Полуфабрикаты,63,572.92
S20250218-CH004-00987,2025-02-18,Гомель,CH004,Гиппо,CUST_CH004,SKU_009,Деликатесы,37,968.56
S20260302-CH003-03090,2026-03-02,Гродно,CH003,Корона,CUST_CH003,SKU_007,Деликатесы,56,1269.8
S20250206-CH004-00748,2025-02-06,Гомель,CH004,Гиппо,CUST_CH004,SKU_006,Сосиски,76,1138.71
S20260101-CH002-01864,2026-01-01,Брест,CH002,Санта,CUST_CH002,SKU_011,Полуфабрикаты,68,634.91
S20250111-CH002-00223,2025-01-11,Брест,CH002,Санта,CUST_CH002,SKU_012,Полуфабрикаты,36,276.33
S20250126-CH003-00519,2025-01-26,Гродно,CH003,Корона,CUST_CH003,SKU_001,Колбасы,37,421.24
S20250307-CH002-01349,2025-03-07,Брест,CH002,Санта,CUST_CH002,SKU_012,Полуфабрикаты,64,457.95
S20250315-CH002-01503,2025-03-15,Брест,CH002,Санта,CUST_CH002,SKU_009,Деликатесы,32,793.11
S20260204-CH003-02553,2026-02-04,Гродно,CH003,Корона,CUST_CH003,SKU_011,Полуфабрикаты,67,607.26
S20250323-CH001-01666,2025-03-23,Минск,CH001,Евроопт,CUST_CH001,SKU_011,Полуфабрикаты,61,519.3
S20250318-CH003-01556,2025-03-18,Гродно,CH003,Корона,CUST_CH003,SKU_010,Полуфабрикаты,34,269.3
S20260127-CH004-02403,2026-01-27,Гомель,CH004,Гиппо,CUST_CH004,SKU_003,Колбасы,57,968.69
S20260211-CH002-02695,2026-02-11,Брест,CH002,Санта,CUST_CH002,SKU_009,Деликатесы,10,240.18
S20250224-CH004-01120,2025-02-24,Гомель,CH004,Гиппо,CUST_CH004,SKU_006,Сосиски,49,702.48
S20250102-CH003-00036,2025-01-02,Гродно,CH003,Корона,CUST_CH003,SKU_007,Деликатесы,33,765.08
S20250211-CH001-00831,2025-02-11,Минск,CH001,Евроопт,CUST_CH001,SKU_008,Деликатесы,46,1099.44
S20260115-CH004-02150,2026-01-15,Гомель,CH004,Гиппо,CUST_CH004,SKU_003,Колбасы,45,787.53
S20260206-CH003-02602,2026-02-06,Гродно,CH003,Корона,CUST_CH003,SKU_005,Сосиски,63,744.04
S20250327-CH002-01762,2025-03-27,Брест,CH002,Санта,CUST_CH002,SKU_006,Сосиски,37,547.54
S20260207-CH003-02617,2026-02-07,Гродно,CH003,Корона,CUST_CH003,SKU_005,Сосиски,44,501.45
S20250118-CH001-00348,2025-01-18,Минск,CH001,Евроопт,CUST_CH001,SKU_OLD_001,Колбасы,63,747.81
S20250108-CH003-00168,2025-01-08,Гродно,CH003,Корона,CUST_CH003,SKU_010,Полуфабрикаты,68,541.2
S20260308-CH004-03216,2026-03-08,Гомель,CH004,Гиппо,CUST_CH004,SKU_011,Полуфабрикаты,51,416.94
S20250106-CH003-00117,2025-01-06,Гродно,CH003,Корона,CUST_CH003,SKU_006,Сосиски,55,752.44
S20260108-CH001-01996,2026-01-08,Минск,CH001,Евроопт,CUST_CH001,SKU_010,Полуфабрикаты,34,267.51
S20260317-CH003-03393,2026-03-17,Гродно,CH003,Корона,CUST_CH003,SKU_002,Колбасы,71,1049.3
S20250127-CH001-00531,2025-01-27,Минск,CH001,Евроопт,CUST_CH001,SKU_006,Сосиски,65,819.27
S20250310-CH002-01395,2025-03-10,Брест,CH002,Санта,CUST_CH002,SKU_008,Деликатесы,19,458.9
S20260303-CH001-03099,2026-03-03,Минск,CH001,Евроопт,CUST_CH001,SKU_010,Полуфабрикаты,38,298.93
S20250116-CH003-00321,2025-01-16,Гродно,CH003,Корона,CUST_CH003,SKU_010,Полуфабрикаты,50,423.37
S20250220-CH003-01029,2025-02-20,Гродно,CH003,Корона,CUST_CH003,SKU_009,Деликатесы,21,562.71
S20260104-CH001-01907,2026-01-04,Минск,CH001,Евроопт,CUST_CH001,SKU_004,Сосиски,48,626.13
S20260324-CH004-03558,2026-03-24,Гомель,CH004,Гиппо,CUST_CH004,SKU_008,Деликатесы,47,1110.89
S20250319-CH003-01583,2025-03-19,Гродно,CH003,Корона,CUST_CH003,SKU_012,Полуфабрикаты,34,239.36
S20250323-CH002-01671,2025-03-23,Брест,CH002,Санта,CUST_CH002,SKU_009,Деликатесы,34,876.49
S20250124-CH001-00474,2025-01-24,Минск,CH001,Евроопт,CUST_CH001,SKU_003,Колбасы,33,579.62
S20260128-CH004-02418,2026-01-28,Гомель,CH004,Гиппо,CUST_CH004,SKU_001,Колбасы,31,373.21
S20260212-CH002-02715,2026-02-12,Брест,CH002,Санта,CUST_CH002,SKU_002,Колбасы,49,689.36
S20260122-CH002-02298,2026-01-22,Брест,CH002,Санта,CUST_CH002,SKU_010,Полуфабрикаты,60,482.66
S20250327-CH003-01772,2025-03-27,Гродно,CH003,Корона,CUST_CH003,SKU_010,Полуфабрикаты,61,469.6
S20260119-CH001-02217,2026-01-19,Минск,CH001,Евроопт,CUST_CH001,SKU_010,Полуфабрикаты,64,501.94
S20260217-CH004-02840,2026-02-17,Гомель,CH004,Гиппо,CUST_CH004,SKU_006,Сосиски,67,921.63
S20260325-CH001-03563,2026-03-25,Минск,CH001,Евроопт,CUST_CH001,SKU_006,Сосиски,81,1057.24
S20260208-CH003-02630,2026-02-08,Гродно,CH003,Корона,CUST_CH003,SKU_009,Деликатесы,5,139.2
S20250327-CH002-01764,2025-03-27,Брест,CH002,Санта,CUST_CH002,SKU_009,Деликатесы,23,641.28
S20250111-CH004-00228,2025-01-11,Гомель,CH004,Гиппо,CUST_CH004,SKU_OLD_001,Колбасы,47,548.35
S20260216-CH001-02796,2026-02-16,Минск,CH001,Евроопт,CUST_CH001,SKU_007,Деликатесы,22,479.7
S20260210-CH003-02672,2026-02-10,Гродно,CH003,Корона,CUST_CH003,SKU_OLD_001,Колбасы,34,399.98
S20260102-CH004-01894,2026-01-02,Гомель,CH004,Гиппо,CUST_CH004,SKU_006,Сосиски,66,895.37
S20250327-CH004-01780,2025-03-27,Гомель,CH004,Гиппо,CUST_CH004,SKU_012,Полуфабрикаты,48,343.63
S20250220-CH002-01026,2025-02-20,Брест,CH002,Санта,CUST_CH002,SKU_012,Полуфабрикаты,66,479.98
S20260315-CH002-03348,2026-03-15,Брест,CH002,Санта,CUST_CH002,SKU_009,Деликатесы,39,975.69
S20250110-CH001-00194,2025-01-10,Минск,CH001,Евроопт,CUST_CH001,SKU_004,Сосиски,59,817.37
S20250326-CH001-01731,2025-03-26,Минск,CH001,Евроопт,CUST_CH001,SKU_007,Деликатесы,46,1079.2
S20250104-CH004-00082,2025-01-04,Гомель,CH004,Гиппо,CUST_CH004,SKU_004,Сосиски,71,896.49
S20260217-CH003-02837,2026-02-17,Гродно,CH003,Корона,CUST_CH003,SKU_011,Полуфабрикаты,51,504.37
S20260115-CH001-02137,2026-01-15,Минск,CH001,Евроопт,CUST_CH001,SKU_006,Сосиски,39,525.37
S20260109-CH003-02031,2026-01-09,Гродно,CH003,Корона,CUST_CH003,SKU_001,Колбасы,72,872.45
S20260218-CH001-02846,2026-02-18,Минск,CH001,Евроопт,CUST_CH001,SKU_007,Деликатесы,31,640.31
S20260121-CH004-02281,2026-01-21,Гомель,CH004,Гиппо,CUST_CH004,SKU_004,Сосиски,44,606.42
S20250314-CH001-01477,2025-03-14,Минск,CH001,Евроопт,CUST_CH001,SKU_010,Полуфабрикаты,56,471.85
S20260113-CH004-02112,2026-01-13,Гомель,CH004,Гиппо,CUST_CH004,SKU_010,Полуфабрикаты,60,499.8
S20250314-CH001-01478,2025-03-14,Минск,CH001,Евроопт,CUST_CH001,SKU_011,Полуфабрикаты,37,353.37
S20260217-CH002-02828,2026-02-17,Брест,CH002,Санта,CUST_CH002,SKU_002,Колбасы,47,685.12
S20260324-CH001-03541,2026-03-24,Минск,CH001,Евроопт,CUST_CH001,SKU_010,Полуфабрикаты,66,550.98
S20260102-CH003-01887,2026-01-02,Гродно,CH003,Корона,CUST_CH003,SKU_006,Сосиски,49,667.76
S20260307-CH004-03194,2026-03-07,Гомель,CH004,Гиппо,CUST_CH004,SKU_004,Сосиски,60,741.17
S20250321-CH003-01630,2025-03-21,Гродно,CH003,Корона,CUST_CH003,SKU_003,Колбасы,65,1228.82
S20260129-CH003-02437,2026-01-29,Гродно,CH003,Корона,CUST_CH003,SKU_006,Сосиски,41,578.68
S20250102-CH004-00041,2025-01-02,Гомель,CH004,Гиппо,CUST_CH004,SKU_008,Деликатесы,24,583.2
S20250325-CH001-01705,2025-03-25,Минск,CH001,Евроопт,CUST_CH001,SKU_007,Деликатесы,22,518.67
S20260311-CH003-03269,2026-03-11,Гродно,CH003,Корона,CUST_CH003,SKU_004,Сосиски,45,599.25
S20260225-CH004-03010,2026-02-25,Гомель,CH004,Гиппо,CUST_CH004,SKU_002,Колбасы,58,899.35
S20250116-CH001-00312,2025-01-16,Минск,CH001,Евроопт,CUST_CH001,SKU_009,Деликатесы,54,1470.11
S20250321-CH003-01632,2025-03-21,Гродно,CH003,Корона,CUST_CH003,SKU_005,Сосиски,38,454.94
S20260320-CH001-03457,2026-03-20,Минск,CH001,Евроопт,CUST_CH001,SKU_004,Сосиски,50,676.47
S20250312-CH001-01427,2025-03-12,Минск,CH001,Евроопт,CUST_CH001,SKU_003,Колбасы,35,634.86
S20260108-CH002-02003,2026-01-08,Брест,CH002,Санта,CUST_CH002,SKU_008,Деликатесы,8,195.98
S20250118-CH004-00358,2025-01-18,Гомель,CH004,Гиппо,CUST_CH004,SKU_005,Сосиски,54,644.98
S20260319-CH001-03432,2026-03-19,Минск,CH001,Евроопт,CUST_CH001,SKU_002,Колбасы,91,1377.27
S20260301-CH001-03068,2026-03-01,Минск,CH001,Евроопт,CUST_CH001,SKU_005,Сосиски,48,529.84
S20250331-CH001-01828,2025-03-31,Минск,CH001,Евроопт,CUST_CH001,SKU_001,Колбасы,52,631.95
S20250107-CH002-00129,2025-01-07,Брест,CH002,Санта,CUST_CH002,SKU_OLD_001,Колбасы,72,842.6
S20250219-CH004-01010,2025-02-19,Гомель,CH004,Гиппо,CUST_CH004,SKU_OLD_001,Колбасы,63,723.21
S20250329-CH004-01814,2025-03-29,Гомель,CH004,Гиппо,CUST_CH004,SKU_004,Сосиски,39,520.56
S20260119-CH001-02219,2026-01-19,Минск,CH001,Евроопт,CUST_CH001,SKU_012,Полуфабрикаты,79,586.85
S20250202-CH004-00658,2025-02-02,Гомель,CH004,Гиппо,CUST_CH004,SKU_007,Деликатесы,28,587.72
S20250303-CH001-01247,2025-03-03,Минск,CH001,Евроопт,CUST_CH001,SKU_007,Деликатесы,19,439.12
S20260319-CH001-03431,2026-03-19,Минск,CH001,Евроопт,CUST_CH001,SKU_001,Колбасы,48,613.22
S20250110-CH002-00202,2025-01-10,Брест,CH002,Санта,CUST_CH002,SKU_002,Колбасы,55,826.36
S20260322-CH002-03502,2026-03-22,Брест,CH002,Санта,CUST_CH002,SKU_006,Сосиски,72,999.75
S20250311-CH004-01422,2025-03-11,Гомель,CH004,Гиппо,CUST_CH004,SKU_OLD_005,Сосиски,69,761.07
S20260305-CH003-03153,2026-03-05,Гродно,CH003,Корона,CUST_CH003,SKU_006,Сосиски,30,434.38
RET20250210-007,2025-02-10,Гомель,CH004,Гиппо,CUST_CH004,SKU_004,Сосиски,-18,-245.57
S20260120-CH003-02253,2026-01-20,Гродно,CH003,Корона,CUST_CH003,SKU_010,Полуфабрикаты,58,470.16
S20260221-CH004-02929,2026-02-21,Гомель,CH004,Гиппо,CUST_CH004,SKU_003,Колбасы,25,441.84
S20250130-CH001-00594,2025-01-30,Минск,CH001,Евроопт,CUST_CH001,SKU_004,Сосиски,41,528.81
S20250218-CH001-00971,2025-02-18,Минск,CH001,Евроопт,CUST_CH001,SKU_009,Деликатесы,32,820.6
S20250110-CH002-00203,2025-01-10,Брест,CH002,Санта,CUST_CH002,SKU_003,Колбасы,48,882.83
S20260322-CH003-03506,2026-03-22,Гродно,CH003,Корона,CUST_CH003,SKU_001,Колбасы,66,792.89
S20260107-CH002-01975,2026-01-07,Брест,CH002,Санта,CUST_CH002,SKU_002,Колбасы,57,816.73
S20260130-CH002-02452,2026-01-30,Брест,CH002,Санта,CUST_CH002,SKU_OLD_001,Колбасы,44,521.1
S20260321-CH002-03483,2026-03-21,Брест,CH002,Санта,CUST_CH002,SKU_006,Сосиски,63,898.59
S20260125-CH003-02355,2026-01-25,Гродно,CH003,Корона,CUST_CH003,SKU_006,Сосиски,76,1062.56
S20260310-CH004-03257,2026-03-10,Гомель,CH004,Гиппо,CUST_CH004,SKU_010,Полуфабрикаты,49,387.8
S20260107-CH002-01981,2026-01-07,Брест,CH002,Санта,CUST_CH002,SKU_011,Полуфабрикаты,49,470.18
S20260317-CH001-03387,2026-03-17,Минск,CH001,Евроопт,CUST_CH001,SKU_012,Полуфабрикаты,25,179.83
S20260220-CH004-02907,2026-02-20,Гомель,CH004,Гиппо,CUST_CH004,SKU_OLD_001,Колбасы,64,745.37
S20250227-CH004-01188,2025-02-27,Гомель,CH004,Гиппо,CUST_CH004,SKU_008,Деликатесы,43,1084.32
S20250118-CH002-00352,2025-01-18,Брест,CH002,Санта,CUST_CH002,SKU_011,Полуфабрикаты,45,385.04
S20250327-CH001-01756,2025-03-27,Минск,CH001,Евроопт,CUST_CH001,SKU_007,Деликатесы,41,874.32
S20250320-CH001-01596,2025-03-20,Минск,CH001,Евроопт,CUST_CH001,SKU_012,Полуфабрикаты,45,345.91
S20250102-CH004-00043,2025-01-02,Гомель,CH004,Гиппо,CUST_CH004,SKU_011,Полуфабрикаты,43,380.2
S20260331-CH001-03689,2026-03-31,Минск,CH001,Евроопт,CUST_CH001,SKU_011,Полуфабрикаты,68,625.05
S20250304-CH001-01274,2025-03-04,Минск,CH001,Евроопт,CUST_CH001,SKU_011,Полуфабрикаты,32,282.31
S20250129-CH001-00575,2025-01-29,Минск,CH001,Евроопт,CUST_CH001,SKU_007,Деликатесы,50,1067.39
S20260104-CH004-01921,2026-01-04,Гомель,CH004,Гиппо,CUST_CH004,SKU_003,Колбасы,51,895.19
S20260307-CH001-03187,2026-03-07,Минск,CH001,Евроопт,CUST_CH001,SKU_012,Полуфабрикаты,78,611.09
S20250212-CH003-00857,2025-02-12,Гродно,CH003,Корона,CUST_CH003,SKU_001,Колбасы,24,296.54
S20260126-CH004-02383,2026-01-26,Гомель,CH004,Гиппо,CUST_CH004,SKU_008,Деликатесы,15,363.14
S20260110-CH002-02048,2026-01-10,Брест,CH002,Санта,CUST_CH002,SKU_006,Сосиски,80,1079.55
S20250329-CH002-01809,2025-03-29,Брест,CH002,Санта,CUST_CH002,SKU_OLD_001,Колбасы,37,439.58
S20260316-CH003-03370,2026-03-16,Гродно,CH003,Корона,CUST_CH003,SKU_005,Сосиски,107,1186.23
S20260103-CH003-01899,2026-01-03,Гродно,CH003,Корона,CUST_CH003,SKU_004,Сосиски,58,759.6
S20250331-CH004-01847,2025-03-31,Гомель,CH004,Гиппо,CUST_CH004,SKU_004,Сосиски,66,889.75
S20250213-CH002-00876,2025-02-13,Брест,CH002,Санта,CUST_CH002,SKU_OLD_001,Колбасы,17,208.84
S20250106-CH001-00104,2025-01-06,Минск,CH001,Евроопт,CUST_CH001,SKU_004,Сосиски,62,820.49
S20260204-CH003-02554,2026-02-04,Гродно,CH003,Корона,CUST_CH003,SKU_012,Полуфабрикаты,44,330.53
S20250130-CH003-00605,2025-01-30,Гродно,CH003,Корона,CUST_CH003,SKU_011,Полуфабрикаты,35,334.29
S20260330-CH004-03680,2026-03-30,Гомель,CH004,Гиппо,CUST_CH004,SKU_OLD_001,Колбасы,42,538.28
S20250302-CH002-01234,2025-03-02,Брест,CH002,Санта,CUST_CH002,SKU_010,Полуфабрикаты,40,320.42
S20260221-CH003-02924,2026-02-21,Гродно,CH003,Корона,CUST_CH003,SKU_003,Колбасы,106,1841.6
S20250312-CH002-01434,2025-03-12,Брест,CH002,Санта,CUST_CH002,SKU_001,Колбасы,39,453.48
S20250120-CH001-00385,2025-01-20,Минск,CH001,Евроопт,CUST_CH001,SKU_012,Полуфабрикаты,46,366.89
S20250213-CH004-00894,2025-02-13,Гомель,CH004,Гиппо,CUST_CH004,SKU_011,Полуфабрикаты,50,438.15
S20250103-CH003-00057,2025-01-03,Гродно,CH003,Корона,CUST_CH003,SKU_004,Сосиски,55,776.64
S20250205-CH001-00712,2025-02-05,Минск,CH001,Евроопт,CUST_CH001,SKU_012,Полуфабрикаты,49,356.71
S20260318-CH003-03420,2026-03-18,Гродно,CH003,Корона,CUST_CH003,SKU_003,Колбасы,51,909.71
S20250118-CH003-00356,2025-01-18,Гродно,CH003,Корона,CUST_CH003,SKU_012,Полуфабрикаты,57,426.05
S20250331-CH003-01843,2025-03-31,Гродно,CH003,Корона,CUST_CH003,SKU_005,Сосиски,57,635.99
S20250220-CH001-01019,2025-02-20,Минск,CH001,Евроопт,CUST_CH001,SKU_008,Деликатесы,33,777.89
S20260310-CH003-03248,2026-03-10,Гродно,CH003,Корона,CUST_CH003,SKU_002,Колбасы,44,668.81
S20250115-CH004-00308,2025-01-15,Гомель,CH004,Гиппо,CUST_CH004,SKU_007,Деликатесы,62,1370.17
S20250210-CH003-00814,2025-02-10,Гродно,CH003,Корона,CUST_CH003,SKU_008,Деликатесы,21,526.6
S20250102-CH004-00042,2025-01-02,Гомель,CH004,Гиппо,CUST_CH004,SKU_010,Полуфабрикаты,75,589.12
S20260313-CH001-03312,2026-03-13,Минск,CH001,Евроопт,CUST_CH001,SKU_011,Полуфабрикаты,67,602.17
S20250311-CH001-01406,2025-03-11,Минск,CH001,Евроопт,CUST_CH001,SKU_002,Колбасы,48,703.98
S20250324-CH001-01682,2025-03-24,Минск,CH001,Евроопт,CUST_CH001,SKU_005,Сосиски,26,284.82
S20250213-CH002-00883,2025-02-13,Брест,CH002,Санта,CUST_CH002,SKU_012,Полуфабрикаты,51,371.21
S20260117-CH004-02195,2026-01-17,Гомель,CH004,Гиппо,CUST_CH004,SKU_009,Деликатесы,33,875.58
S20250204-CH003-00699,2025-02-04,Гродно,CH003,Корона,CUST_CH003,SKU_011,Полуфабрикаты,36,312.98
S20260123-CH004-02337,2026-01-23,Гомель,CH004,Гиппо,CUST_CH004,SKU_007,Деликатесы,38,805.13
S20260129-CH001-02427,2026-01-29,Минск,CH001,Евроопт,CUST_CH001,SKU_010,Полуфабрикаты,69,554.88
S20260110-CH004-02052,2026-01-10,Гомель,CH004,Гиппо,CUST_CH004,SKU_001,Колбасы,81,1002.15
S20260125-CH001-02351,2026-01-25,Минск,CH001,Евроопт,CUST_CH001,SKU_004,Сосиски,45,555.41
S20250110-CH004-00216,2025-01-10,Гомель,CH004,Гиппо,CUST_CH004,SKU_007,Деликатесы,11,224.73
S20260115-CH003-02147,2026-01-15,Гродно,CH003,Корона,CUST_CH003,SKU_008,Деликатесы,7,166.77
S20250308-CH003-01371,2025-03-08,Гродно,CH003,Корона,CUST_CH003,SKU_011,Полуфабрикаты,55,503.03
S20250319-CH001-01567,2025-03-19,Минск,CH001,Евроопт,CUST_CH001,SKU_006,Сосиски,27,397.78
S20260329-CH003-03658,2026-03-29,Гродно,CH003,Корона,CUST_CH003,SKU_010,Полуфабрикаты,43,362.53
S20260123-CH003-02333,2026-01-23,Гродно,CH003,Корона,CUST_CH003,SKU_009,Деликатесы,42,1085.97
S20250316-CH002-01517,2025-03-16,Брест,CH002,Санта,CUST_CH002,SKU_009,Деликатесы,31,778.29
S20250327-CH003-01767,2025-03-27,Гродно,CH003,Корона,CUST_CH003,SKU_003,Колбасы,48,826.53
S20260129-CH001-02425,2026-01-29,Минск,CH001,Евроопт,CUST_CH001,SKU_005,Сосиски,52,608.03
S20250220-CH004-01038,2025-02-20,Гомель,CH004,Гиппо,CUST_CH004,SKU_010,Полуфабрикаты,46,363.93
S20250315-CH004-01511,2025-03-15,Гомель,CH004,Гиппо,CUST_CH004,SKU_004,Сосиски,65,831.3
S20250121-CH003-00412,2025-01-21,Гродно,CH003,Корона,CUST_CH003,SKU_003,Колбасы,87,1546.11
S20260202-CH003-02511,2026-02-02,Гродно,CH003,Корона,CUST_CH003,SKU_005,Сосиски,60,672.25
S20250305-CH001-01302,2025-03-05,Минск,CH001,Евроопт,CUST_CH001,SKU_012,Полуфабрикаты,42,301.88
S20250305-CH001-01297,2025-03-05,Минск,CH001,Евроопт,CUST_CH001,SKU_004,Сосиски,49,638.29
S20260116-CH002-02167,2026-01-16,Брест,CH002,Санта,CUST_CH002,SKU_011,Полуфабрикаты,72,652.52
S20260131-CH004-02479,2026-01-31,Гомель,CH004,Гиппо,CUST_CH004,SKU_003,Колбасы,58,1082.74
S20260323-CH003-03525,2026-03-23,Гродно,CH003,Корона,CUST_CH003,SKU_003,Колбасы,41,708.22
S20250207-CH002-00759,2025-02-07,Брест,CH002,Санта,CUST_CH002,SKU_010,Полуфабрикаты,76,621.42
S20260117-CH002-02187,2026-01-17,Брест,CH002,Санта,CUST_CH002,SKU_008,Деликатесы,13,313.48
S20250305-CH004-01318,2025-03-05,Гомель,CH004,Гиппо,CUST_CH004,SKU_011,Полуфабрикаты,71,662.97
S20250104-CH001-00074,2025-01-04,Минск,CH001,Евроопт,CUST_CH001,SKU_011,Полуфабрикаты,37,317.61
S20250102-CH002-00026,2025-01-02,Брест,CH002,Санта,CUST_CH002,SKU_001,Колбасы,59,698.46
S20260117-CH001-02183,2026-01-17,Минск,CH001,Евроопт,CUST_CH001,SKU_008,Деликатесы,21,541.01
S20250225-CH001-01127,2025-02-25,Минск,CH001,Евроопт,CUST_CH001,SKU_010,Полуфабрикаты,34,271.88
S20250225-CH003-01140,2025-02-25,Гродно,CH003,Корона,CUST_CH003,SKU_007,Деликатесы,37,827.18
S20250125-CH004-00506,2025-01-25,Гомель,CH004,Гиппо,CUST_CH004,SKU_006,Сосиски,73,1029.07
S20250318-CH004-01561,2025-03-18,Гомель,CH004,Гиппо,CUST_CH004,SKU_009,Деликатесы,19,483.42
S20260308-CH003-03208,2026-03-08,Гродно,CH003,Корона,CUST_CH003,SKU_005,Сосиски,67,752.16
S20250224-CH004-01121,2025-02-24,Гомель,CH004,Гиппо,CUST_CH004,SKU_007,Деликатесы,29,651.05
S20260316-CH004-03374,2026-03-16,Гомель,CH004,Гиппо,CUST_CH004,SKU_004,Сосиски,45,595.61
S20250129-CH004-00587,2025-01-29,Гомель,CH004,Гиппо,CUST_CH004,SKU_004,Сосиски,56,726.41
S20260309-CH004-03237,2026-03-09,Гомель,CH004,Гиппо,CUST_CH004,SKU_011,Полуфабрикаты,62,511.5
S20250130-CH004-00612,2025-01-30,Гомель,CH004,Гиппо,CUST_CH004,SKU_012,Полуфабрикаты,63,479.34
S20250223-CH002-01090,2025-02-23,Брест,CH002,Санта,CUST_CH002,SKU_004,Сосиски,83,1079.26
S20250317-CH003-01536,2025-03-17,Гродно,CH003,Корона,CUST_CH003,SKU_006,Сосиски,34,504.36
S20250311-CH001-01409,2025-03-11,Минск,CH001,Евроопт,CUST_CH001,SKU_007,Деликатесы,31,690.8
S20250118-CH001-00349,2025-01-18,Минск,CH001,Евроопт,CUST_CH001,SKU_007,Деликатесы,32,673.17
S20250213-CH003-00886,2025-02-13,Гродно,CH003,Корона,CUST_CH003,SKU_004,Сосиски,55,757.42
S20260326-CH003-03603,2026-03-26,Гродно,CH003,Корона,CUST_CH003,SKU_010,Полуфабрикаты,33,265.45
S20260227-CH003-03051,2026-02-27,Гродно,CH003,Корона,CUST_CH003,SKU_006,Сосиски,51,719.76
S20250208-CH004-00783,2025-02-08,Гомель,CH004,Гиппо,CUST_CH004,SKU_006,Сосиски,65,901.04
S20260308-CH003-03209,2026-03-08,Гродно,CH003,Корона,CUST_CH003,SKU_006,Сосиски,41,603.65
S20260206-CH001-02595,2026-02-06,Минск,CH001,Евроопт,CUST_CH001,SKU_010,Полуфабрикаты,47,398.78
S20250131-CH004-00630,2025-01-31,Гомель,CH004,Гиппо,CUST_CH004,SKU_004,Сосиски,45,583.86
S20250121-CH002-00409,2025-01-21,Брест,CH002,Санта,CUST_CH002,SKU_003,Колбасы,58,1076.51
S20250108-CH003-00165,2025-01-08,Гродно,CH003,Корона,CUST_CH003,SKU_006,Сосиски,63,901.4
S20260311-CH003-03274,2026-03-11,Гродно,CH003,Корона,CUST_CH003,SKU_011,Полуфабрикаты,35,305.98
S20260107-CH001-01970,2026-01-07,Минск,CH001,Евроопт,CUST_CH001,SKU_003,Колбасы,56,980.74
S20250322-CH001-01650,2025-03-22,Минск,CH001,Евроопт,CUST_CH001,SKU_011,Полуфабрикаты,34,318.18
S20260203-CH001-02523,2026-02-03,Минск,CH001,Евроопт,CUST_CH001,SKU_011,Полуфабрикаты,73,681.63
S20250223-CH002-01088,2025-02-23,Брест,CH002,Санта,CUST_CH002,SKU_OLD_001,Колбасы,43,553.74
S20260323-CH004-03531,2026-03-23,Гомель,CH004,Гиппо,CUST_CH004,SKU_003,Колбасы,85,1562.0
S20260211-CH002-02694,2026-02-11,Брест,CH002,Санта,CUST_CH002,SKU_008,Деликатесы,51,1159.2
S20260126-CH001-02362,2026-01-26,Минск,CH001,Евроопт,CUST_CH001,SKU_004,Сосиски,61,784.57
S20260129-CH004-02442,2026-01-29,Гомель,CH004,Гиппо,CUST_CH004,SKU_004,Сосиски,48,634.38
S20250327-CH001-01755,2025-03-27,Минск,CH001,Евроопт,CUST_CH001,SKU_004,Сосиски,57,727.16
S20250115-CH001-00295,2025-01-15,Минск,CH001,Евроопт,CUST_CH001,SKU_011,Полуфабрикаты,66,576.2
S20250217-CH004-00966,2025-02-17,Гомель,CH004,Гиппо,CUST_CH004,SKU_003,Колбасы,37,677.58
S20250330-CH002-01823,2025-03-30,Брест,CH002,Санта,CUST_CH002,SKU_008,Деликатесы,14,322.9
S20260307-CH004-03197,2026-03-07,Гомель,CH004,Гиппо,CUST_CH004,SKU_009,Деликатесы,5,126.98
S20250127-CH001-00529,2025-01-27,Минск,CH001,Евроопт,CUST_CH001,SKU_004,Сосиски,54,730.81
S20260107-CH001-01969,2026-01-07,Минск,CH001,Евроопт,CUST_CH001,SKU_002,Колбасы,80,1144.02
S20250102-CH002-00028,2025-01-02,Брест,CH002,Санта,CUST_CH002,SKU_005,Сосиски,69,819.36
S20260130-CH001-02450,2026-01-30,Минск,CH001,Евроопт,CUST_CH001,SKU_006,Сосиски,71,1015.01
S20250323-CH003-01674,2025-03-23,Гродно,CH003,Корона,CUST_CH003,SKU_007,Деликатесы,22,510.94
S20250114-CH002-00275,2025-01-14,Брест,CH002,Санта,CUST_CH002,SKU_002,Колбасы,60,880.97
S20250222-CH001-01073,2025-02-22,Минск,CH001,Евроопт,CUST_CH001,SKU_009,Деликатесы,24,656.54
S20250222-CH001-01075,2025-02-22,Минск,CH001,Евроопт,CUST_CH001,SKU_012,Полуфабрикаты,53,374.64
S20260123-CH003-02329,2026-01-23,Гродно,CH003,Корона,CUST_CH003,SKU_001,Колбасы,56,649.87
S20260221-CH004-02932,2026-02-21,Гомель,CH004,Гиппо,CUST_CH004,SKU_009,Деликатесы,25,609.19
S20260226-CH001-03017,2026-02-26,Минск,CH001,Евроопт,CUST_CH001,SKU_003,Колбасы,69,1203.28
S20260213-CH002-02742,2026-02-13,Брест,CH002,Санта,CUST_CH002,SKU_006,Сосиски,62,869.12
S20250129-CH004-00586,2025-01-29,Гомель,CH004,Гиппо,CUST_CH004,SKU_001,Колбасы,65,787.68
S20250211-CH002-00838,2025-02-11,Брест,CH002,Санта,CUST_CH002,SKU_004,Сосиски,77,989.71
S20250205-CH001-00711,2025-02-05,Минск,CH001,Евроопт,CUST_CH001,SKU_009,Деликатесы,35,944.16
S20260215-CH003-02787,2026-02-15,Гродно,CH003,Корона,CUST_CH003,SKU_006,Сосиски,56,773.72
S20250303-CH002-01251,2025-03-03,Брест,CH002,Санта,CUST_CH002,SKU_005,Сосиски,57,677.71
S20250312-CH002-01438,2025-03-12,Брест,CH002,Санта,CUST_CH002,SKU_008,Деликатесы,24,557.66
S20250318-CH003-01554,2025-03-18,Гродно,CH003,Корона,CUST_CH003,SKU_008,Деликатесы,8,195.85
S20250210-CH003-00817,2025-02-10,Гродно,CH003,Корона,CUST_CH003,SKU_011,Полуфабрикаты,45,419.6
S20260329-CH001-03650,2026-03-29,Минск,CH001,Евроопт,CUST_CH001,SKU_007,Деликатесы,19,434.41
S20260127-CH003-02400,2026-01-27,Гродно,CH003,Корона,CUST_CH003,SKU_008,Деликатесы,5,123.1
S20250217-CH002-00958,2025-02-17,Брест,CH002,Санта,CUST_CH002,SKU_004,Сосиски,29,369.84
S20250115-CH003-00303,2025-01-15,Гродно,CH003,Корона,CUST_CH003,SKU_011,Полуфабрикаты,60,575.47
S20260310-CH003-03250,2026-03-10,Гродно,CH003,Корона,CUST_CH003,SKU_007,Деликатесы,30,651.73
S20260330-CH001-03665,2026-03-30,Минск,CH001,Евроопт,CUST_CH001,SKU_OLD_012,Полуфабрикаты,39,287.65
S20250221-CH004-01064,2025-02-21,Гомель,CH004,Гиппо,CUST_CH004,SKU_008,Деликатесы,11,274.3
S20250213-CH001-00873,2025-02-13,Минск,CH001,Евроопт,CUST_CH001,SKU_005,Сосиски,42,487.03
S20260312-CH001-03287,2026-03-12,Минск,CH001,Евроопт,CUST_CH001,SKU_012,Полуфабрикаты,95,700.79
S20260311-CH003-03270,2026-03-11,Гродно,CH003,Корона,CUST_CH003,SKU_005,Сосиски,52,576.58
S20260220-CH003-02902,2026-02-20,Гродно,CH003,Корона,CUST_CH003,SKU_002,Колбасы,54,861.57
S20250215-CH002-00924,2025-02-15,Брест,CH002,Санта,CUST_CH002,SKU_011,Полуфабрикаты,72,628.36
S20250103-CH003-00060,2025-01-03,Гродно,CH003,Корона,CUST_CH003,SKU_009,Деликатесы,43,1147.42
S20260224-CH002-02979,2026-02-24,Брест,CH002,Санта,CUST_CH002,SKU_008,Деликатесы,29,710.68
S20260316-CH004-03380,2026-03-16,Гомель,CH004,Гиппо,CUST_CH004,SKU_012,Полуфабрикаты,92,693.82
S20260107-CH002-01976,2026-01-07,Брест,CH002,Санта,CUST_CH002,SKU_003,Колбасы,69,1205.73
S20250102-CH001-00024,2025-01-02,Минск,CH001,Евроопт,CUST_CH001,SKU_005,Сосиски,48,572.42
S20260129-CH004-02446,2026-01-29,Гомель,CH004,Гиппо,CUST_CH004,SKU_012,Полуфабрикаты,48,344.64
S20250204-CH001-00684,2025-02-04,Минск,CH001,Евроопт,CUST_CH001,SKU_009,Деликатесы,27,679.07
S20260214-CH003-02769,2026-02-14,Гродно,CH003,Корона,CUST_CH003,SKU_007,Деликатесы,14,304.19
S20260319-CH002-03442,2026-03-19,Брест,CH002,Санта,CUST_CH002,SKU_012,Полуфабрикаты,49,365.07
S20260111-CH001-02057,2026-01-11,Минск,CH001,Евроопт,CUST_CH001,SKU_002,Колбасы,85,1206.7
S20250111-CH004-00229,2025-01-11,Гомель,CH004,Гиппо,CUST_CH004,SKU_006,Сосиски,53,715.11
S20250124-CH004-00490,2025-01-24,Гомель,CH004,Гиппо,CUST_CH004,SKU_004,Сосиски,32,427.07
S20260306-CH002-03164,2026-03-06,Брест,CH002,Санта,CUST_CH002,SKU_007,Деликатесы,22,494.49
S20250211-CH001-00830,2025-02-11,Минск,CH001,Евроопт,CUST_CH001,SKU_007,Деликатесы,13,297.41
S20260213-CH004-02752,2026-02-13,Гомель,CH004,Гиппо,CUST_CH004,SKU_003,Колбасы,63,1079.15
S20250120-CH002-00386,2025-01-20,Брест,CH002,Санта,CUST_CH002,SKU_001,Колбасы,64,752.88
S20250101-CH004-00016,2025-01-01,Гомель,CH004,Гиппо,CUST_CH004,SKU_004,Сосиски,46,636.77
S20260126-CH002-02372,2026-01-26,Брест,CH002,Санта,CUST_CH002,SKU_011,Полуфабрикаты,61,556.97
S20260322-CH002-03500,2026-03-22,Брест,CH002,Санта,CUST_CH002,SKU_004,Сосиски,60,790.89
S20250310-CH001-01389,2025-03-10,Минск,CH001,Евроопт,CUST_CH001,SKU_007,Деликатесы,22,479.91
S20260225-CH003-03005,2026-02-25,Гродно,CH003,Корона,CUST_CH003,SKU_009,Деликатесы,48,1211.44
S20250319-CH004-01589,2025-03-19,Гомель,CH004,Гиппо,CUST_CH004,SKU_010,Полуфабрикаты,31,243.65
S20260317-CH004-03405,2026-03-17,Гомель,CH004,Гиппо,CUST_CH004,SKU_011,Полуфабрикаты,54,463.81
S20250327-CH001-01752,2025-03-27,Минск,CH001,Евроопт,CUST_CH001,SKU_001,Колбасы,50,601.08
S20250225-CH004-01151,2025-02-25,Гомель,CH004,Гиппо,CUST_CH004,SKU_011,Полуфабрикаты,69,599.31
S20250305-CH002-01305,2025-03-05,Брест,CH002,Санта,CUST_CH002,SKU_011,Полуфабрикаты,61,573.5
S20250302-CH001-01232,2025-03-02,Минск,CH001,Евроопт,CUST_CH001,SKU_012,Полуфабрикаты,56,401.81
S20250328-CH003-01793,2025-03-28,Гродно,CH003,Корона,CUST_CH003,SKU_002,Колбасы,50,716.05
S20250304-CH001-01270,2025-03-04,Минск,CH001,Евроопт,CUST_CH001,SKU_OLD_001,Колбасы,34,408.78
S20260329-CH001-03647,2026-03-29,Минск,CH001,Евроопт,CUST_CH001,SKU_001,Колбасы,51,591.05
S20250125-CH001-00498,2025-01-25,Минск,CH001,Евроопт,CUST_CH001,SKU_012,Полуфабрикаты,40,297.05
S20250118-CH003-00353,2025-01-18,Гродно,CH003,Корона,CUST_CH003,SKU_007,Деликатесы,6,134.8
S20250331-CH002-01839,2025-03-31,Брест,CH002,Санта,CUST_CH002,SKU_009,Деликатесы,26,672.45
S20250101-CH001-00002,2025-01-01,Минск,CH001,Евроопт,CUST_CH001,SKU_003,Колбасы,64,1213.41
S20250114-CH004-00286,2025-01-14,Гомель,CH004,Гиппо,CUST_CH004,SKU_004,Сосиски,55,756.95
S20250322-CH001-01647,2025-03-22,Минск,CH001,Евроопт,CUST_CH001,SKU_007,Деликатесы,41,912.67
S20250208-CH004-00784,2025-02-08,Гомель,CH004,Гиппо,CUST_CH004,SKU_008,Деликатесы,28,684.13
S20260129-CH003-02435,2026-01-29,Гродно,CH003,Корона,CUST_CH003,SKU_003,Колбасы,63,1113.28
S20260312-CH001-03282,2026-03-12,Минск,CH001,Евроопт,CUST_CH001,SKU_004,Сосиски,58,792.84
S20250103-CH004-00069,2025-01-03,Гомель,CH004,Гиппо,CUST_CH004,SKU_010,Полуфабрикаты,44,348.03
S20250121-CH001-00404,2025-01-21,Минск,CH001,Евроопт,CUST_CH001,SKU_004,Сосиски,58,741.37
S20250209-CH004-00798,2025-02-09,Гомель,CH004,Гиппо,CUST_CH004,SKU_004,Сосиски,21,263.35
S20260330-CH004-03681,2026-03-30,Гомель,CH004,Гиппо,CUST_CH004,SKU_002,Колбасы,49,752.07
S20260224-CH004-02986,2026-02-24,Гомель,CH004,Гиппо,CUST_CH004,SKU_008,Деликатесы,45,1080.03
S20260109-CH002-02024,2026-01-09,Брест,CH002,Санта,CUST_CH002,SKU_002,Колбасы,71,1169.92
S20250109-CH002-00178,2025-01-09,Брест,CH002,Санта,CUST_CH002,SKU_008,Деликатесы,27,625.26
S20250217-CH001-00954,2025-02-17,Минск,CH001,Евроопт,CUST_CH001,SKU_009,Деликатесы,6,149.85
S20260115-CH002-02140,2026-01-15,Брест,CH002,Санта,CUST_CH002,SKU_005,Сосиски,60,698.79
S20250228-CH003-01201,2025-02-28,Гродно,CH003,Корона,CUST_CH003,SKU_003,Колбасы,44,796.9
S20260214-CH002-02766,2026-02-14,Брест,CH002,Санта,CUST_CH002,SKU_012,Полуфабрикаты,81,591.57
S20250327-CH001-01757,2025-03-27,Минск,CH001,Евроопт,CUST_CH001,SKU_008,Деликатесы,46,1036.47
S20250319-CH002-01578,2025-03-19,Брест,CH002,Санта,CUST_CH002,SKU_009,Деликатесы,11,269.67
S20260120-CH001-02242,2026-01-20,Минск,CH001,Евроопт,CUST_CH001,SKU_010,Полуфабрикаты,48,391.44
S20260217-CH001-02820,2026-02-17,Минск,CH001,Евроопт,CUST_CH001,SKU_003,Колбасы,56,1016.17
S20250315-CH003-01508,2025-03-15,Гродно,CH003,Корона,CUST_CH003,SKU_007,Деликатесы,17,387.59
S20250315-CH001-01498,2025-03-15,Минск,CH001,Евроопт,CUST_CH001,SKU_002,Колбасы,37,556.51
S20260210-CH001-02659,2026-02-10,Минск,CH001,Евроопт,CUST_CH001,SKU_OLD_005,Сосиски,36,410.8
S20250127-CH002-00539,2025-01-27,Брест,CH002,Санта,CUST_CH002,SKU_012,Полуфабрикаты,33,243.79
S20250306-CH003-01331,2025-03-06,Гродно,CH003,Корона,CUST_CH003,SKU_002,Колбасы,34,494.02
S20260318-CH003-03418,2026-03-18,Гродно,CH003,Корона,CUST_CH003,SKU_001,Колбасы,67,770.89
S20250314-CH003-01489,2025-03-14,Гродно,CH003,Корона,CUST_CH003,SKU_012,Полуфабрикаты,66,480.34
S20260109-CH001-02019,2026-01-09,Минск,CH001,Евроопт,CUST_CH001,SKU_004,Сосиски,69,890.05
S20250326-CH004-01745,2025-03-26,Гомель,CH004,Гиппо,CUST_CH004,SKU_004,Сосиски,38,466.38
S20260219-CH004-02886,2026-02-19,Гомель,CH004,Гиппо,CUST_CH004,SKU_005,Сосиски,90,1029.05
S20260126-CH004-02381,2026-01-26,Гомель,CH004,Гиппо,CUST_CH004,SKU_001,Колбасы,41,503.52
S20260305-CH001-03143,2026-03-05,Минск,CH001,Евроопт,CUST_CH001,SKU_OLD_005,Сосиски,51,573.85
S20260301-CH002-03071,2026-03-01,Брест,CH002,Санта,CUST_CH002,SKU_012,Полуфабрикаты,53,396.86
S20260324-CH003-03555,2026-03-24,Гродно,CH003,Корона,CUST_CH003,SKU_011,Полуфабрикаты,23,209.56
S20250217-CH001-00949,2025-02-17,Минск,CH001,Евроопт,CUST_CH001,SKU_001,Колбасы,51,646.24
S20250126-CH001-00511,2025-01-26,Минск,CH001,Евроопт,CUST_CH001,SKU_004,Сосиски,62,789.82
S20250310-CH002-01394,2025-03-10,Брест,CH002,Санта,CUST_CH002,SKU_007,Деликатесы,15,315.03
S20250315-CH003-01509,2025-03-15,Гродно,CH003,Корона,CUST_CH003,SKU_012,Полуфабрикаты,30,202.7
S20260126-CH002-02371,2026-01-26,Брест,CH002,Санта,CUST_CH002,SKU_010,Полуфабрикаты,69,561.58
S20260323-CH002-03519,2026-03-23,Брест,CH002,Санта,CUST_CH002,SKU_004,Сосиски,36,452.73
S20250306-CH003-01332,2025-03-06,Гродно,CH003,Корона,CUST_CH003,SKU_OLD_005,Сосиски,57,633.74
S20250305-CH003-01310,2025-03-05,Гродно,CH003,Корона,CUST_CH003,SKU_012,Полуфабрикаты,56,441.4
S20260223-CH004-02967,2026-02-23,Гомель,CH004,Гиппо,CUST_CH004,SKU_010,Полуфабрикаты,62,455.83
S20260306-CH003-03169,2026-03-06,Гродно,CH003,Корона,CUST_CH003,SKU_005,Сосиски,71,803.79
S20260127-CH002-02393,2026-01-27,Брест,CH002,Санта,CUST_CH002,SKU_009,Деликатесы,73,1877.7
S20260202-CH004-02516,2026-02-02,Гомель,CH004,Гиппо,CUST_CH004,SKU_003,Колбасы,41,770.4
S20260123-CH002-02327,2026-01-23,Брест,CH002,Санта,CUST_CH002,SKU_010,Полуфабрикаты,61,498.65
S20260205-CH003-02580,2026-02-05,Гродно,CH003,Корона,CUST_CH003,SKU_011,Полуфабрикаты,58,501.35
S20250203-CH001-00664,2025-02-03,Минск,CH001,Евроопт,CUST_CH001,SKU_011,Полуфабрикаты,41,367.14
S20250129-CH001-00574,2025-01-29,Минск,CH001,Евроопт,CUST_CH001,SKU_005,Сосиски,39,425.89
S20260218-CH004-02862,2026-02-18,Гомель,CH004,Гиппо,CUST_CH004,SKU_006,Сосиски,49,671.5
S20260303-CH004-03112,2026-03-03,Гомель,CH004,Гиппо,CUST_CH004,SKU_002,Колбасы,59,943.23
S20260309-CH002-03227,2026-03-09,Брест,CH002,Санта,CUST_CH002,SKU_011,Полуфабрикаты,43,378.61
S20260322-CH003-03509,2026-03-22,Гродно,CH003,Корона,CUST_CH003,SKU_012,Полуфабрикаты,60,436.55
S20260208-CH001-02622,2026-02-08,Минск,CH001,Евроопт,CUST_CH001,SKU_004,Сосиски,72,957.44
S20260117-CH002-02188,2026-01-17,Брест,CH002,Санта,CUST_CH002,SKU_009,Деликатесы,45,1196.45
S20260201-CH002-02486,2026-02-01,Брест,CH002,Санта,CUST_CH002,SKU_008,Деликатесы,54,1292.32
S20260110-CH001-02046,2026-01-10,Минск,CH001,Евроопт,CUST_CH001,SKU_OLD_009,Деликатесы,13,354.8
S20250114-CH003-00283,2025-01-14,Гродно,CH003,Корона,CUST_CH003,SKU_008,Деликатесы,44,1040.92
S20250113-CH002-00259,2025-01-13,Брест,CH002,Санта,CUST_CH002,SKU_010,Полуфабрикаты,62,479.03
S20250329-CH002-01812,2025-03-29,Брест,CH002,Санта,CUST_CH002,SKU_010,Полуфабрикаты,24,192.32
S20250328-CH003-01798,2025-03-28,Гродно,CH003,Корона,CUST_CH003,SKU_010,Полуфабрикаты,66,549.19
S20260205-CH003-02576,2026-02-05,Гродно,CH003,Корона,CUST_CH003,SKU_004,Сосиски,96,1210.77
S20250205-CH004-00726,2025-02-05,Гомель,CH004,Гиппо,CUST_CH004,SKU_012,Полуфабрикаты,59,468.86
S20250321-CH003-01637,2025-03-21,Гродно,CH003,Корона,CUST_CH003,SKU_011,Полуфабрикаты,61,562.86
S20250203-CH004-00678,2025-02-03,Гомель,CH004,Гиппо,CUST_CH004,SKU_009,Деликатесы,19,449.2
S20260130-CH003-02461,2026-01-30,Гродно,CH003,Корона,CUST_CH003,SKU_010,Полуфабрикаты,87,703.44
S20250226-CH001-01153,2025-02-26,Минск,CH001,Евроопт,CUST_CH001,SKU_009,Деликатесы,55,1585.65
S20250307-CH002-01347,2025-03-07,Брест,CH002,Санта,CUST_CH002,SKU_010,Полуфабрикаты,49,390.15
S20250103-CH003-00056,2025-01-03,Гродно,CH003,Корона,CUST_CH003,SKU_003,Колбасы,28,503.53
S20260213-CH002-02741,2026-02-13,Брест,CH002,Санта,CUST_CH002,SKU_OLD_005,Сосиски,91,1063.0
S20250311-CH002-01412,2025-03-11,Брест,CH002,Санта,CUST_CH002,SKU_005,Сосиски,49,535.79
S20260305-CH001-03144,2026-03-05,Минск,CH001,Евроопт,CUST_CH001,SKU_006,Сосиски,44,631.07
S20260119-CH001-02215,2026-01-19,Минск,CH001,Евроопт,CUST_CH001,SKU_007,Деликатесы,32,692.1
S20260324-CH001-03542,2026-03-24,Минск,CH001,Евроопт,CUST_CH001,SKU_011,Полуфабрикаты,49,430.94
S20250308-CH001-01362,2025-03-08,Минск,CH001,Евроопт,CUST_CH001,SKU_010,Полуфабрикаты,36,302.94
S20250213-CH003-00889,2025-02-13,Гродно,CH003,Корона,CUST_CH003,SKU_008,Деликатесы,19,455.41
S20260223-CH004-02966,2026-02-23,Гомель,CH004,Гиппо,CUST_CH004,SKU_009,Деликатесы,15,379.13
S20250330-CH001-01820,2025-03-30,Минск,CH001,Евроопт,CUST_CH001,SKU_012,Полуфабрикаты,48,365.77
S20260107-CH001-01973,2026-01-07,Минск,CH001,Евроопт,CUST_CH001,SKU_008,Деликатесы,24,594.42
S20250205-CH002-00715,2025-02-05,Брест,CH002,Санта,CUST_CH002,SKU_005,Сосиски,51,580.82
S20260316-CH001-03365,2026-03-16,Минск,CH001,Евроопт,CUST_CH001,SKU_012,Полуфабрикаты,44,350.6
S20250221-CH003-01057,2025-02-21,Гродно,CH003,Корона,CUST_CH003,SKU_006,Сосиски,55,742.99
S20260122-CH001-02287,2026-01-22,Минск,CH001,Евроопт,CUST_CH001,SKU_003,Колбасы,73,1287.12
S20260331-CH004-03706,2026-03-31,Гомель,CH004,Гиппо,CUST_CH004,SKU_006,Сосиски,77,1081.68
S20260118-CH004-02208,2026-01-18,Гомель,CH004,Гиппо,CUST_CH004,SKU_004,Сосиски,63,836.45
S20250131-CH001-00618,2025-01-31,Минск,CH001,Евроопт,CUST_CH001,SKU_009,Деликатесы,16,439.87
S20250107-CH001-00124,2025-01-07,Минск,CH001,Евроопт,CUST_CH001,SKU_004,Сосиски,48,609.73
S20260228-CH003-03064,2026-02-28,Гродно,CH003,Корона,CUST_CH003,SKU_007,Деликатесы,49,1134.52
S20250117-CH001-00335,2025-01-17,Минск,CH001,Евроопт,CUST_CH001,SKU_012,Полуфабрикаты,17,132.37
S20260215-CH003-02784,2026-02-15,Гродно,CH003,Корона,CUST_CH003,SKU_OLD_001,Колбасы,78,958.66
S20250115-CH004-00305,2025-01-15,Гомель,CH004,Гиппо,CUST_CH004,SKU_003,Колбасы,30,568.28
S20250218-CH003-00981,2025-02-18,Гродно,CH003,Корона,CUST_CH003,SKU_010,Полуфабрикаты,54,436.32
S20260312-CH002-03290,2026-03-12,Брест,CH002,Санта,CUST_CH002,SKU_005,Сосиски,64,689.81
S20250305-CH001-01301,2025-03-05,Минск,CH001,Евроопт,CUST_CH001,SKU_011,Полуфабрикаты,25,229.88
S20250129-CH003-00582,2025-01-29,Гродно,CH003,Корона,CUST_CH003,SKU_002,Колбасы,35,494.77
S20250320-CH004-01617,2025-03-20,Гомель,CH004,Гиппо,CUST_CH004,SKU_012,Полуфабрикаты,36,288.06
S20250228-CH001-01195,2025-02-28,Минск,CH001,Евроопт,CUST_CH001,SKU_009,Деликатесы,40,1077.68
S20250330-CH003-01825,2025-03-30,Гродно,CH003,Корона,CUST_CH003,SKU_005,Сосиски,59,668.26
S20260102-CH001-01880,2026-01-02,Минск,CH001,Евроопт,CUST_CH001,SKU_012,Полуфабрикаты,64,479.63
S20260107-CH003-01982,2026-01-07,Гродно,CH003,Корона,CUST_CH003,SKU_002,Колбасы,61,939.62
S20260101-CH002-01862,2026-01-01,Брест,CH002,Санта,CUST_CH002,SKU_OLD_005,Сосиски,35,377.33
S20250307-CH003-01351,2025-03-07,Гродно,CH003,Корона,CUST_CH003,SKU_008,Деликатесы,30,747.49
S20250121-CH002-00410,2025-01-21,Брест,CH002,Санта,CUST_CH002,SKU_005,Сосиски,56,668.02
S20250203-CH004-00676,2025-02-03,Гомель,CH004,Гиппо,CUST_CH004,SKU_007,Деликатесы,11,226.74
S20250115-CH002-00298,2025-01-15,Брест,CH002,Санта,CUST_CH002,SKU_009,Деликатесы,42,1072.51
S20250215-CH003-00926,2025-02-15,Гродно,CH003,Корона,CUST_CH003,SKU_009,Деликатесы,18,497.08
S20250102-CH001-00023,2025-01-02,Минск,CH001,Евроопт,CUST_CH001,SKU_003,Колбасы,34,596.58
S20260202-CH002-02507,2026-02-02,Брест,CH002,Санта,CUST_CH002,SKU_011,Полуфабрикаты,61,544.43
S20260130-CH001-02451,2026-01-30,Минск,CH001,Евроопт,CUST_CH001,SKU_007,Деликатесы,24,509.19
S20250206-CH001-00729,2025-02-06,Минск,CH001,Евроопт,CUST_CH001,SKU_007,Деликатесы,38,847.15
S20250305-CH003-01308,2025-03-05,Гродно,CH003,Корона,CUST_CH003,SKU_007,Деликатесы,33,742.98
S20250203-CH003-00672,2025-02-03,Гродно,CH003,Корона,CUST_CH003,SKU_010,Полуфабрикаты,61,508.34
S20250323-CH003-01673,2025-03-23,Гродно,CH003,Корона,CUST_CH003,SKU_006,Сосиски,37,547.52
S20250228-CH002-01200,2025-02-28,Брест,CH002,Санта,CUST_CH002,SKU_012,Полуфабрикаты,57,428.54
S20260318-CH001-03406,2026-03-18,Минск,CH001,Евроопт,CUST_CH001,SKU_OLD_001,Колбасы,68,775.05
S20260326-CH004-03609,2026-03-26,Гомель,CH004,Гиппо,CUST_CH004,SKU_011,Полуфабрикаты,51,483.98
S20250115-CH001-00294,2025-01-15,Минск,CH001,Евроопт,CUST_CH001,SKU_010,Полуфабрикаты,48,372.58
S20260331-CH001-03686,2026-03-31,Минск,CH001,Евроопт,CUST_CH001,SKU_004,Сосиски,63,820.67
S20250107-CH001-00127,2025-01-07,Минск,CH001,Евроопт,CUST_CH001,SKU_010,Полуфабрикаты,84,696.28
S20260120-CH002-02248,2026-01-20,Брест,CH002,Санта,CUST_CH002,SKU_012,Полуфабрикаты,73,579.64
S20260204-CH002-02550,2026-02-04,Брест,CH002,Санта,CUST_CH002,SKU_010,Полуфабрикаты,49,392.93
S20260129-CH003-02440,2026-01-29,Гродно,CH003,Корона,CUST_CH003,SKU_012,Полуфабрикаты,50,387.7
S20250204-CH003-00693,2025-02-04,Гродно,CH003,Корона,CUST_CH003,SKU_001,Колбасы,65,788.17
S20250204-CH002-00687,2025-02-04,Брест,CH002,Санта,CUST_CH002,SKU_002,Колбасы,35,495.35
S20250210-CH003-00818,2025-02-10,Гродно,CH003,Корона,CUST_CH003,SKU_012,Полуфабрикаты,50,369.7
S20250110-CH004-00217,2025-01-10,Гомель,CH004,Гиппо,CUST_CH004,SKU_008,Деликатесы,24,590.47
S20250108-CH001-00153,2025-01-08,Минск,CH001,Евроопт,CUST_CH001,SKU_011,Полуфабрикаты,54,488.0
S20260223-CH004-02964,2026-02-23,Гомель,CH004,Гиппо,CUST_CH004,SKU_003,Колбасы,71,1285.45
S20260108-CH001-01993,2026-01-08,Минск,CH001,Евроопт,CUST_CH001,SKU_003,Колбасы,64,1068.05
S20260205-CH003-02577,2026-02-05,Гродно,CH003,Корона,CUST_CH003,SKU_005,Сосиски,69,778.8
S20260108-CH003-02009,2026-01-08,Гродно,CH003,Корона,CUST_CH003,SKU_011,Полуфабрикаты,53,488.62
S20250124-CH001-00479,2025-01-24,Минск,CH001,Евроопт,CUST_CH001,SKU_008,Деликатесы,32,780.28
S20250304-CH002-01283,2025-03-04,Брест,CH002,Санта,CUST_CH002,SKU_012,Полуфабрикаты,38,280.93
S20250320-CH003-01605,2025-03-20,Гродно,CH003,Корона,CUST_CH003,SKU_004,Сосиски,61,805.52
S20260201-CH003-02490,2026-02-01,Гродно,CH003,Корона,CUST_CH003,SKU_005,Сосиски,67,710.62
S20250323-CH001-01667,2025-03-23,Минск,CH001,Евроопт,CUST_CH001,SKU_012,Полуфабрикаты,70,535.55
S20260221-CH003-02927,2026-02-21,Гродно,CH003,Корона,CUST_CH003,SKU_008,Деликатесы,40,927.12
S20250210-CH003-00813,2025-02-10,Гродно,CH003,Корона,CUST_CH003,SKU_005,Сосиски,81,966.71
S20250113-CH001-00251,2025-01-13,Минск,CH001,Евроопт,CUST_CH001,SKU_002,Колбасы,67,1072.16
S20250211-CH003-00844,2025-02-11,Гродно,CH003,Корона,CUST_CH003,SKU_007,Деликатесы,21,465.25
S20260114-CH003-02126,2026-01-14,Гродно,CH003,Корона,CUST_CH003,SKU_006,Сосиски,78,1100.05
S20260215-CH001-02777,2026-02-15,Минск,CH001,Евроопт,CUST_CH001,SKU_OLD_012,Полуфабрикаты,58,444.72
S20260319-CH003-03444,2026-03-19,Гродно,CH003,Корона,CUST_CH003,SKU_004,Сосиски,38,525.22
S20250217-CH004-00968,2025-02-17,Гомель,CH004,Гиппо,CUST_CH004,SKU_008,Деликатесы,65,1477.94
S20260330-CH001-03663,2026-03-30,Минск,CH001,Евроопт,CUST_CH001,SKU_008,Деликатесы,38,934.59
S20250218-CH002-00973,2025-02-18,Брест,CH002,Санта,CUST_CH002,SKU_002,Колбасы,63,932.78
S20260103-CH001-01897,2026-01-03,Минск,CH001,Евроопт,CUST_CH001,SKU_012,Полуфабрикаты,64,475.96
S20260119-CH004-02236,2026-01-19,Гомель,CH004,Гиппо,CUST_CH004,SKU_010,Полуфабрикаты,66,551.72
S20250112-CH003-00247,2025-01-12,Гродно,CH003,Корона,CUST_CH003,SKU_010,Полуфабрикаты,56,434.5
S20260118-CH003-02204,2026-01-18,Гродно,CH003,Корона,CUST_CH003,SKU_001,Колбасы,59,698.46
S20260326-CH003-03600,2026-03-26,Гродно,CH003,Корона,CUST_CH003,SKU_OLD_005,Сосиски,88,959.61
S20260204-CH004-02558,2026-02-04,Гомель,CH004,Гиппо,CUST_CH004,SKU_OLD_005,Сосиски,59,690.83
S20260326-CH003-03599,2026-03-26,Гродно,CH003,Корона,CUST_CH003,SKU_004,Сосиски,68,880.77
S20260123-CH003-02332,2026-01-23,Гродно,CH003,Корона,CUST_CH003,SKU_006,Сосиски,52,715.99
S20260217-CH004-02839,2026-02-17,Гомель,CH004,Гиппо,CUST_CH004,SKU_003,Колбасы,63,1187.39
S20260204-CH004-02557,2026-02-04,Гомель,CH004,Гиппо,CUST_CH004,SKU_004,Сосиски,60,741.66
S20260324-CH002-03545,2026-03-24,Брест,CH002,Санта,CUST_CH002,SKU_006,Сосиски,61,879.86
S20250315-CH003-01506,2025-03-15,Гродно,CH003,Корона,CUST_CH003,SKU_002,Колбасы,48,753.41
S20250307-CH002-01346,2025-03-07,Брест,CH002,Санта,CUST_CH002,SKU_007,Деликатесы,11,239.93
S20260223-CH001-02947,2026-02-23,Минск,CH001,Евроопт,CUST_CH001,SKU_008,Деликатесы,8,181.78
S20250218-CH002-00976,2025-02-18,Брест,CH002,Санта,CUST_CH002,SKU_009,Деликатесы,5,135.74
S20260210-CH001-02657,2026-02-10,Минск,CH001,Евроопт,CUST_CH001,SKU_003,Колбасы,48,869.7
S20250322-CH001-01646,2025-03-22,Минск,CH001,Евроопт,CUST_CH001,SKU_006,Сосиски,68,869.11
S20250324-CH001-01680,2025-03-24,Минск,CH001,Евроопт,CUST_CH001,SKU_003,Колбасы,56,973.44
S20260210-CH002-02667,2026-02-10,Брест,CH002,Санта,CUST_CH002,SKU_003,Колбасы,64,1200.11
S20250106-CH004-00123,2025-01-06,Гомель,CH004,Гиппо,CUST_CH004,SKU_012,Полуфабрикаты,38,281.66
S20250317-CH002-01535,2025-03-17,Брест,CH002,Санта,CUST_CH002,SKU_005,Сосиски,53,624.28
S20260310-CH002-03244,2026-03-10,Брест,CH002,Санта,CUST_CH002,SKU_006,Сосиски,57,758.7
S20260304-CH003-03132,2026-03-04,Гродно,CH003,Корона,CUST_CH003,SKU_001,Колбасы,58,703.51
S20260113-CH002-02101,2026-01-13,Брест,CH002,Санта,CUST_CH002,SKU_008,Деликатесы,34,784.86
S20250212-CH004-00870,2025-02-12,Гомель,CH004,Гиппо,CUST_CH004,SKU_012,Полуфабрикаты,68,540.53
S20260226-CH001-03019,2026-02-26,Минск,CH001,Евроопт,CUST_CH001,SKU_008,Деликатесы,44,993.35
S20250220-CH003-01031,2025-02-20,Гродно,CH003,Корона,CUST_CH003,SKU_012,Полуфабрикаты,66,492.62
S20250207-CH002-00757,2025-02-07,Брест,CH002,Санта,CUST_CH002,SKU_007,Деликатесы,17,349.57
S20260108-CH002-01999,2026-01-08,Брест,CH002,Санта,CUST_CH002,SKU_001,Колбасы,28,332.23
S20250226-CH002-01157,2025-02-26,Брест,CH002,Санта,CUST_CH002,SKU_009,Деликатесы,31,820.04
S20260114-CH001-02116,2026-01-14,Минск,CH001,Евроопт,CUST_CH001,SKU_009,Деликатесы,6,163.4
S20260215-CH003-02785,2026-02-15,Гродно,CH003,Корона,CUST_CH003,SKU_004,Сосиски,64,802.93
S20250117-CH001-00333,2025-01-17,Минск,CH001,Евроопт,CUST_CH001,SKU_008,Деликатесы,18,433.61
S20250320-CH001-01593,2025-03-20,Минск,CH001,Евроопт,CUST_CH001,SKU_006,Сосиски,40,586.08
S20260127-CH001-02385,2026-01-27,Минск,CH001,Евроопт,CUST_CH001,SKU_002,Колбасы,77,1187.21
S20250319-CH002-01576,2025-03-19,Брест,CH002,Санта,CUST_CH002,SKU_OLD_005,Сосиски,60,681.08
S20260209-CH004-02654,2026-02-09,Гомель,CH004,Гиппо,CUST_CH004,SKU_OLD_012,Полуфабрикаты,59,429.31
S20250124-CH001-00473,2025-01-24,Минск,CH001,Евроопт,CUST_CH001,SKU_002,Колбасы,80,1155.06
S20250214-CH002-00902,2025-02-14,Брест,CH002,Санта,CUST_CH002,SKU_002,Колбасы,45,639.24
S20250212-CH004-00866,2025-02-12,Гомель,CH004,Гиппо,CUST_CH004,SKU_007,Деликатесы,24,521.54
S20250306-CH002-01330,2025-03-06,Брест,CH002,Санта,CUST_CH002,SKU_011,Полуфабрикаты,52,477.06
S20250307-CH001-01343,2025-03-07,Минск,CH001,Евроопт,CUST_CH001,SKU_011,Полуфабрикаты,54,491.38
S20250206-CH003-00742,2025-02-06,Гродно,CH003,Корона,CUST_CH003,SKU_004,Сосиски,79,1012.64
S20260319-CH001-03437,2026-03-19,Минск,CH001,Евроопт,CUST_CH001,SKU_010,Полуфабрикаты,40,314.9
S20260310-CH003-03252,2026-03-10,Гродно,CH003,Корона,CUST_CH003,SKU_011,Полуфабрикаты,68,582.65
S20260117-CH001-02181,2026-01-17,Минск,CH001,Евроопт,CUST_CH001,SKU_005,Сосиски,66,737.09
S20260319-CH003-03443,2026-03-19,Гродно,CH003,Корона,CUST_CH003,SKU_001,Колбасы,63,734.44
S20260302-CH002-03086,2026-03-02,Брест,CH002,Санта,CUST_CH002,SKU_010,Полуфабрикаты,47,377.74
S20250321-CH003-01629,2025-03-21,Гродно,CH003,Корона,CUST_CH003,SKU_002,Колбасы,38,555.79
S20260214-CH004-02774,2026-02-14,Гомель,CH004,Гиппо,CUST_CH004,SKU_008,Деликатесы,62,1512.42
S20260129-CH003-02439,2026-01-29,Гродно,CH003,Корона,CUST_CH003,SKU_010,Полуфабрикаты,40,324.84
S20250225-CH004-01150,2025-02-25,Гомель,CH004,Гиппо,CUST_CH004,SKU_010,Полуфабрикаты,64,485.06
S20260225-CH004-03009,2026-02-25,Гомель,CH004,Гиппо,CUST_CH004,SKU_001,Колбасы,95,1147.75
S20260304-CH002-03128,2026-03-04,Брест,CH002,Санта,CUST_CH002,SKU_007,Деликатесы,24,487.25
S20250113-CH002-00257,2025-01-13,Брест,CH002,Санта,CUST_CH002,SKU_007,Деликатесы,24,511.23
S20250131-CH004-00634,2025-01-31,Гомель,CH004,Гиппо,CUST_CH004,SKU_012,Полуфабрикаты,53,384.92
S20260123-CH004-02338,2026-01-23,Гомель,CH004,Гиппо,CUST_CH004,SKU_008,Деликатесы,43,997.23
S20260224-CH001-02974,2026-02-24,Минск,CH001,Евроопт,CUST_CH001,SKU_006,Сосиски,51,743.14
S20250208-CH002-00778,2025-02-08,Брест,CH002,Санта,CUST_CH002,SKU_010,Полуфабрикаты,51,413.25
S20260221-CH002-02918,2026-02-21,Брест,CH002,Санта,CUST_CH002,SKU_OLD_001,Колбасы,63,744.89
S20260113-CH002-02102,2026-01-13,Брест,CH002,Санта,CUST_CH002,SKU_011,Полуфабрикаты,45,391.25
S20250128-CH002-00558,2025-01-28,Брест,CH002,Санта,CUST_CH002,SKU_006,Сосиски,57,808.19
S20260319-CH002-03440,2026-03-19,Брест,CH002,Санта,CUST_CH002,SKU_004,Сосиски,56,686.54
S20260107-CH003-01986,2026-01-07,Гродно,CH003,Корона,CUST_CH003,SKU_008,Деликатесы,24,553.78
S20260112-CH004-02089,2026-01-12,Гомель,CH004,Гиппо,CUST_CH004,SKU_005,Сосиски,60,697.41
S20250113-CH003-00262,2025-01-13,Гродно,CH003,Корона,CUST_CH003,SKU_001,Колбасы,45,550.78
S20260114-CH004-02132,2026-01-14,Гомель,CH004,Гиппо,CUST_CH004,SKU_006,Сосиски,72,997.71
S20260224-CH002-02976,2026-02-24,Брест,CH002,Санта,CUST_CH002,SKU_004,Сосиски,62,806.72
S20260225-CH003-03004,2026-02-25,Гродно,CH003,Корона,CUST_CH003,SKU_007,Деликатесы,25,519.48
S20260102-CH003-01890,2026-01-02,Гродно,CH003,Корона,CUST_CH003,SKU_010,Полуфабрикаты,28,223.33
S20260202-CH002-02504,2026-02-02,Брест,CH002,Санта,CUST_CH002,SKU_006,Сосиски,77,1096.4
S20260112-CH003-02079,2026-01-12,Гродно,CH003,Корона,CUST_CH003,SKU_OLD_001,Колбасы,69,814.16
S20260226-CH002-03026,2026-02-26,Брест,CH002,Санта,CUST_CH002,SKU_012,Полуфабрикаты,82,636.96
S20260317-CH003-03396,2026-03-17,Гродно,CH003,Корона,CUST_CH003,SKU_OLD_005,Сосиски,59,667.72
S20250110-CH003-00209,2025-01-10,Гродно,CH003,Корона,CUST_CH003,SKU_OLD_005,Сосиски,76,877.54
S20260313-CH001-03310,2026-03-13,Минск,CH001,Евроопт,CUST_CH001,SKU_007,Деликатесы,7,152.79
S20260104-CH002-01914,2026-01-04,Брест,CH002,Санта,CUST_CH002,SKU_012,Полуфабрикаты,42,320.38
S20250320-CH003-01607,2025-03-20,Гродно,CH003,Корона,CUST_CH003,SKU_006,Сосиски,71,1046.99
S20250220-CH001-01021,2025-02-20,Минск,CH001,Евроопт,CUST_CH001,SKU_012,Полуфабрикаты,45,332.67
S20260313-CH001-03309,2026-03-13,Минск,CH001,Евроопт,CUST_CH001,SKU_006,Сосиски,78,1182.41
S20250310-CH004-01404,2025-03-10,Гомель,CH004,Гиппо,CUST_CH004,SKU_011,Полуфабрикаты,48,419.4
S20260203-CH002-02527,2026-02-03,Брест,CH002,Санта,CUST_CH002,SKU_005,Сосиски,66,751.79
S20260113-CH001-02097,2026-01-13,Минск,CH001,Евроопт,CUST_CH001,SKU_012,Полуфабрикаты,80,549.05
S20250110-CH003-00210,2025-01-10,Гродно,CH003,Корона,CUST_CH003,SKU_006,Сосиски,71,996.35
S20250108-CH001-00154,2025-01-08,Минск,CH001,Евроопт,CUST_CH001,SKU_012,Полуфабрикаты,72,528.82
S20260218-CH001-02848,2026-02-18,Минск,CH001,Евроопт,CUST_CH001,SKU_011,Полуфабрикаты,87,797.36
S20250320-CH001-01591,2025-03-20,Минск,CH001,Евроопт,CUST_CH001,SKU_004,Сосиски,62,820.73
S20260129-CH004-02443,2026-01-29,Гомель,CH004,Гиппо,CUST_CH004,SKU_008,Деликатесы,40,944.07
S20250225-CH004-01148,2025-02-25,Гомель,CH004,Гиппо,CUST_CH004,SKU_006,Сосиски,43,613.01
S20260107-CH001-01968,2026-01-07,Минск,CH001,Евроопт,CUST_CH001,SKU_001,Колбасы,61,741.95
S20260123-CH001-02317,2026-01-23,Минск,CH001,Евроопт,CUST_CH001,SKU_OLD_001,Колбасы,67,827.57
S20260129-CH003-02434,2026-01-29,Гродно,CH003,Корона,CUST_CH003,SKU_002,Колбасы,63,943.8
S20250321-CH003-01634,2025-03-21,Гродно,CH003,Корона,CUST_CH003,SKU_007,Деликатесы,13,282.22
S20260112-CH004-02090,2026-01-12,Гомель,CH004,Гиппо,CUST_CH004,SKU_006,Сосиски,89,1231.05
S20250130-CH002-00598,2025-01-30,Брест,CH002,Санта,CUST_CH002,SKU_001,Колбасы,32,389.92
S20260105-CH003-01932,2026-01-05,Гродно,CH003,Корона,CUST_CH003,SKU_OLD_001,Колбасы,60,714.57
S20250322-CH003-01657,2025-03-22,Гродно,CH003,Корона,CUST_CH003,SKU_006,Сосиски,77,1039.71
S20250204-CH001-00681,2025-02-04,Минск,CH001,Евроопт,CUST_CH001,SKU_006,Сосиски,54,771.33
S20250319-CH001-01566,2025-03-19,Минск,CH001,Евроопт,CUST_CH001,SKU_005,Сосиски,48,551.27
S20260210-CH004-02680,2026-02-10,Гомель,CH004,Гиппо,CUST_CH004,SKU_006,Сосиски,32,443.69
S20250306-CH002-01329,2025-03-06,Брест,CH002,Санта,CUST_CH002,SKU_010,Полуфабрикаты,35,288.72
S20260112-CH004-02088,2026-01-12,Гомель,CH004,Гиппо,CUST_CH004,SKU_002,Колбасы,58,884.97
S20260212-CH003-02722,2026-02-12,Гродно,CH003,Корона,CUST_CH003,SKU_007,Деликатесы,17,366.92
S20250316-CH002-01519,2025-03-16,Брест,CH002,Санта,CUST_CH002,SKU_011,Полуфабрикаты,46,416.47
S20260122-CH001-02288,2026-01-22,Минск,CH001,Евроопт,CUST_CH001,SKU_004,Сосиски,49,632.06
S20260208-CH001-02623,2026-02-08,Минск,CH001,Евроопт,CUST_CH001,SKU_OLD_012,Полуфабрикаты,76,569.73
S20250111-CH002-00222,2025-01-11,Брест,CH002,Санта,CUST_CH002,SKU_005,Сосиски,26,298.07
S20250111-CH003-00226,2025-01-11,Гродно,CH003,Корона,CUST_CH003,SKU_009,Деликатесы,27,725.47
S20260323-CH004-03536,2026-03-23,Гомель,CH004,Гиппо,CUST_CH004,SKU_011,Полуфабрикаты,79,687.69
S20260221-CH001-02917,2026-02-21,Минск,CH001,Евроопт,CUST_CH001,SKU_009,Деликатесы,13,347.71
S20260202-CH004-02518,2026-02-02,Гомель,CH004,Гиппо,CUST_CH004,SKU_008,Деликатесы,42,1092.47
S20260207-CH001-02613,2026-02-07,Минск,CH001,Евроопт,CUST_CH001,SKU_011,Полуфабрикаты,107,926.82
S20260127-CH002-02394,2026-01-27,Брест,CH002,Санта,CUST_CH002,SKU_010,Полуфабрикаты,72,562.88
S20250327-CH002-01761,2025-03-27,Брест,CH002,Санта,CUST_CH002,SKU_005,Сосиски,57,598.3
S20250308-CH001-01361,2025-03-08,Минск,CH001,Евроопт,CUST_CH001,SKU_009,Деликатесы,50,1276.99
S20260123-CH002-02325,2026-01-23,Брест,CH002,Санта,CUST_CH002,SKU_007,Деликатесы,5,109.12
S20260304-CH001-03119,2026-03-04,Минск,CH001,Евроопт,CUST_CH001,SKU_OLD_001,Колбасы,51,613.13
S20260214-CH003-02770,2026-02-14,Гродно,CH003,Корона,CUST_CH003,SKU_008,Деликатесы,11,272.8
S20250314-CH004-01493,2025-03-14,Гомель,CH004,Гиппо,CUST_CH004,SKU_005,Сосиски,28,311.18
S20260212-CH001-02713,2026-02-12,Минск,CH001,Евроопт,CUST_CH001,SKU_011,Полуфабрикаты,58,533.98
S20260213-CH001-02729,2026-02-13,Минск,CH001,Евроопт,CUST_CH001,SKU_001,Колбасы,51,606.06
S20260108-CH003-02010,2026-01-08,Гродно,CH003,Корона,CUST_CH003,SKU_012,Полуфабрикаты,52,388.8
S20250110-CH002-00206,2025-01-10,Брест,CH002,Санта,CUST_CH002,SKU_008,Деликатесы,37,853.05
S20250220-CH003-01028,2025-02-20,Гродно,CH003,Корона,CUST_CH003,SKU_007,Деликатесы,9,192.32
S20260316-CH003-03373,2026-03-16,Гродно,CH003,Корона,CUST_CH003,SKU_012,Полуфабрикаты,44,319.35
S20260320-CH003-03472,2026-03-20,Гродно,CH003,Корона,CUST_CH003,SKU_007,Деликатесы,51,1159.71
S20250221-CH002-01047,2025-02-21,Брест,CH002,Санта,CUST_CH002,SKU_002,Колбасы,63,907.33
S20250204-CH003-00694,2025-02-04,Гродно,CH003,Корона,CUST_CH003,SKU_002,Колбасы,73,1154.84
S20260221-CH002-02921,2026-02-21,Брест,CH002,Санта,CUST_CH002,SKU_010,Полуфабрикаты,67,513.55
S20260219-CH002-02878,2026-02-19,Брест,CH002,Санта,CUST_CH002,SKU_006,Сосиски,58,782.38
S20250227-CH004-01187,2025-02-27,Гомель,CH004,Гиппо,CUST_CH004,SKU_OLD_005,Сосиски,57,667.01
S20250308-CH003-01370,2025-03-08,Гродно,CH003,Корона,CUST_CH003,SKU_010,Полуфабрикаты,69,568.5
S20260104-CH001-01908,2026-01-04,Минск,CH001,Евроопт,CUST_CH001,SKU_009,Деликатесы,11,268.05
S20260227-CH004-03055,2026-02-27,Гомель,CH004,Гиппо,CUST_CH004,SKU_OLD_001,Колбасы,69,806.94
S20250101-CH004-00017,2025-01-01,Гомель,CH004,Гиппо,CUST_CH004,SKU_005,Сосиски,54,598.01
S20260202-CH004-02515,2026-02-02,Гомель,CH004,Гиппо,CUST_CH004,SKU_001,Колбасы,81,972.49
S20260118-CH003-02206,2026-01-18,Гродно,CH003,Корона,CUST_CH003,SKU_011,Полуфабрикаты,50,449.04
S20260330-CH004-03685,2026-03-30,Гомель,CH004,Гиппо,CUST_CH004,SKU_007,Деликатесы,10,216.11
S20250323-CH004-01677,2025-03-23,Гомель,CH004,Гиппо,CUST_CH004,SKU_007,Деликатесы,30,661.78
S20250227-CH003-01185,2025-02-27,Гродно,CH003,Корона,CUST_CH003,SKU_012,Полуфабрикаты,39,305.15
S20260125-CH003-02354,2026-01-25,Гродно,CH003,Корона,CUST_CH003,SKU_004,Сосиски,82,1047.94
S20250202-CH004-00657,2025-02-02,Гомель,CH004,Гиппо,CUST_CH004,SKU_004,Сосиски,74,980.78
S20250319-CH002-01572,2025-03-19,Брест,CH002,Санта,CUST_CH002,SKU_OLD_001,Колбасы,48,563.85
S20250326-CH003-01738,2025-03-26,Гродно,CH003,Корона,CUST_CH003,SKU_003,Колбасы,40,687.63
S20250311-CH003-01420,2025-03-11,Гродно,CH003,Корона,CUST_CH003,SKU_009,Деликатесы,54,1396.18
S20250120-CH004-00400,2025-01-20,Гомель,CH004,Гиппо,CUST_CH004,SKU_OLD_005,Сосиски,55,633.16
S20250131-CH002-00619,2025-01-31,Брест,CH002,Санта,CUST_CH002,SKU_OLD_001,Колбасы,78,917.86
S20250126-CH001-00509,2025-01-26,Минск,CH001,Евроопт,CUST_CH001,SKU_001,Колбасы,45,530.85
S20260301-CH001-03070,2026-03-01,Минск,CH001,Евроопт,CUST_CH001,SKU_010,Полуфабрикаты,61,504.33
S20260317-CH003-03397,2026-03-17,Гродно,CH003,Корона,CUST_CH003,SKU_006,Сосиски,75,1027.68
S20260218-CH004-02860,2026-02-18,Гомель,CH004,Гиппо,CUST_CH004,SKU_003,Колбасы,69,1159.19
S20250212-CH004-00868,2025-02-12,Гомель,CH004,Гиппо,CUST_CH004,SKU_010,Полуфабрикаты,66,498.13
S20260202-CH002-02508,2026-02-02,Брест,CH002,Санта,CUST_CH002,SKU_OLD_012,Полуфабрикаты,62,456.67
S20250213-CH003-00887,2025-02-13,Гродно,CH003,Корона,CUST_CH003,SKU_006,Сосиски,46,648.39
S20260113-CH004-02111,2026-01-13,Гомель,CH004,Гиппо,CUST_CH004,SKU_007,Деликатесы,5,113.25
S20250130-CH002-00600,2025-01-30,Брест,CH002,Санта,CUST_CH002,SKU_008,Деликатесы,31,779.52
S20260305-CH003-03152,2026-03-05,Гродно,CH003,Корона,CUST_CH003,SKU_003,Колбасы,76,1421.99
S20250123-CH002-00458,2025-01-23,Брест,CH002,Санта,CUST_CH002,SKU_004,Сосиски,53,695.73
S20260205-CH004-02589,2026-02-05,Гомель,CH004,Гиппо,CUST_CH004,SKU_011,Полуфабрикаты,40,336.65
S20250224-CH004-01118,2025-02-24,Гомель,CH004,Гиппо,CUST_CH004,SKU_003,Колбасы,38,701.49
S20250213-CH001-00871,2025-02-13,Минск,CH001,Евроопт,CUST_CH001,SKU_002,Колбасы,53,790.3
S20250209-CH002-00791,2025-02-09,Брест,CH002,Санта,CUST_CH002,SKU_008,Деликатесы,30,748.95
S20260121-CH001-02261,2026-01-21,Минск,CH001,Евроопт,CUST_CH001,SKU_003,Колбасы,53,989.87
S20250217-CH001-00955,2025-02-17,Минск,CH001,Евроопт,CUST_CH001,SKU_010,Полуфабрикаты,38,305.52
S20250202-CH002-00651,2025-02-02,Брест,CH002,Санта,CUST_CH002,SKU_006,Сосиски,45,651.87
S20250206-CH002-00734,2025-02-06,Брест,CH002,Санта,CUST_CH002,SKU_002,Колбасы,78,1186.16
S20260321-CH004-03492,2026-03-21,Гомель,CH004,Гиппо,CUST_CH004,SKU_007,Деликатесы,26,558.55
S20250119-CH004-00380,2025-01-19,Гомель,CH004,Гиппо,CUST_CH004,SKU_010,Полуфабрикаты,42,344.24
S20260224-CH002-02975,2026-02-24,Брест,CH002,Санта,CUST_CH002,SKU_001,Колбасы,34,386.65
S20250217-CH002-00957,2025-02-17,Брест,CH002,Санта,CUST_CH002,SKU_002,Колбасы,63,961.57
S20250108-CH004-00172,2025-01-08,Гомель,CH004,Гиппо,CUST_CH004,SKU_006,Сосиски,58,797.59
S20260106-CH001-01945,2026-01-06,Минск,CH001,Евроопт,CUST_CH001,SKU_002,Колбасы,63,973.1
S20260121-CH004-02280,2026-01-21,Гомель,CH004,Гиппо,CUST_CH004,SKU_003,Колбасы,52,957.47
S20250203-CH001-00660,2025-02-03,Минск,CH001,Евроопт,CUST_CH001,SKU_002,Колбасы,46,685.48
S20260129-CH002-02431,2026-01-29,Брест,CH002,Санта,CUST_CH002,SKU_010,Полуфабрикаты,53,411.74
S20260203-CH002-02529,2026-02-03,Брест,CH002,Санта,CUST_CH002,SKU_010,Полуфабрикаты,71,568.39
S20260114-CH002-02121,2026-01-14,Брест,CH002,Санта,CUST_CH002,SKU_010,Полуфабрикаты,32,263.99
S20250223-CH003-01095,2025-02-23,Гродно,CH003,Корона,CUST_CH003,SKU_010,Полуфабрикаты,48,391.91
S20260226-CH004-03032,2026-02-26,Гомель,CH004,Гиппо,CUST_CH004,SKU_006,Сосиски,54,819.19
S20260218-CH004-02865,2026-02-18,Гомель,CH004,Гиппо,CUST_CH004,SKU_011,Полуфабрикаты,62,556.97
S20260119-CH002-02220,2026-01-19,Брест,CH002,Санта,CUST_CH002,SKU_003,Колбасы,56,1025.65
S20250201-CH004-00643,2025-02-01,Гомель,CH004,Гиппо,CUST_CH004,SKU_003,Колбасы,43,737.94
S20250108-CH004-00169,2025-01-08,Гомель,CH004,Гиппо,CUST_CH004,SKU_001,Колбасы,43,510.2
S20250316-CH002-01518,2025-03-16,Брест,CH002,Санта,CUST_CH002,SKU_010,Полуфабрикаты,50,406.26
S20250328-CH004-01801,2025-03-28,Гомель,CH004,Гиппо,CUST_CH004,SKU_001,Колбасы,39,456.22
S20260330-CH002-03669,2026-03-30,Брест,CH002,Санта,CUST_CH002,SKU_005,Сосиски,60,648.03
S20260104-CH003-01918,2026-01-04,Гродно,CH003,Корона,CUST_CH003,SKU_008,Деликатесы,15,354.99
S20250114-CH001-00273,2025-01-14,Минск,CH001,Евроопт,CUST_CH001,SKU_006,Сосиски,20,272.19
S20250301-CH001-01216,2025-03-01,Минск,CH001,Евроопт,CUST_CH001,SKU_007,Деликатесы,32,678.88
S20260131-CH001-02469,2026-01-31,Минск,CH001,Евроопт,CUST_CH001,SKU_008,Деликатесы,31,776.03
S20250224-CH004-01119,2025-02-24,Гомель,CH004,Гиппо,CUST_CH004,SKU_004,Сосиски,55,691.13
S20260228-CH002-03062,2026-02-28,Брест,CH002,Санта,CUST_CH002,SKU_OLD_005,Сосиски,49,567.65
S20260313-CH001-03311,2026-03-13,Минск,CH001,Евроопт,CUST_CH001,SKU_010,Полуфабрикаты,23,185.24
S20250222-CH001-01067,2025-02-22,Минск,CH001,Евроопт,CUST_CH001,SKU_002,Колбасы,64,979.88
S20260113-CH003-02105,2026-01-13,Гродно,CH003,Корона,CUST_CH003,SKU_OLD_009,Деликатесы,17,424.58
S20260314-CH003-03336,2026-03-14,Гродно,CH003,Корона,CUST_CH003,SKU_004,Сосиски,64,812.62
S20260218-CH001-02844,2026-02-18,Минск,CH001,Евроопт,CUST_CH001,SKU_004,Сосиски,80,1021.88
S20260104-CH002-01913,2026-01-04,Брест,CH002,Санта,CUST_CH002,SKU_011,Полуфабрикаты,50,468.45
S20250102-CH003-00039,2025-01-02,Гродно,CH003,Корона,CUST_CH003,SKU_012,Полуфабрикаты,56,415.6
S20250115-CH004-00307,2025-01-15,Гомель,CH004,Гиппо,CUST_CH004,SKU_005,Сосиски,58,640.73
S20250101-CH001-00007,2025-01-01,Минск,CH001,Евроопт,CUST_CH001,SKU_012,Полуфабрикаты,58,405.87
S20260130-CH002-02457,2026-01-30,Брест,CH002,Санта,CUST_CH002,SKU_012,Полуфабрикаты,73,550.53
S20250208-CH004-00782,2025-02-08,Гомель,CH004,Гиппо,CUST_CH004,SKU_004,Сосиски,21,281.45
S20250228-CH001-01191,2025-02-28,Минск,CH001,Евроопт,CUST_CH001,SKU_003,Колбасы,41,713.28
S20250127-CH002-00535,2025-01-27,Брест,CH002,Санта,CUST_CH002,SKU_004,Сосиски,48,631.57
S20250129-CH003-00584,2025-01-29,Гродно,CH003,Корона,CUST_CH003,SKU_009,Деликатесы,47,1246.12
S20260224-CH001-02970,2026-02-24,Минск,CH001,Евроопт,CUST_CH001,SKU_002,Колбасы,80,1293.72
S20260327-CH003-03628,2026-03-27,Гродно,CH003,Корона,CUST_CH003,SKU_008,Деликатесы,42,1072.2
S20260304-CH002-03131,2026-03-04,Брест,CH002,Санта,CUST_CH002,SKU_012,Полуфабрикаты,82,631.64
S20260317-CH004-03400,2026-03-17,Гомель,CH004,Гиппо,CUST_CH004,SKU_003,Колбасы,57,1070.19
S20260309-CH001-03220,2026-03-09,Минск,CH001,Евроопт,CUST_CH001,SKU_006,Сосиски,69,983.85
S20250116-CH002-00317,2025-01-16,Брест,CH002,Санта,CUST_CH002,SKU_009,Деликатесы,25,640.29
S20260118-CH001-02198,2026-01-18,Минск,CH001,Евроопт,CUST_CH001,SKU_004,Сосиски,73,903.91
S20260128-CH002-02415,2026-01-28,Брест,CH002,Санта,CUST_CH002,SKU_012,Полуфабрикаты,75,541.82
S20260205-CH001-02565,2026-02-05,Минск,CH001,Евроопт,CUST_CH001,SKU_004,Сосиски,63,821.8
S20250328-CH003-01795,2025-03-28,Гродно,CH003,Корона,CUST_CH003,SKU_006,Сосиски,66,911.19
S20260205-CH004-02582,2026-02-05,Гомель,CH004,Гиппо,CUST_CH004,SKU_001,Колбасы,59,708.4
S20260213-CH002-02740,2026-02-13,Брест,CH002,Санта,CUST_CH002,SKU_004,Сосиски,53,715.5
S20250114-CH001-00272,2025-01-14,Минск,CH001,Евроопт,CUST_CH001,SKU_005,Сосиски,62,748.97
S20250128-CH001-00549,2025-01-28,Минск,CH001,Евроопт,CUST_CH001,SKU_003,Колбасы,56,937.5
S20250324-CH003-01693,2025-03-24,Гродно,CH003,Корона,CUST_CH003,SKU_002,Колбасы,64,941.05
S20250325-CH003-01720,2025-03-25,Гродно,CH003,Корона,CUST_CH003,SKU_008,Деликатесы,8,193.97
S20260321-CH003-03488,2026-03-21,Гродно,CH003,Корона,CUST_CH003,SKU_011,Полуфабрикаты,81,729.62
S20260318-CH003-03423,2026-03-18,Гродно,CH003,Корона,CUST_CH003,SKU_008,Деликатесы,69,1681.34
S20260127-CH002-02391,2026-01-27,Брест,CH002,Санта,CUST_CH002,SKU_OLD_005,Сосиски,64,743.51
S20250130-CH002-00599,2025-01-30,Брест,CH002,Санта,CUST_CH002,SKU_007,Деликатесы,27,605.49
S20250324-CH002-01690,2025-03-24,Брест,CH002,Санта,CUST_CH002,SKU_010,Полуфабрикаты,57,444.38
S20250213-CH004-00895,2025-02-13,Гомель,CH004,Гиппо,CUST_CH004,SKU_012,Полуфабрикаты,59,463.26
S20260309-CH002-03223,2026-03-09,Брест,CH002,Санта,CUST_CH002,SKU_001,Колбасы,72,836.84
S20250327-CH004-01776,2025-03-27,Гомель,CH004,Гиппо,CUST_CH004,SKU_007,Деликатесы,18,374.27
S20250129-CH001-00571,2025-01-29,Минск,CH001,Евроопт,CUST_CH001,SKU_001,Колбасы,50,628.89
S20260108-CH002-02000,2026-01-08,Брест,CH002,Санта,CUST_CH002,SKU_002,Колбасы,87,1321.47
S20260114-CH003-02123,2026-01-14,Гродно,CH003,Корона,CUST_CH003,SKU_001,Колбасы,61,692.47
S20250103-CH003-00062,2025-01-03,Гродно,CH003,Корона,CUST_CH003,SKU_012,Полуфабрикаты,74,527.77
S20250303-CH001-01248,2025-03-03,Минск,CH001,Евроопт,CUST_CH001,SKU_009,Деликатесы,9,240.66
S20260331-CH004-03704,2026-03-31,Гомель,CH004,Гиппо,CUST_CH004,SKU_003,Колбасы,54,995.8
S20250303-CH003-01260,2025-03-03,Гродно,CH003,Корона,CUST_CH003,SKU_010,Полуфабрикаты,46,357.03
S20250210-CH002-00810,2025-02-10,Брест,CH002,Санта,CUST_CH002,SKU_010,Полуфабрикаты,49,407.76
S20260122-CH001-02293,2026-01-22,Минск,CH001,Евроопт,CUST_CH001,SKU_012,Полуфабрикаты,58,453.17
S20250221-CH002-01050,2025-02-21,Брест,CH002,Санта,CUST_CH002,SKU_005,Сосиски,33,390.36
S20260225-CH004-03015,2026-02-25,Гомель,CH004,Гиппо,CUST_CH004,SKU_011,Полуфабрикаты,30,264.45
S20250106-CH002-00108,2025-01-06,Брест,CH002,Санта,CUST_CH002,SKU_002,Колбасы,50,769.92
S20260115-CH004-02154,2026-01-15,Гомель,CH004,Гиппо,CUST_CH004,SKU_009,Деликатесы,21,559.99
S20250203-CH004-00674,2025-02-03,Гомель,CH004,Гиппо,CUST_CH004,SKU_OLD_005,Сосиски,19,225.65
S20260223-CH003-02960,2026-02-23,Гродно,CH003,Корона,CUST_CH003,SKU_004,Сосиски,71,887.5
S20250203-CH002-00666,2025-02-03,Брест,CH002,Санта,CUST_CH002,SKU_003,Колбасы,76,1426.35
S20250126-CH001-00510,2025-01-26,Минск,CH001,Евроопт,CUST_CH001,SKU_003,Колбасы,50,913.36
S20260117-CH001-02180,2026-01-17,Минск,CH001,Евроопт,CUST_CH001,SKU_002,Колбасы,70,1075.0
S20250321-CH004-01641,2025-03-21,Гомель,CH004,Гиппо,CUST_CH004,SKU_004,Сосиски,38,494.52
S20260201-CH004-02493,2026-02-01,Гомель,CH004,Гиппо,CUST_CH004,SKU_012,Полуфабрикаты,69,547.13
S20260311-CH002-03264,2026-03-11,Брест,CH002,Санта,CUST_CH002,SKU_006,Сосиски,56,782.87
S20250317-CH002-01533,2025-03-17,Брест,CH002,Санта,CUST_CH002,SKU_003,Колбасы,30,546.08
S20250212-CH004-00867,2025-02-12,Гомель,CH004,Гиппо,CUST_CH004,SKU_009,Деликатесы,27,694.55
S20260101-CH001-01856,2026-01-01,Минск,CH001,Евроопт,CUST_CH001,SKU_006,Сосиски,38,507.5
S20250326-CH003-01737,2025-03-26,Гродно,CH003,Корона,CUST_CH003,SKU_OLD_001,Колбасы,50,577.73
S20250101-CH002-00011,2025-01-01,Брест,CH002,Санта,CUST_CH002,SKU_011,Полуфабрикаты,75,669.67
S20250221-CH004-01061,2025-02-21,Гомель,CH004,Гиппо,CUST_CH004,SKU_003,Колбасы,88,1627.5
S20260322-CH001-03495,2026-03-22,Минск,CH001,Евроопт,CUST_CH001,SKU_003,Колбасы,60,1077.81
S20260113-CH004-02106,2026-01-13,Гомель,CH004,Гиппо,CUST_CH004,SKU_002,Колбасы,57,838.9
S20260316-CH004-03379,2026-03-16,Гомель,CH004,Гиппо,CUST_CH004,SKU_010,Полуфабрикаты,66,537.09
S20260107-CH001-01974,2026-01-07,Минск,CH001,Евроопт,CUST_CH001,SKU_011,Полуфабрикаты,69,630.31
S20250129-CH004-00590,2025-01-29,Гомель,CH004,Гиппо,CUST_CH004,SKU_009,Деликатесы,14,349.94
S20260223-CH003-02961,2026-02-23,Гродно,CH003,Корона,CUST_CH003,SKU_006,Сосиски,80,1126.32
S20260309-CH002-03225,2026-03-09,Брест,CH002,Санта,CUST_CH002,SKU_005,Сосиски,25,290.88
S20250105-CH001-00087,2025-01-05,Минск,CH001,Евроопт,CUST_CH001,SKU_009,Деликатесы,26,684.07
S20260325-CH003-03574,2026-03-25,Гродно,CH003,Корона,CUST_CH003,SKU_002,Колбасы,70,952.55
S20250207-CH004-00772,2025-02-07,Гомель,CH004,Гиппо,CUST_CH004,SKU_011,Полуфабрикаты,78,690.77
S20260221-CH002-02919,2026-02-21,Брест,CH002,Санта,CUST_CH002,SKU_005,Сосиски,31,374.52
S20250303-CH002-01250,2025-03-03,Брест,CH002,Санта,CUST_CH002,SKU_002,Колбасы,60,910.71
S20250205-CH001-00709,2025-02-05,Минск,CH001,Евроопт,CUST_CH001,SKU_006,Сосиски,55,777.24
S20260131-CH002-02473,2026-01-31,Брест,CH002,Санта,CUST_CH002,SKU_004,Сосиски,88,1185.64
S20260223-CH001-02950,2026-02-23,Минск,CH001,Евроопт,CUST_CH001,SKU_OLD_012,Полуфабрикаты,61,474.98
S20260311-CH004-03277,2026-03-11,Гомель,CH004,Гиппо,CUST_CH004,SKU_008,Деликатесы,36,841.4
S20260205-CH004-02587,2026-02-05,Гомель,CH004,Гиппо,CUST_CH004,SKU_008,Деликатесы,24,555.94
S20260101-CH002-01861,2026-01-01,Брест,CH002,Санта,CUST_CH002,SKU_001,Колбасы,76,966.37
S20260114-CH003-02129,2026-01-14,Гродно,CH003,Корона,CUST_CH003,SKU_011,Полуфабрикаты,48,453.54
S20260311-CH002-03266,2026-03-11,Брест,CH002,Санта,CUST_CH002,SKU_OLD_009,Деликатесы,40,1056.75
S20260304-CH004-03140,2026-03-04,Гомель,CH004,Гиппо,CUST_CH004,SKU_008,Деликатесы,12,288.57
S20250121-CH004-00419,2025-01-21,Гомель,CH004,Гиппо,CUST_CH004,SKU_001,Колбасы,76,880.13
S20250313-CH002-01462,2025-03-13,Брест,CH002,Санта,CUST_CH002,SKU_011,Полуфабрикаты,47,422.05
S20250314-CH002-01485,2025-03-14,Брест,CH002,Санта,CUST_CH002,SKU_012,Полуфабрикаты,26,196.84
S20260325-CH002-03568,2026-03-25,Брест,CH002,Санта,CUST_CH002,SKU_003,Колбасы,54,989.56
S20260318-CH003-03424,2026-03-18,Гродно,CH003,Корона,CUST_CH003,SKU_009,Деликатесы,32,845.87
S20260324-CH004-03559,2026-03-24,Гомель,CH004,Гиппо,CUST_CH004,SKU_009,Деликатесы,58,1488.73
S20250212-CH001-00852,2025-02-12,Минск,CH001,Евроопт,CUST_CH001,SKU_006,Сосиски,63,916.26
S20250219-CH003-01005,2025-02-19,Гродно,CH003,Корона,CUST_CH003,SKU_004,Сосиски,64,859.3
S20260108-CH001-01997,2026-01-08,Минск,CH001,Евроопт,CUST_CH001,SKU_011,Полуфабрикаты,30,277.1
S20250331-CH002-01835,2025-03-31,Брест,CH002,Санта,CUST_CH002,SKU_003,Колбасы,48,874.24
S20260220-CH004-02912,2026-02-20,Гомель,CH004,Гиппо,CUST_CH004,SKU_OLD_009,Деликатесы,13,352.16
S20250122-CH002-00437,2025-01-22,Брест,CH002,Санта,CUST_CH002,SKU_OLD_005,Сосиски,35,392.2
S20250305-CH004-01317,2025-03-05,Гомель,CH004,Гиппо,CUST_CH004,SKU_010,Полуфабрикаты,52,420.53
S20250321-CH002-01624,2025-03-21,Брест,CH002,Санта,CUST_CH002,SKU_006,Сосиски,56,763.88
S20250314-CH002-01481,2025-03-14,Брест,CH002,Санта,CUST_CH002,SKU_004,Сосиски,39,496.2
S20250322-CH001-01649,2025-03-22,Минск,CH001,Евроопт,CUST_CH001,SKU_010,Полуфабрикаты,71,549.2
S20250219-CH003-01004,2025-02-19,Гродно,CH003,Корона,CUST_CH003,SKU_003,Колбасы,55,961.69
S20250304-CH002-01279,2025-03-04,Брест,CH002,Санта,CUST_CH002,SKU_007,Деликатесы,4,88.01
S20250330-CH003-01824,2025-03-30,Гродно,CH003,Корона,CUST_CH003,SKU_003,Колбасы,53,961.1
S20260225-CH001-02994,2026-02-25,Минск,CH001,Евроопт,CUST_CH001,SKU_012,Полуфабрикаты,48,360.52
S20260325-CH002-03573,2026-03-25,Брест,CH002,Санта,CUST_CH002,SKU_OLD_012,Полуфабрикаты,66,503.24
S20250331-CH002-01837,2025-03-31,Брест,CH002,Санта,CUST_CH002,SKU_OLD_005,Сосиски,34,402.22
S20260323-CH001-03513,2026-03-23,Минск,CH001,Евроопт,CUST_CH001,SKU_004,Сосиски,78,1028.18
S20260125-CH003-02353,2026-01-25,Гродно,CH003,Корона,CUST_CH003,SKU_OLD_001,Колбасы,70,836.22
S20260121-CH004-02283,2026-01-21,Гомель,CH004,Гиппо,CUST_CH004,SKU_009,Деликатесы,43,1095.67
S20250318-CH001-01547,2025-03-18,Минск,CH001,Евроопт,CUST_CH001,SKU_003,Колбасы,48,876.69
S20250117-CH002-00336,2025-01-17,Брест,CH002,Санта,CUST_CH002,SKU_002,Колбасы,72,1001.63
S20260207-CH003-02618,2026-02-07,Гродно,CH003,Корона,CUST_CH003,SKU_010,Полуфабрикаты,66,566.22
S20250105-CH002-00089,2025-01-05,Брест,CH002,Санта,CUST_CH002,SKU_OLD_001,Колбасы,55,693.58
S20250213-CH001-00875,2025-02-13,Минск,CH001,Евроопт,CUST_CH001,SKU_011,Полуфабрикаты,57,530.97
S20260310-CH002-03246,2026-03-10,Брест,CH002,Санта,CUST_CH002,SKU_OLD_012,Полуфабрикаты,62,450.24
S20250127-CH003-00544,2025-01-27,Гродно,CH003,Корона,CUST_CH003,SKU_010,Полуфабрикаты,69,556.61
S20250302-CH004-01242,2025-03-02,Гомель,CH004,Гиппо,CUST_CH004,SKU_006,Сосиски,75,1021.83
S20260102-CH002-01881,2026-01-02,Брест,CH002,Санта,CUST_CH002,SKU_004,Сосиски,66,857.67
S20260325-CH002-03570,2026-03-25,Брест,CH002,Санта,CUST_CH002,SKU_005,Сосиски,52,626.32
S20260301-CH003-03075,2026-03-01,Гродно,CH003,Корона,CUST_CH003,SKU_011,Полуфабрикаты,38,345.08
S20260121-CH002-02270,2026-01-21,Брест,CH002,Санта,CUST_CH002,SKU_010,Полуфабрикаты,57,468.23
S20250116-CH003-00320,2025-01-16,Гродно,CH003,Корона,CUST_CH003,SKU_007,Деликатесы,9,189.03
S20250126-CH003-00520,2025-01-26,Гродно,CH003,Корона,CUST_CH003,SKU_002,Колбасы,58,901.88
S20260219-CH001-02869,2026-02-19,Минск,CH001,Евроопт,CUST_CH001,SKU_004,Сосиски,70,954.97
S20250213-CH002-00879,2025-02-13,Брест,CH002,Санта,CUST_CH002,SKU_006,Сосиски,53,766.75
S20260323-CH002-03520,2026-03-23,Брест,CH002,Санта,CUST_CH002,SKU_006,Сосиски,24,326.8
S20250210-CH004-00826,2025-02-10,Гомель,CH004,Гиппо,CUST_CH004,SKU_010,Полуфабрикаты,63,509.75
S20250304-CH004-01291,2025-03-04,Гомель,CH004,Гиппо,CUST_CH004,SKU_001,Колбасы,55,668.99
S20260306-CH003-03173,2026-03-06,Гродно,CH003,Корона,CUST_CH003,SKU_011,Полуфабрикаты,61,550.45
S20260305-CH001-03146,2026-03-05,Минск,CH001,Евроопт,CUST_CH001,SKU_009,Деликатесы,26,710.7
S20250107-CH003-00139,2025-01-07,Гродно,CH003,Корона,CUST_CH003,SKU_006,Сосиски,57,781.24
S20250108-CH003-00164,2025-01-08,Гродно,CH003,Корона,CUST_CH003,SKU_005,Сосиски,71,839.12
S20250321-CH001-01619,2025-03-21,Минск,CH001,Евроопт,CUST_CH001,SKU_003,Колбасы,63,1084.19
S20260322-CH002-03498,2026-03-22,Брест,CH002,Санта,CUST_CH002,SKU_001,Колбасы,51,605.62
S20250328-CH002-01792,2025-03-28,Брест,CH002,Санта,CUST_CH002,SKU_012,Полуфабрикаты,74,531.25
S20250221-CH002-01046,2025-02-21,Брест,CH002,Санта,CUST_CH002,SKU_001,Колбасы,59,715.45
S20250217-CH002-00961,2025-02-17,Брест,CH002,Санта,CUST_CH002,SKU_012,Полуфабрикаты,27,207.8
S20250326-CH004-01751,2025-03-26,Гомель,CH004,Гиппо,CUST_CH004,SKU_012,Полуфабрикаты,65,476.8
S20260306-CH004-03175,2026-03-06,Гомель,CH004,Гиппо,CUST_CH004,SKU_004,Сосиски,42,532.22
S20260319-CH001-03433,2026-03-19,Минск,CH001,Евроопт,CUST_CH001,SKU_003,Колбасы,60,1118.96
S20250315-CH002-01505,2025-03-15,Брест,CH002,Санта,CUST_CH002,SKU_012,Полуфабрикаты,64,472.09
S20260218-CH002-02851,2026-02-18,Брест,CH002,Санта,CUST_CH002,SKU_004,Сосиски,60,774.07
S20260329-CH001-03648,2026-03-29,Минск,CH001,Евроопт,CUST_CH001,SKU_004,Сосиски,62,794.18
S20250221-CH004-01060,2025-02-21,Гомель,CH004,Гиппо,CUST_CH004,SKU_OLD_001,Колбасы,19,226.48
S20260210-CH004-02682,2026-02-10,Гомель,CH004,Гиппо,CUST_CH004,SKU_008,Деликатесы,31,719.85
S20260316-CH003-03369,2026-03-16,Гродно,CH003,Корона,CUST_CH003,SKU_002,Колбасы,73,1107.72
S20250202-CH004-00656,2025-02-02,Гомель,CH004,Гиппо,CUST_CH004,SKU_001,Колбасы,54,666.55
S20260111-CH004-02065,2026-01-11,Гомель,CH004,Гиппо,CUST_CH004,SKU_004,Сосиски,49,673.93
S20260227-CH001-03042,2026-02-27,Минск,CH001,Евроопт,CUST_CH001,SKU_012,Полуфабрикаты,80,602.81
S20250107-CH003-00138,2025-01-07,Гродно,CH003,Корона,CUST_CH003,SKU_004,Сосиски,41,541.62
S20260220-CH004-02911,2026-02-20,Гомель,CH004,Гиппо,CUST_CH004,SKU_008,Деликатесы,31,750.99
S20260107-CH002-01977,2026-01-07,Брест,CH002,Санта,CUST_CH002,SKU_004,Сосиски,95,1259.66
S20250319-CH003-01582,2025-03-19,Гродно,CH003,Корона,CUST_CH003,SKU_010,Полуфабрикаты,44,343.44
S20250204-CH003-00698,2025-02-04,Гродно,CH003,Корона,CUST_CH003,SKU_009,Деликатесы,22,575.7
S20250223-CH004-01098,2025-02-23,Гомель,CH004,Гиппо,CUST_CH004,SKU_009,Деликатесы,30,761.93
S20260216-CH002-02804,2026-02-16,Брест,CH002,Санта,CUST_CH002,SKU_010,Полуфабрикаты,41,323.65
S20260317-CH001-03386,2026-03-17,Минск,CH001,Евроопт,CUST_CH001,SKU_011,Полуфабрикаты,60,540.63
S20260130-CH002-02454,2026-01-30,Брест,CH002,Санта,CUST_CH002,SKU_003,Колбасы,53,915.48
S20260202-CH001-02497,2026-02-02,Минск,CH001,Евроопт,CUST_CH001,SKU_008,Деликатесы,29,709.81
S20250310-CH002-01393,2025-03-10,Брест,CH002,Санта,CUST_CH002,SKU_003,Колбасы,44,782.24
S20260327-CH001-03612,2026-03-27,Минск,CH001,Евроопт,CUST_CH001,SKU_002,Колбасы,58,964.93
S20250303-CH004-01267,2025-03-03,Гомель,CH004,Гиппо,CUST_CH004,SKU_009,Деликатесы,32,805.25
S20260126-CH003-02376,2026-01-26,Гродно,CH003,Корона,CUST_CH003,SKU_OLD_005,Сосиски,78,888.95
S20260126-CH002-02366,2026-01-26,Брест,CH002,Санта,CUST_CH002,SKU_004,Сосиски,42,545.05
S20250107-CH003-00136,2025-01-07,Гродно,CH003,Корона,CUST_CH003,SKU_002,Колбасы,75,1068.46
S20250227-CH001-01170,2025-02-27,Минск,CH001,Евроопт,CUST_CH001,SKU_004,Сосиски,55,698.48
S20260205-CH003-02575,2026-02-05,Гродно,CH003,Корона,CUST_CH003,SKU_003,Колбасы,72,1310.77
S20260114-CH004-02136,2026-01-14,Гомель,CH004,Гиппо,CUST_CH004,SKU_012,Полуфабрикаты,59,434.39
S20250315-CH002-01504,2025-03-15,Брест,CH002,Санта,CUST_CH002,SKU_010,Полуфабрикаты,56,423.74
S20250308-CH001-01363,2025-03-08,Минск,CH001,Евроопт,CUST_CH001,SKU_011,Полуфабрикаты,75,675.09
S20260223-CH003-02963,2026-02-23,Гродно,CH003,Корона,CUST_CH003,SKU_009,Деликатесы,5,126.08
S20250108-CH001-00149,2025-01-08,Минск,CH001,Евроопт,CUST_CH001,SKU_002,Колбасы,67,1015.81
S20250115-CH004-00304,2025-01-15,Гомель,CH004,Гиппо,CUST_CH004,SKU_001,Колбасы,44,505.0
S20250220-CH001-01018,2025-02-20,Минск,CH001,Евроопт,CUST_CH001,SKU_005,Сосиски,69,870.14
S20260105-CH001-01925,2026-01-05,Минск,CH001,Евроопт,CUST_CH001,SKU_008,Деликатесы,28,638.29
S20250221-CH002-01053,2025-02-21,Брест,CH002,Санта,CUST_CH002,SKU_010,Полуфабрикаты,38,321.48
S20260317-CH001-03383,2026-03-17,Минск,CH001,Евроопт,CUST_CH001,SKU_004,Сосиски,28,369.27
S20260128-CH002-02414,2026-01-28,Брест,CH002,Санта,CUST_CH002,SKU_008,Деликатесы,32,789.45
S20260209-CH001-02638,2026-02-09,Минск,CH001,Евроопт,CUST_CH001,SKU_011,Полуфабрикаты,54,499.32
S20260303-CH004-03114,2026-03-03,Гомель,CH004,Гиппо,CUST_CH004,SKU_007,Деликатесы,8,178.43
S20260103-CH004-01905,2026-01-03,Гомель,CH004,Гиппо,CUST_CH004,SKU_007,Деликатесы,41,927.6
S20260309-CH001-03217,2026-03-09,Минск,CH001,Евроопт,CUST_CH001,SKU_001,Колбасы,38,434.62
S20250110-CH001-00199,2025-01-10,Минск,CH001,Евроопт,CUST_CH001,SKU_010,Полуфабрикаты,31,259.75
S20250327-CH003-01769,2025-03-27,Гродно,CH003,Корона,CUST_CH003,SKU_005,Сосиски,58,648.03
S20260120-CH001-02241,2026-01-20,Минск,CH001,Евроопт,CUST_CH001,SKU_OLD_009,Деликатесы,12,315.12
S20250121-CH001-00405,2025-01-21,Минск,CH001,Евроопт,CUST_CH001,SKU_005,Сосиски,72,802.07
S20260312-CH002-03289,2026-03-12,Брест,CH002,Санта,CUST_CH002,SKU_004,Сосиски,51,639.61
S20260331-CH003-03699,2026-03-31,Гродно,CH003,Корона,CUST_CH003,SKU_006,Сосиски,82,1153.72
S20250124-CH002-00484,2025-01-24,Брест,CH002,Санта,CUST_CH002,SKU_010,Полуфабрикаты,45,382.69
S20250227-CH003-01183,2025-02-27,Гродно,CH003,Корона,CUST_CH003,SKU_003,Колбасы,46,872.45
S20250306-CH004-01340,2025-03-06,Гомель,CH004,Гиппо,CUST_CH004,SKU_011,Полуфабрикаты,51,454.77
S20250304-CH002-01281,2025-03-04,Брест,CH002,Санта,CUST_CH002,SKU_009,Деликатесы,11,286.86
S20250220-CH004-01032,2025-02-20,Гомель,CH004,Гиппо,CUST_CH004,SKU_001,Колбасы,60,717.4
S20250209-CH002-00792,2025-02-09,Брест,CH002,Санта,CUST_CH002,SKU_011,Полуфабрикаты,40,360.78
S20250210-CH001-00800,2025-02-10,Минск,CH001,Евроопт,CUST_CH001,SKU_001,Колбасы,55,643.18
S20260129-CH003-02433,2026-01-29,Гродно,CH003,Корона,CUST_CH003,SKU_001,Колбасы,59,666.25
S20260216-CH001-02799,2026-02-16,Минск,CH001,Евроопт,CUST_CH001,SKU_011,Полуфабрикаты,67,597.16
S20250228-CH003-01202,2025-02-28,Гродно,CH003,Корона,CUST_CH003,SKU_004,Сосиски,47,605.19
S20250121-CH004-00423,2025-01-21,Гомель,CH004,Гиппо,CUST_CH004,SKU_005,Сосиски,57,666.8
S20260126-CH001-02363,2026-01-26,Минск,CH001,Евроопт,CUST_CH001,SKU_007,Деликатесы,29,567.2
S20260330-CH002-03672,2026-03-30,Брест,CH002,Санта,CUST_CH002,SKU_011,Полуфабрикаты,73,636.08
S20260102-CH002-01884,2026-01-02,Брест,CH002,Санта,CUST_CH002,SKU_010,Полуфабрикаты,45,376.42
S20260328-CH004-03640,2026-03-28,Гомель,CH004,Гиппо,CUST_CH004,SKU_002,Колбасы,59,908.85
S20250314-CH002-01480,2025-03-14,Брест,CH002,Санта,CUST_CH002,SKU_002,Колбасы,64,922.83
S20260206-CH001-02592,2026-02-06,Минск,CH001,Евроопт,CUST_CH001,SKU_OLD_005,Сосиски,58,675.58
S20260105-CH002-01929,2026-01-05,Брест,CH002,Санта,CUST_CH002,SKU_003,Колбасы,39,716.53
S20260212-CH001-02711,2026-02-12,Минск,CH001,Евроопт,CUST_CH001,SKU_007,Деликатесы,31,653.58
S20260303-CH004-03111,2026-03-03,Гомель,CH004,Гиппо,CUST_CH004,SKU_OLD_001,Колбасы,79,946.93
S20250317-CH001-01530,2025-03-17,Минск,CH001,Евроопт,CUST_CH001,SKU_010,Полуфабрикаты,34,268.23
S20250214-CH002-00903,2025-02-14,Брест,CH002,Санта,CUST_CH002,SKU_003,Колбасы,29,493.06
S20260216-CH003-02810,2026-02-16,Гродно,CH003,Корона,CUST_CH003,SKU_008,Деликатесы,36,859.35
S20250204-CH002-00686,2025-02-04,Брест,CH002,Санта,CUST_CH002,SKU_001,Колбасы,52,661.38
S20250318-CH002-01552,2025-03-18,Брест,CH002,Санта,CUST_CH002,SKU_003,Колбасы,71,1325.89
S20260317-CH003-03398,2026-03-17,Гродно,CH003,Корона,CUST_CH003,SKU_OLD_009,Деликатесы,28,763.65
S20250108-CH002-00160,2025-01-08,Брест,CH002,Санта,CUST_CH002,SKU_008,Деликатесы,32,764.5
S20250219-CH002-01000,2025-02-19,Брест,CH002,Санта,CUST_CH002,SKU_009,Деликатесы,25,633.05
S20260226-CH002-03020,2026-02-26,Брест,CH002,Санта,CUST_CH002,SKU_001,Колбасы,73,901.06
S20260322-CH001-03494,2026-03-22,Минск,CH001,Евроопт,CUST_CH001,SKU_002,Колбасы,39,627.82
S20260120-CH003-02251,2026-01-20,Гродно,CH003,Корона,CUST_CH003,SKU_003,Колбасы,45,771.66
S20260211-CH002-02690,2026-02-11,Брест,CH002,Санта,CUST_CH002,SKU_001,Колбасы,70,823.62
S20250106-CH002-00113,2025-01-06,Брест,CH002,Санта,CUST_CH002,SKU_010,Полуфабрикаты,48,398.64
S20260323-CH003-03526,2026-03-23,Гродно,CH003,Корона,CUST_CH003,SKU_006,Сосиски,76,1078.86
S20250312-CH004-01447,2025-03-12,Гомель,CH004,Гиппо,CUST_CH004,SKU_004,Сосиски,59,772.78
S20260106-CH003-01953,2026-01-06,Гродно,CH003,Корона,CUST_CH003,SKU_001,Колбасы,86,1020.37
S20250215-CH002-00923,2025-02-15,Брест,CH002,Санта,CUST_CH002,SKU_010,Полуфабрикаты,57,439.6
S20250321-CH002-01625,2025-03-21,Брест,CH002,Санта,CUST_CH002,SKU_007,Деликатесы,28,575.94
S20260307-CH002-03191,2026-03-07,Брест,CH002,Санта,CUST_CH002,SKU_OLD_009,Деликатесы,62,1530.84
S20250306-CH001-01320,2025-03-06,Минск,CH001,Евроопт,CUST_CH001,SKU_003,Колбасы,36,657.02
S20250323-CH001-01664,2025-03-23,Минск,CH001,Евроопт,CUST_CH001,SKU_007,Деликатесы,24,517.11
S20250210-CH003-00816,2025-02-10,Гродно,CH003,Корона,CUST_CH003,SKU_010,Полуфабрикаты,61,473.54
S20260228-CH001-03059,2026-02-28,Минск,CH001,Евроопт,CUST_CH001,SKU_008,Деликатесы,43,1001.77
S20260121-CH002-02267,2026-01-21,Брест,CH002,Санта,CUST_CH002,SKU_004,Сосиски,69,869.42
S20250314-CH001-01474,2025-03-14,Минск,CH001,Евроопт,CUST_CH001,SKU_007,Деликатесы,26,512.12
S20250327-CH004-01774,2025-03-27,Гомель,CH004,Гиппо,CUST_CH004,SKU_004,Сосиски,58,792.7
S20250204-CH001-00680,2025-02-04,Минск,CH001,Евроопт,CUST_CH001,SKU_005,Сосиски,34,393.51
S20260306-CH001-03162,2026-03-06,Минск,CH001,Евроопт,CUST_CH001,SKU_006,Сосиски,54,790.56
S20250223-CH003-01094,2025-02-23,Гродно,CH003,Корона,CUST_CH003,SKU_009,Деликатесы,8,206.06
S20250104-CH004-00081,2025-01-04,Гомель,CH004,Гиппо,CUST_CH004,SKU_002,Колбасы,41,631.94
S20260106-CH002-01951,2026-01-06,Брест,CH002,Санта,CUST_CH002,SKU_007,Деликатесы,22,481.8
S20260321-CH001-03478,2026-03-21,Минск,CH001,Евроопт,CUST_CH001,SKU_002,Колбасы,45,633.56
S20260227-CH001-03039,2026-02-27,Минск,CH001,Евроопт,CUST_CH001,SKU_003,Колбасы,41,714.87
S20260216-CH002-02801,2026-02-16,Брест,CH002,Санта,CUST_CH002,SKU_001,Колбасы,58,693.48
S20250302-CH004-01240,2025-03-02,Гомель,CH004,Гиппо,CUST_CH004,SKU_001,Колбасы,33,405.6
S20250117-CH001-00330,2025-01-17,Минск,CH001,Евроопт,CUST_CH001,SKU_002,Колбасы,57,850.68
S20250112-CH003-00243,2025-01-12,Гродно,CH003,Корона,CUST_CH003,SKU_003,Колбасы,44,752.58
S20260227-CH001-03037,2026-02-27,Минск,CH001,Евроопт,CUST_CH001,SKU_001,Колбасы,63,767.98
S20250201-CH004-00642,2025-02-01,Гомель,CH004,Гиппо,CUST_CH004,SKU_002,Колбасы,64,992.15
S20250204-CH003-00697,2025-02-04,Гродно,CH003,Корона,CUST_CH003,SKU_007,Деликатесы,56,1237.89
S20260120-CH004-02258,2026-01-20,Гомель,CH004,Гиппо,CUST_CH004,SKU_012,Полуфабрикаты,58,421.1
S20250120-CH004-00401,2025-01-20,Гомель,CH004,Гиппо,CUST_CH004,SKU_007,Деликатесы,41,885.71
S20260217-CH001-02819,2026-02-17,Минск,CH001,Евроопт,CUST_CH001,SKU_002,Колбасы,94,1360.26
S20250207-CH001-00754,2025-02-07,Минск,CH001,Евроопт,CUST_CH001,SKU_010,Полуфабрикаты,64,529.12
S20250122-CH002-00436,2025-01-22,Брест,CH002,Санта,CUST_CH002,SKU_004,Сосиски,52,657.11
S20250319-CH001-01564,2025-03-19,Минск,CH001,Евроопт,CUST_CH001,SKU_002,Колбасы,25,392.3
S20260105-CH003-01935,2026-01-05,Гродно,CH003,Корона,CUST_CH003,SKU_004,Сосиски,62,834.1
S20260318-CH002-03417,2026-03-18,Брест,CH002,Санта,CUST_CH002,SKU_012,Полуфабрикаты,42,316.2
S20250325-CH002-01713,2025-03-25,Брест,CH002,Санта,CUST_CH002,SKU_008,Деликатесы,4,99.57
S20250128-CH001-00552,2025-01-28,Минск,CH001,Евроопт,CUST_CH001,SKU_008,Деликатесы,57,1361.32
S20260302-CH003-03091,2026-03-02,Гродно,CH003,Корона,CUST_CH003,SKU_010,Полуфабрикаты,76,601.5
S20260309-CH001-03218,2026-03-09,Минск,CH001,Евроопт,CUST_CH001,SKU_002,Колбасы,62,919.38
S20250130-CH003-00602,2025-01-30,Гродно,CH003,Корона,CUST_CH003,SKU_004,Сосиски,56,741.84
S20260106-CH004-01965,2026-01-06,Гомель,CH004,Гиппо,CUST_CH004,SKU_006,Сосиски,42,591.54
S20250219-CH004-01014,2025-02-19,Гомель,CH004,Гиппо,CUST_CH004,SKU_009,Деликатесы,53,1437.75
S20260227-CH002-03043,2026-02-27,Брест,CH002,Санта,CUST_CH002,SKU_004,Сосиски,59,758.06
S20250312-CH001-01428,2025-03-12,Минск,CH001,Евроопт,CUST_CH001,SKU_005,Сосиски,66,745.37
S20260108-CH004-02013,2026-01-08,Гомель,CH004,Гиппо,CUST_CH004,SKU_004,Сосиски,50,642.76
S20250310-CH001-01387,2025-03-10,Минск,CH001,Евроопт,CUST_CH001,SKU_005,Сосиски,47,511.2
S20250305-CH001-01296,2025-03-05,Минск,CH001,Евроопт,CUST_CH001,SKU_003,Колбасы,66,1168.99
S20250123-CH004-00467,2025-01-23,Гомель,CH004,Гиппо,CUST_CH004,SKU_003,Колбасы,34,564.9
S20250315-CH001-01500,2025-03-15,Минск,CH001,Евроопт,CUST_CH001,SKU_012,Полуфабрикаты,54,402.8
S20260307-CH001-03181,2026-03-07,Минск,CH001,Евроопт,CUST_CH001,SKU_002,Колбасы,75,1169.29
S20260327-CH003-03627,2026-03-27,Гродно,CH003,Корона,CUST_CH003,SKU_007,Деликатесы,47,1068.99
S20250114-CH002-00278,2025-01-14,Брест,CH002,Санта,CUST_CH002,SKU_007,Деликатесы,32,693.85
S20250222-CH001-01070,2025-02-22,Минск,CH001,Евроопт,CUST_CH001,SKU_005,Сосиски,37,403.64
S20250318-CH001-01549,2025-03-18,Минск,CH001,Евроопт,CUST_CH001,SKU_011,Полуфабрикаты,63,578.58
S20250220-CH002-01025,2025-02-20,Брест,CH002,Санта,CUST_CH002,SKU_010,Полуфабрикаты,50,402.17
S20250313-CH003-01466,2025-03-13,Гродно,CH003,Корона,CUST_CH003,SKU_012,Полуфабрикаты,61,450.21
S20260214-CH003-02771,2026-02-14,Гродно,CH003,Корона,CUST_CH003,SKU_011,Полуфабрикаты,87,828.76
S20250216-CH003-00941,2025-02-16,Гродно,CH003,Корона,CUST_CH003,SKU_010,Полуфабрикаты,68,574.76
S20260217-CH003-02835,2026-02-17,Гродно,CH003,Корона,CUST_CH003,SKU_003,Колбасы,33,621.73
RET20260118-009,2026-01-18,Гродно,CH003,Корона,CUST_CH003,SKU_004,Сосиски,-12,-160.78
S20250313-CH004-01467,2025-03-13,Гомель,CH004,Гиппо,CUST_CH004,SKU_002,Колбасы,38,589.06
S20250306-CH002-01324,2025-03-06,Брест,CH002,Санта,CUST_CH002,SKU_OLD_001,Колбасы,45,513.43
S20260210-CH003-02676,2026-02-10,Гродно,CH003,Корона,CUST_CH003,SKU_010,Полуфабрикаты,70,567.36
S20250310-CH003-01400,2025-03-10,Гродно,CH003,Корона,CUST_CH003,SKU_011,Полуфабрикаты,45,409.27
S20260228-CH003-03063,2026-02-28,Гродно,CH003,Корона,CUST_CH003,SKU_003,Колбасы,85,1488.33
S20250312-CH004-01450,2025-03-12,Гомель,CH004,Гиппо,CUST_CH004,SKU_008,Деликатесы,21,509.07
S20250214-CH003-00907,2025-02-14,Гродно,CH003,Корона,CUST_CH003,SKU_003,Колбасы,77,1429.51
S20260313-CH002-03313,2026-03-13,Брест,CH002,Санта,CUST_CH002,SKU_002,Колбасы,50,696.2
S20260207-CH001-02612,2026-02-07,Минск,CH001,Евроопт,CUST_CH001,SKU_007,Деликатесы,26,553.41
S20260103-CH001-01896,2026-01-03,Минск,CH001,Евроопт,CUST_CH001,SKU_009,Деликатесы,40,1024.99
S20250120-CH002-00389,2025-01-20,Брест,CH002,Санта,CUST_CH002,SKU_007,Деликатесы,17,370.76
S20260112-CH001-02071,2026-01-12,Минск,CH001,Евроопт,CUST_CH001,SKU_007,Деликатесы,40,930.46
S20260220-CH004-02909,2026-02-20,Гомель,CH004,Гиппо,CUST_CH004,SKU_003,Колбасы,48,869.33
S20260116-CH003-02173,2026-01-16,Гродно,CH003,Корона,CUST_CH003,SKU_010,Полуфабрикаты,50,400.38
S20260217-CH001-02822,2026-02-17,Минск,CH001,Евроопт,CUST_CH001,SKU_006,Сосиски,16,234.66
S20250213-CH002-00881,2025-02-13,Брест,CH002,Санта,CUST_CH002,SKU_009,Деликатесы,50,1333.77
S20260317-CH001-03385,2026-03-17,Минск,CH001,Евроопт,CUST_CH001,SKU_008,Деликатесы,57,1337.87
S20250103-CH002-00051,2025-01-03,Брест,CH002,Санта,CUST_CH002,SKU_005,Сосиски,35,396.57
S20260102-CH003-01888,2026-01-02,Гродно,CH003,Корона,CUST_CH003,SKU_007,Деликатесы,5,111.82
S20250325-CH001-01703,2025-03-25,Минск,CH001,Евроопт,CUST_CH001,SKU_001,Колбасы,56,612.44
S20260313-CH002-03319,2026-03-13,Брест,CH002,Санта,CUST_CH002,SKU_010,Полуфабрикаты,67,511.38
S20250107-CH002-00134,2025-01-07,Брест,CH002,Санта,CUST_CH002,SKU_012,Полуфабрикаты,77,548.59
S20250224-CH002-01106,2025-02-24,Брест,CH002,Санта,CUST_CH002,SKU_004,Сосиски,37,491.18
S20250204-CH004-00704,2025-02-04,Гомель,CH004,Гиппо,CUST_CH004,SKU_006,Сосиски,35,515.75
S20250124-CH002-00483,2025-01-24,Брест,CH002,Санта,CUST_CH002,SKU_008,Деликатесы,26,655.45
S20250225-CH004-01146,2025-02-25,Гомель,CH004,Гиппо,CUST_CH004,SKU_004,Сосиски,79,1062.19
S20260109-CH004-02039,2026-01-09,Гомель,CH004,Гиппо,CUST_CH004,SKU_011,Полуфабрикаты,54,451.85
S20260327-CH004-03630,2026-03-27,Гомель,CH004,Гиппо,CUST_CH004,SKU_006,Сосиски,51,775.28
S20250103-CH004-00067,2025-01-03,Гомель,CH004,Гиппо,CUST_CH004,SKU_008,Деликатесы,13,317.17
S20260319-CH001-03438,2026-03-19,Минск,CH001,Евроопт,CUST_CH001,SKU_012,Полуфабрикаты,40,290.56
S20260215-CH002-02782,2026-02-15,Брест,CH002,Санта,CUST_CH002,SKU_011,Полуфабрикаты,51,471.0
S20260122-CH004-02314,2026-01-22,Гомель,CH004,Гиппо,CUST_CH004,SKU_008,Деликатесы,20,467.69
S20260218-CH002-02850,2026-02-18,Брест,CH002,Санта,CUST_CH002,SKU_002,Колбасы,59,903.98
S20260311-CH001-03259,2026-03-11,Минск,CH001,Евроопт,CUST_CH001,SKU_005,Сосиски,87,1005.55
S20250214-CH003-00908,2025-02-14,Гродно,CH003,Корона,CUST_CH003,SKU_004,Сосиски,51,642.32
S20250102-CH002-00032,2025-01-02,Брест,CH002,Санта,CUST_CH002,SKU_011,Полуфабрикаты,39,336.3
S20260130-CH004-02466,2026-01-30,Гомель,CH004,Гиппо,CUST_CH004,SKU_008,Деликатесы,48,1063.65
S20260221-CH004-02930,2026-02-21,Гомель,CH004,Гиппо,CUST_CH004,SKU_007,Деликатесы,25,537.84
S20260210-CH004-02681,2026-02-10,Гомель,CH004,Гиппо,CUST_CH004,SKU_007,Деликатесы,30,662.64
S20260322-CH004-03510,2026-03-22,Гомель,CH004,Гиппо,CUST_CH004,SKU_003,Колбасы,81,1460.82
S20250101-CH002-00011,2025-01-01,Брест,CH002,Санта,CUST_CH002,SKU_011,Полуфабрикаты,75,669.67
S20250103-CH004-00065,2025-01-03,Гомель,CH004,Гиппо,CUST_CH004,SKU_005,Сосиски,56,632.65
S20250208-CH002-00777,2025-02-08,Брест,CH002,Санта,CUST_CH002,SKU_005,Сосиски,42,469.02
S20250104-CH003-00078,2025-01-04,Гродно,CH003,Корона,CUST_CH003,SKU_002,Колбасы,59,862.87
S20250124-CH004-00492,2025-01-24,Гомель,CH004,Гиппо,CUST_CH004,SKU_008,Деликатесы,14,335.44
S20260321-CH002-03484,2026-03-21,Брест,CH002,Санта,CUST_CH002,SKU_008,Деликатесы,21,502.63
S20260309-CH004-03235,2026-03-09,Гомель,CH004,Гиппо,CUST_CH004,SKU_007,Деликатесы,39,838.08
S20260205-CH003-02581,2026-02-05,Гродно,CH003,Корона,CUST_CH003,SKU_012,Полуфабрикаты,64,445.15
S20260114-CH001-02114,2026-01-14,Минск,CH001,Евроопт,CUST_CH001,SKU_OLD_005,Сосиски,90,1050.2
S20260318-CH002-03413,2026-03-18,Брест,CH002,Санта,CUST_CH002,SKU_002,Колбасы,72,1057.42
S20260124-CH003-02345,2026-01-24,Гродно,CH003,Корона,CUST_CH003,SKU_009,Деликатесы,7,178.92
S20250129-CH004-00592,2025-01-29,Гомель,CH004,Гиппо,CUST_CH004,SKU_011,Полуфабрикаты,67,569.85
S20260216-CH004-02816,2026-02-16,Гомель,CH004,Гиппо,CUST_CH004,SKU_007,Деликатесы,19,430.65
S20250304-CH003-01286,2025-03-04,Гродно,CH003,Корона,CUST_CH003,SKU_005,Сосиски,50,545.85
S20260323-CH002-03522,2026-03-23,Брест,CH002,Санта,CUST_CH002,SKU_OLD_009,Деликатесы,38,935.36
S20250205-CH004-00725,2025-02-05,Гомель,CH004,Гиппо,CUST_CH004,SKU_011,Полуфабрикаты,72,648.48
S20260210-CH003-02675,2026-02-10,Гродно,CH003,Корона,CUST_CH003,SKU_009,Деликатесы,5,130.15
S20260318-CH004-03427,2026-03-18,Гомель,CH004,Гиппо,CUST_CH004,SKU_007,Деликатесы,31,640.81
S20260330-CH001-03664,2026-03-30,Минск,CH001,Евроопт,CUST_CH001,SKU_OLD_009,Деликатесы,49,1292.2
S20250228-CH004-01213,2025-02-28,Гомель,CH004,Гиппо,CUST_CH004,SKU_012,Полуфабрикаты,33,251.95
S20260326-CH003-03602,2026-03-26,Гродно,CH003,Корона,CUST_CH003,SKU_007,Деликатесы,43,918.06
S20260122-CH002-02300,2026-01-22,Брест,CH002,Санта,CUST_CH002,SKU_012,Полуфабрикаты,67,525.54
S20260307-CH001-03186,2026-03-07,Минск,CH001,Евроопт,CUST_CH001,SKU_010,Полуфабрикаты,57,453.0
S20250321-CH004-01638,2025-03-21,Гомель,CH004,Гиппо,CUST_CH004,SKU_001,Колбасы,38,477.63
S20260324-CH001-03540,2026-03-24,Минск,CH001,Евроопт,CUST_CH001,SKU_009,Деликатесы,39,1008.45
S20260323-CH004-03533,2026-03-23,Гомель,CH004,Гиппо,CUST_CH004,SKU_008,Деликатесы,34,789.18
S20260327-CH002-03622,2026-03-27,Брест,CH002,Санта,CUST_CH002,SKU_011,Полуфабрикаты,48,422.28
S20250218-CH004-00983,2025-02-18,Гомель,CH004,Гиппо,CUST_CH004,SKU_003,Колбасы,62,1119.5
S20250205-CH001-00707,2025-02-05,Минск,CH001,Евроопт,CUST_CH001,SKU_OLD_001,Колбасы,61,787.47
S20260203-CH003-02536,2026-02-03,Гродно,CH003,Корона,CUST_CH003,SKU_010,Полуфабрикаты,42,333.42
S20250324-CH002-01688,2025-03-24,Брест,CH002,Санта,CUST_CH002,SKU_004,Сосиски,28,350.95
S20260309-CH004-03232,2026-03-09,Гомель,CH004,Гиппо,CUST_CH004,SKU_001,Колбасы,58,710.59
S20250114-CH001-00274,2025-01-14,Минск,CH001,Евроопт,CUST_CH001,SKU_007,Деликатесы,36,786.37
S20250325-CH002-01710,2025-03-25,Брест,CH002,Санта,CUST_CH002,SKU_003,Колбасы,33,582.94
S20260314-CH004-03340,2026-03-14,Гомель,CH004,Гиппо,CUST_CH004,SKU_012,Полуфабрикаты,50,367.78
S20260317-CH002-03389,2026-03-17,Брест,CH002,Санта,CUST_CH002,SKU_005,Сосиски,75,872.28
S20250217-CH003-00964,2025-02-17,Гродно,CH003,Корона,CUST_CH003,SKU_006,Сосиски,19,263.34
S20260221-CH003-02926,2026-02-21,Гродно,CH003,Корона,CUST_CH003,SKU_007,Деликатесы,34,735.69
S20260303-CH002-03100,2026-03-03,Брест,CH002,Санта,CUST_CH002,SKU_OLD_001,Колбасы,56,663.57
S20260323-CH004-03532,2026-03-23,Гомель,CH004,Гиппо,CUST_CH004,SKU_004,Сосиски,50,652.66
S20260330-CH001-03662,2026-03-30,Минск,CH001,Евроопт,CUST_CH001,SKU_006,Сосиски,53,748.36
S20260130-CH003-02460,2026-01-30,Гродно,CH003,Корона,CUST_CH003,SKU_006,Сосиски,81,1185.31
S20260326-CH003-03604,2026-03-26,Гродно,CH003,Корона,CUST_CH003,SKU_011,Полуфабрикаты,64,606.03
S20260305-CH003-03155,2026-03-05,Гродно,CH003,Корона,CUST_CH003,SKU_008,Деликатесы,30,720.73
S20250313-CH001-01453,2025-03-13,Минск,CH001,Евроопт,CUST_CH001,SKU_006,Сосиски,30,431.03
S20260212-CH002-02716,2026-02-12,Брест,CH002,Санта,CUST_CH002,SKU_003,Колбасы,50,880.56
S20250108-CH001-00150,2025-01-08,Минск,CH001,Евроопт,CUST_CH001,SKU_003,Колбасы,66,1214.18
S20260211-CH002-02693,2026-02-11,Брест,CH002,Санта,CUST_CH002,SKU_006,Сосиски,73,1022.83
S20260214-CH003-02768,2026-02-14,Гродно,CH003,Корона,CUST_CH003,SKU_005,Сосиски,58,725.38
S20250327-CH001-01758,2025-03-27,Минск,CH001,Евроопт,CUST_CH001,SKU_012,Полуфабрикаты,56,426.99
S20250111-CH001-00219,2025-01-11,Минск,CH001,Евроопт,CUST_CH001,SKU_001,Колбасы,77,879.37
S20250112-CH002-00240,2025-01-12,Брест,CH002,Санта,CUST_CH002,SKU_009,Деликатесы,71,1918.34
S20250225-CH002-01132,2025-02-25,Брест,CH002,Санта,CUST_CH002,SKU_006,Сосиски,72,970.21
S20260315-CH002-03350,2026-03-15,Брест,CH002,Санта,CUST_CH002,SKU_012,Полуфабрикаты,43,313.2
S20260217-CH004-02841,2026-02-17,Гомель,CH004,Гиппо,CUST_CH004,SKU_009,Деликатесы,15,385.33
S20260120-CH001-02240,2026-01-20,Минск,CH001,Евроопт,CUST_CH001,SKU_006,Сосиски,39,566.14
S20260126-CH004-02382,2026-01-26,Гомель,CH004,Гиппо,CUST_CH004,SKU_004,Сосиски,71,935.41
S20250303-CH002-01254,2025-03-03,Брест,CH002,Санта,CUST_CH002,SKU_010,Полуфабрикаты,88,734.67
S20250221-CH002-01054,2025-02-21,Брест,CH002,Санта,CUST_CH002,SKU_012,Полуфабрикаты,42,322.04
S20250323-CH002-01669,2025-03-23,Брест,CH002,Санта,CUST_CH002,SKU_003,Колбасы,32,573.0
S20260317-CH001-03381,2026-03-17,Минск,CH001,Евроопт,CUST_CH001,SKU_001,Колбасы,73,870.01
S20260330-CH002-03668,2026-03-30,Брест,CH002,Санта,CUST_CH002,SKU_004,Сосиски,64,840.78
S20250308-CH001-01358,2025-03-08,Минск,CH001,Евроопт,CUST_CH001,SKU_002,Колбасы,55,764.36
S20250208-CH002-00776,2025-02-08,Брест,CH002,Санта,CUST_CH002,SKU_003,Колбасы,53,947.2
S20260208-CH003-02631,2026-02-08,Гродно,CH003,Корона,CUST_CH003,SKU_010,Полуфабрикаты,80,622.55
S20260217-CH002-02833,2026-02-17,Брест,CH002,Санта,CUST_CH002,SKU_012,Полуфабрикаты,53,377.52
S20260309-CH004-03236,2026-03-09,Гомель,CH004,Гиппо,CUST_CH004,SKU_010,Полуфабрикаты,61,482.63
S20250211-CH002-00840,2025-02-11,Брест,CH002,Санта,CUST_CH002,SKU_009,Деликатесы,41,1049.9
S20250131-CH003-00628,2025-01-31,Гродно,CH003,Корона,CUST_CH003,SKU_011,Полуфабрикаты,72,620.57
S20250116-CH004-00324,2025-01-16,Гомель,CH004,Гиппо,CUST_CH004,SKU_003,Колбасы,17,305.42
S20260316-CH001-03362,2026-03-16,Минск,CH001,Евроопт,CUST_CH001,SKU_006,Сосиски,66,843.38
S20260327-CH004-03631,2026-03-27,Гомель,CH004,Гиппо,CUST_CH004,SKU_010,Полуфабрикаты,91,728.3
S20260101-CH003-01868,2026-01-01,Гродно,CH003,Корона,CUST_CH003,SKU_009,Деликатесы,43,1113.22
S20250226-CH003-01161,2025-02-26,Гродно,CH003,Корона,CUST_CH003,SKU_009,Деликатесы,34,908.1
S20260217-CH001-02827,2026-02-17,Минск,CH001,Евроопт,CUST_CH001,SKU_OLD_012,Полуфабрикаты,59,459.97
S20250222-CH003-01077,2025-02-22,Гродно,CH003,Корона,CUST_CH003,SKU_002,Колбасы,55,831.66
S20260225-CH001-02988,2026-02-25,Минск,CH001,Евроопт,CUST_CH001,SKU_003,Колбасы,68,1196.64
S20250122-CH002-00438,2025-01-22,Брест,CH002,Санта,CUST_CH002,SKU_007,Деликатесы,27,631.31
S20250106-CH004-00120,2025-01-06,Гомель,CH004,Гиппо,CUST_CH004,SKU_003,Колбасы,45,834.17
S20260312-CH003-03295,2026-03-12,Гродно,CH003,Корона,CUST_CH003,SKU_001,Колбасы,47,569.31
S20260320-CH002-03466,2026-03-20,Брест,CH002,Санта,CUST_CH002,SKU_006,Сосиски,49,706.48
S20260311-CH004-03275,2026-03-11,Гомель,CH004,Гиппо,CUST_CH004,SKU_004,Сосиски,67,888.74
S20250329-CH004-01815,2025-03-29,Гомель,CH004,Гиппо,CUST_CH004,SKU_006,Сосиски,30,410.7
S20250331-CH003-01840,2025-03-31,Гродно,CH003,Корона,CUST_CH003,SKU_002,Колбасы,65,972.14
S20250220-CH003-01027,2025-02-20,Гродно,CH003,Корона,CUST_CH003,SKU_002,Колбасы,45,667.82
S20250104-CH002-00077,2025-01-04,Брест,CH002,Санта,CUST_CH002,SKU_011,Полуфабрикаты,45,408.29
S20250214-CH002-00901,2025-02-14,Брест,CH002,Санта,CUST_CH002,SKU_OLD_001,Колбасы,81,969.94
S20250119-CH004-00372,2025-01-19,Гомель,CH004,Гиппо,CUST_CH004,SKU_001,Колбасы,46,552.5
S20250228-CH003-01205,2025-02-28,Гродно,CH003,Корона,CUST_CH003,SKU_010,Полуфабрикаты,66,506.78
S20260305-CH002-03149,2026-03-05,Брест,CH002,Санта,CUST_CH002,SKU_006,Сосиски,45,604.99
S20260331-CH002-03692,2026-03-31,Брест,CH002,Санта,CUST_CH002,SKU_006,Сосиски,56,762.16
S20250216-CH003-00942,2025-02-16,Гродно,CH003,Корона,CUST_CH003,SKU_012,Полуфабрикаты,37,271.75
S20260208-CH003-02626,2026-02-08,Гродно,CH003,Корона,CUST_CH003,SKU_001,Колбасы,45,529.82
S20260219-CH001-02868,2026-02-19,Минск,CH001,Евроопт,CUST_CH001,SKU_003,Колбасы,51,908.97
S20250128-CH001-00553,2025-01-28,Минск,CH001,Евроопт,CUST_CH001,SKU_010,Полуфабрикаты,70,539.62
S20250121-CH002-00407,2025-01-21,Брест,CH002,Санта,CUST_CH002,SKU_001,Колбасы,75,906.19
S20260114-CH002-02118,2026-01-14,Брест,CH002,Санта,CUST_CH002,SKU_001,Колбасы,36,414.17
S20250320-CH004-01614,2025-03-20,Гомель,CH004,Гиппо,CUST_CH004,SKU_006,Сосиски,39,569.88
S20260222-CH002-02935,2026-02-22,Брест,CH002,Санта,CUST_CH002,SKU_010,Полуфабрикаты,50,394.59
S20250217-CH004-00969,2025-02-17,Гомель,CH004,Гиппо,CUST_CH004,SKU_012,Полуфабрикаты,58,442.12
S20260217-CH003-02834,2026-02-17,Гродно,CH003,Корона,CUST_CH003,SKU_001,Колбасы,71,873.37
S20260310-CH004-03254,2026-03-10,Гомель,CH004,Гиппо,CUST_CH004,SKU_005,Сосиски,80,935.82
S20260313-CH004-03327,2026-03-13,Гомель,CH004,Гиппо,CUST_CH004,SKU_OLD_012,Полуфабрикаты,49,371.84
S20260124-CH004-02350,2026-01-24,Гомель,CH004,Гиппо,CUST_CH004,SKU_010,Полуфабрикаты,62,487.86
S20250326-CH004-01747,2025-03-26,Гомель,CH004,Гиппо,CUST_CH004,SKU_006,Сосиски,56,769.31
S20250204-CH002-00690,2025-02-04,Брест,CH002,Санта,CUST_CH002,SKU_007,Деликатесы,19,444.71
S20260218-CH004-02861,2026-02-18,Гомель,CH004,Гиппо,CUST_CH004,SKU_005,Сосиски,53,646.24
S20250326-CH003-01739,2025-03-26,Гродно,CH003,Корона,CUST_CH003,SKU_005,Сосиски,62,660.45
S20250112-CH002-00237,2025-01-12,Брест,CH002,Санта,CUST_CH002,SKU_004,Сосиски,33,449.52
S20260324-CH003-03551,2026-03-24,Гродно,CH003,Корона,CUST_CH003,SKU_OLD_005,Сосиски,57,652.58
S20260107-CH003-01987,2026-01-07,Гродно,CH003,Корона,CUST_CH003,SKU_012,Полуфабрикаты,66,496.5
S20260107-CH003-01984,2026-01-07,Гродно,CH003,Корона,CUST_CH003,SKU_006,Сосиски,66,862.89
S20260217-CH004-02843,2026-02-17,Гомель,CH004,Гиппо,CUST_CH004,SKU_012,Полуфабрикаты,52,369.61
S20250125-CH002-00500,2025-01-25,Брест,CH002,Санта,CUST_CH002,SKU_005,Сосиски,47,551.33
S20250210-CH004-00823,2025-02-10,Гомель,CH004,Гиппо,CUST_CH004,SKU_007,Деликатесы,13,290.29
S20250209-CH003-00795,2025-02-09,Гродно,CH003,Корона,CUST_CH003,SKU_008,Деликатесы,16,385.16
S20260331-CH004-03709,2026-03-31,Гомель,CH004,Гиппо,CUST_CH004,SKU_011,Полуфабрикаты,72,627.32
S20250219-CH001-00991,2025-02-19,Минск,CH001,Евроопт,CUST_CH001,SKU_006,Сосиски,41,546.28
S20250128-CH004-00568,2025-01-28,Гомель,CH004,Гиппо,CUST_CH004,SKU_007,Деликатесы,24,545.82
S20260224-CH004-02983,2026-02-24,Гомель,CH004,Гиппо,CUST_CH004,SKU_002,Колбасы,82,1235.42
S20260129-CH003-02436,2026-01-29,Гродно,CH003,Корона,CUST_CH003,SKU_005,Сосиски,109,1313.17
S20250120-CH002-00391,2025-01-20,Брест,CH002,Санта,CUST_CH002,SKU_012,Полуфабрикаты,57,407.52
S20250206-CH004-00744,2025-02-06,Гомель,CH004,Гиппо,CUST_CH004,SKU_002,Колбасы,35,492.65
S20260127-CH003-02401,2026-01-27,Гродно,CH003,Корона,CUST_CH003,SKU_009,Деликатесы,39,1011.96
S20250301-CH002-01218,2025-03-01,Брест,CH002,Санта,CUST_CH002,SKU_009,Деликатесы,28,718.58
S20250112-CH002-00236,2025-01-12,Брест,CH002,Санта,CUST_CH002,SKU_003,Колбасы,51,844.04
S20260318-CH004-03426,2026-03-18,Гомель,CH004,Гиппо,CUST_CH004,SKU_002,Колбасы,43,627.96
S20250124-CH002-00481,2025-01-24,Брест,CH002,Санта,CUST_CH002,SKU_OLD_001,Колбасы,63,791.17
S20260110-CH001-02043,2026-01-10,Минск,CH001,Евроопт,CUST_CH001,SKU_006,Сосиски,81,1125.1
S20260207-CH002-02616,2026-02-07,Брест,CH002,Санта,CUST_CH002,SKU_005,Сосиски,89,1041.63
S20250323-CH004-01678,2025-03-23,Гомель,CH004,Гиппо,CUST_CH004,SKU_009,Деликатесы,17,439.44
S20260317-CH004-03402,2026-03-17,Гомель,CH004,Гиппо,CUST_CH004,SKU_008,Деликатесы,5,127.03
S20260331-CH004-03702,2026-03-31,Гомель,CH004,Гиппо,CUST_CH004,SKU_001,Колбасы,59,703.44
S20260311-CH002-03263,2026-03-11,Брест,CH002,Санта,CUST_CH002,SKU_005,Сосиски,78,905.89
S20260311-CH004-03279,2026-03-11,Гомель,CH004,Гиппо,CUST_CH004,SKU_010,Полуфабрикаты,59,490.37
S20250106-CH004-00121,2025-01-06,Гомель,CH004,Гиппо,CUST_CH004,SKU_005,Сосиски,43,492.51
S20260319-CH003-03446,2026-03-19,Гродно,CH003,Корона,CUST_CH003,SKU_006,Сосиски,77,1211.15
S20260301-CH003-03073,2026-03-01,Гродно,CH003,Корона,CUST_CH003,SKU_003,Колбасы,70,1250.29
S20250304-CH001-01273,2025-03-04,Минск,CH001,Евроопт,CUST_CH001,SKU_010,Полуфабрикаты,80,649.7
S20250215-CH003-00927,2025-02-15,Гродно,CH003,Корона,CUST_CH003,SKU_010,Полуфабрикаты,38,313.78
S20260205-CH001-02564,2026-02-05,Минск,CH001,Евроопт,CUST_CH001,SKU_003,Колбасы,57,1025.49
S20250320-CH001-01595,2025-03-20,Минск,CH001,Евроопт,CUST_CH001,SKU_009,Деликатесы,36,995.94
S20250111-CH003-00224,2025-01-11,Гродно,CH003,Корона,CUST_CH003,SKU_005,Сосиски,60,667.3
S20250207-CH004-00767,2025-02-07,Гомель,CH004,Гиппо,CUST_CH004,SKU_002,Колбасы,59,880.43
S20250131-CH001-00614,2025-01-31,Минск,CH001,Евроопт,CUST_CH001,SKU_002,Колбасы,55,820.76
S20260220-CH001-02892,2026-02-20,Минск,CH001,Евроопт,CUST_CH001,SKU_004,Сосиски,68,948.92
S20250303-CH001-01246,2025-03-03,Минск,CH001,Евроопт,CUST_CH001,SKU_004,Сосиски,49,621.62
S20250317-CH004-01541,2025-03-17,Гомель,CH004,Гиппо,CUST_CH004,SKU_003,Колбасы,65,1175.75
S20250103-CH002-00053,2025-01-03,Брест,CH002,Санта,CUST_CH002,SKU_009,Деликатесы,25,659.19
S20250127-CH001-00530,2025-01-27,Минск,CH001,Евроопт,CUST_CH001,SKU_005,Сосиски,62,703.75
S20260203-CH003-02534,2026-02-03,Гродно,CH003,Корона,CUST_CH003,SKU_005,Сосиски,61,740.97
S20260103-CH003-01900,2026-01-03,Гродно,CH003,Корона,CUST_CH003,SKU_007,Деликатесы,15,318.27
S20260328-CH001-03633,2026-03-28,Минск,CH001,Евроопт,CUST_CH001,SKU_004,Сосиски,58,736.67
S20250210-CH004-00819,2025-02-10,Гомель,CH004,Гиппо,CUST_CH004,SKU_001,Колбасы,41,499.29
S20250108-CH002-00156,2025-01-08,Брест,CH002,Санта,CUST_CH002,SKU_003,Колбасы,51,953.3
S20260209-CH004-02649,2026-02-09,Гомель,CH004,Гиппо,CUST_CH004,SKU_007,Деликатесы,32,722.7
S20260325-CH002-03571,2026-03-25,Брест,CH002,Санта,CUST_CH002,SKU_OLD_009,Деликатесы,5,131.8
S20250112-CH004-00249,2025-01-12,Гомель,CH004,Гиппо,CUST_CH004,SKU_010,Полуфабрикаты,40,317.87
S20250207-CH003-00762,2025-02-07,Гродно,CH003,Корона,CUST_CH003,SKU_003,Колбасы,51,887.17
S20260102-CH004-01895,2026-01-02,Гомель,CH004,Гиппо,CUST_CH004,SKU_007,Деликатесы,33,759.12
S20260109-CH002-02030,2026-01-09,Брест,CH002,Санта,CUST_CH002,SKU_011,Полуфабрикаты,76,678.33
S20260324-CH003-03548,2026-03-24,Гродно,CH003,Корона,CUST_CH003,SKU_001,Колбасы,71,800.83
S20250225-CH002-01131,2025-02-25,Брест,CH002,Санта,CUST_CH002,SKU_005,Сосиски,61,711.43
S20250127-CH003-00543,2025-01-27,Гродно,CH003,Корона,CUST_CH003,SKU_007,Деликатесы,33,736.93
S20250209-CH003-00794,2025-02-09,Гродно,CH003,Корона,CUST_CH003,SKU_006,Сосиски,57,787.75
S20250325-CH004-01726,2025-03-25,Гомель,CH004,Гиппо,CUST_CH004,SKU_010,Полуфабрикаты,44,336.54
S20260306-CH002-03163,2026-03-06,Брест,CH002,Санта,CUST_CH002,SKU_006,Сосиски,53,705.31
S20250131-CH004-00629,2025-01-31,Гомель,CH004,Гиппо,CUST_CH004,SKU_002,Колбасы,78,1187.16
S20260118-CH001-02199,2026-01-18,Минск,CH001,Евроопт,CUST_CH001,SKU_OLD_005,Сосиски,47,522.26
S20260316-CH001-03361,2026-03-16,Минск,CH001,Евроопт,CUST_CH001,SKU_004,Сосиски,69,931.11
S20260124-CH001-02340,2026-01-24,Минск,CH001,Евроопт,CUST_CH001,SKU_006,Сосиски,75,1059.24
S20260129-CH002-02430,2026-01-29,Брест,CH002,Санта,CUST_CH002,SKU_003,Колбасы,62,1110.47
S20260324-CH001-03538,2026-03-24,Минск,CH001,Евроопт,CUST_CH001,SKU_005,Сосиски,72,864.36
S20260213-CH001-02735,2026-02-13,Минск,CH001,Евроопт,CUST_CH001,SKU_OLD_009,Деликатесы,25,652.84
S20250308-CH002-01368,2025-03-08,Брест,CH002,Санта,CUST_CH002,SKU_012,Полуфабрикаты,75,552.05
S20250321-CH002-01621,2025-03-21,Брест,CH002,Санта,CUST_CH002,SKU_001,Колбасы,50,660.24
S20260223-CH001-02946,2026-02-23,Минск,CH001,Евроопт,CUST_CH001,SKU_005,Сосиски,57,671.92
S20260320-CH001-03459,2026-03-20,Минск,CH001,Евроопт,CUST_CH001,SKU_006,Сосиски,43,655.95
S20260220-CH003-02903,2026-02-20,Гродно,CH003,Корона,CUST_CH003,SKU_004,Сосиски,79,1031.92
S20250222-CH001-01072,2025-02-22,Минск,CH001,Евроопт,CUST_CH001,SKU_008,Деликатесы,30,726.15
S20250128-CH002-00555,2025-01-28,Брест,CH002,Санта,CUST_CH002,SKU_001,Колбасы,46,588.98
S20250331-CH001-01829,2025-03-31,Минск,CH001,Евроопт,CUST_CH001,SKU_003,Колбасы,50,834.28
S20250211-CH001-00827,2025-02-11,Минск,CH001,Евроопт,CUST_CH001,SKU_003,Колбасы,57,1013.32
RET20250328-011,2025-03-28,Гродно,CH003,Корона,CUST_CH003,SKU_012,Полуфабрикаты,-20,-148.81
S20260107-CH003-01985,2026-01-07,Гродно,CH003,Корона,CUST_CH003,SKU_007,Деликатесы,62,1425.62
S20260318-CH001-03410,2026-03-18,Минск,CH001,Евроопт,CUST_CH001,SKU_007,Деликатесы,30,647.44
S20250331-CH002-01838,2025-03-31,Брест,CH002,Санта,CUST_CH002,SKU_008,Деликатесы,24,577.47
S20260222-CH003-02940,2026-02-22,Гродно,CH003,Корона,CUST_CH003,SKU_010,Полуфабрикаты,48,388.32
S20250127-CH002-00536,2025-01-27,Брест,CH002,Санта,CUST_CH002,SKU_008,Деликатесы,27,658.82
S20260313-CH003-03321,2026-03-13,Гродно,CH003,Корона,CUST_CH003,SKU_006,Сосиски,43,639.86
S20260210-CH001-02664,2026-02-10,Минск,CH001,Евроопт,CUST_CH001,SKU_011,Полуфабрикаты,52,471.57
S20250108-CH002-00155,2025-01-08,Брест,CH002,Санта,CUST_CH002,SKU_002,Колбасы,62,923.42
S20260308-CH001-03201,2026-03-08,Минск,CH001,Евроопт,CUST_CH001,SKU_011,Полуфабрикаты,66,577.08
S20260223-CH002-02953,2026-02-23,Брест,CH002,Санта,CUST_CH002,SKU_004,Сосиски,47,602.7
S20260322-CH001-03497,2026-03-22,Минск,CH001,Евроопт,CUST_CH001,SKU_007,Деликатесы,45,1027.2
S20250116-CH004-00323,2025-01-16,Гомель,CH004,Гиппо,CUST_CH004,SKU_002,Колбасы,51,757.7
S20250325-CH002-01711,2025-03-25,Брест,CH002,Санта,CUST_CH002,SKU_006,Сосиски,42,586.41
S20250101-CH004-00015,2025-01-01,Гомель,CH004,Гиппо,CUST_CH004,SKU_003,Колбасы,46,819.55
S20250328-CH003-01799,2025-03-28,Гродно,CH003,Корона,CUST_CH003,SKU_011,Полуфабрикаты,37,344.74
S20260322-CH002-03501,2026-03-22,Брест,CH002,Санта,CUST_CH002,SKU_005,Сосиски,72,776.48
S20250104-CH004-00083,2025-01-04,Гомель,CH004,Гиппо,CUST_CH004,SKU_006,Сосиски,68,965.75
S20260204-CH004-02561,2026-02-04,Гомель,CH004,Гиппо,CUST_CH004,SKU_011,Полуфабрикаты,39,345.64
S20260105-CH004-01944,2026-01-05,Гомель,CH004,Гиппо,CUST_CH004,SKU_012,Полуфабрикаты,26,193.89
S20260107-CH004-01989,2026-01-07,Гомель,CH004,Гиппо,CUST_CH004,SKU_002,Колбасы,69,1087.43
S20260210-CH003-02673,2026-02-10,Гродно,CH003,Корона,CUST_CH003,SKU_003,Колбасы,56,1067.09
S20250309-CH004-01384,2025-03-09,Гомель,CH004,Гиппо,CUST_CH004,SKU_002,Колбасы,49,746.7
S20250319-CH002-01575,2025-03-19,Брест,CH002,Санта,CUST_CH002,SKU_004,Сосиски,48,604.42
S20260224-CH002-02978,2026-02-24,Брест,CH002,Санта,CUST_CH002,SKU_006,Сосиски,69,995.01
S20260315-CH003-03352,2026-03-15,Гродно,CH003,Корона,CUST_CH003,SKU_003,Колбасы,25,427.96
S20260111-CH001-02059,2026-01-11,Минск,CH001,Евроопт,CUST_CH001,SKU_005,Сосиски,57,612.14
S20260325-CH003-03576,2026-03-25,Гродно,CH003,Корона,CUST_CH003,SKU_004,Сосиски,71,946.94
S20250314-CH004-01495,2025-03-14,Гомель,CH004,Гиппо,CUST_CH004,SKU_008,Деликатесы,11,286.28
S20250211-CH001-00832,2025-02-11,Минск,CH001,Евроопт,CUST_CH001,SKU_009,Деликатесы,5,127.23
S20260112-CH003-02081,2026-01-12,Гродно,CH003,Корона,CUST_CH003,SKU_005,Сосиски,61,713.28
S20250227-CH002-01175,2025-02-27,Брест,CH002,Санта,CUST_CH002,SKU_OLD_001,Колбасы,64,757.46
S20250121-CH003-00414,2025-01-21,Гродно,CH003,Корона,CUST_CH003,SKU_006,Сосиски,77,1058.27
S20260208-CH003-02629,2026-02-08,Гродно,CH003,Корона,CUST_CH003,SKU_006,Сосиски,54,736.45
S20250329-CH004-01818,2025-03-29,Гомель,CH004,Гиппо,CUST_CH004,SKU_012,Полуфабрикаты,55,416.35
S20250108-CH003-00166,2025-01-08,Гродно,CH003,Корона,CUST_CH003,SKU_008,Деликатесы,27,627.65
S20260308-CH001-03199,2026-03-08,Минск,CH001,Евроопт,CUST_CH001,SKU_OLD_005,Сосиски,62,680.92
S20260327-CH003-03624,2026-03-27,Гродно,CH003,Корона,CUST_CH003,SKU_002,Колбасы,59,885.47
S20250131-CH001-00615,2025-01-31,Минск,CH001,Евроопт,CUST_CH001,SKU_004,Сосиски,68,952.39
S20260302-CH004-03094,2026-03-02,Гомель,CH004,Гиппо,CUST_CH004,SKU_003,Колбасы,67,1255.26
S20250219-CH004-01015,2025-02-19,Гомель,CH004,Гиппо,CUST_CH004,SKU_011,Полуфабрикаты,57,504.17
S20260115-CH001-02138,2026-01-15,Минск,CH001,Евроопт,CUST_CH001,SKU_009,Деликатесы,5,129.54
S20260318-CH003-03421,2026-03-18,Гродно,CH003,Корона,CUST_CH003,SKU_005,Сосиски,51,574.9
S20260318-CH002-03412,2026-03-18,Брест,CH002,Санта,CUST_CH002,SKU_OLD_001,Колбасы,47,575.0
S20260209-CH004-02650,2026-02-09,Гомель,CH004,Гиппо,CUST_CH004,SKU_008,Деликатесы,41,993.6
S20250302-CH003-01238,2025-03-02,Гродно,CH003,Корона,CUST_CH003,SKU_010,Полуфабрикаты,54,442.91
S20260117-CH001-02182,2026-01-17,Минск,CH001,Евроопт,CUST_CH001,SKU_006,Сосиски,64,933.49
S20250128-CH002-00556,2025-01-28,Брест,CH002,Санта,CUST_CH002,SKU_002,Колбасы,52,785.94
S20260302-CH001-03080,2026-03-02,Минск,CH001,Евроопт,CUST_CH001,SKU_001,Колбасы,62,703.26
S20260312-CH001-03281,2026-03-12,Минск,CH001,Евроопт,CUST_CH001,SKU_002,Колбасы,56,879.58
S20260126-CH002-02369,2026-01-26,Брест,CH002,Санта,CUST_CH002,SKU_007,Деликатесы,17,374.45
S20260321-CH003-03489,2026-03-21,Гродно,CH003,Корона,CUST_CH003,SKU_012,Полуфабрикаты,66,512.36
S20250228-CH004-01212,2025-02-28,Гомель,CH004,Гиппо,CUST_CH004,SKU_011,Полуфабрикаты,51,458.3
S20260320-CH001-03458,2026-03-20,Минск,CH001,Евроопт,CUST_CH001,SKU_OLD_005,Сосиски,77,845.64
S20250201-CH001-00635,2025-02-01,Минск,CH001,Евроопт,CUST_CH001,SKU_007,Деликатесы,17,390.18
S20260206-CH003-02601,2026-02-06,Гродно,CH003,Корона,CUST_CH003,SKU_002,Колбасы,56,825.0
S20250221-CH003-01056,2025-02-21,Гродно,CH003,Корона,CUST_CH003,SKU_003,Колбасы,47,841.18
S20260124-CH001-02341,2026-01-24,Минск,CH001,Евроопт,CUST_CH001,SKU_009,Деликатесы,26,662.36
S20250325-CH002-01709,2025-03-25,Брест,CH002,Санта,CUST_CH002,SKU_002,Колбасы,60,906.55
S20250209-CH003-00797,2025-02-09,Гродно,CH003,Корона,CUST_CH003,SKU_012,Полуфабрикаты,61,471.97
S20260225-CH001-02991,2026-02-25,Минск,CH001,Евроопт,CUST_CH001,SKU_007,Деликатесы,15,348.75
S20260318-CH004-03430,2026-03-18,Гомель,CH004,Гиппо,CUST_CH004,SKU_011,Полуфабрикаты,51,473.43
S20250109-CH002-00175,2025-01-09,Брест,CH002,Санта,CUST_CH002,SKU_001,Колбасы,44,524.06
S20260216-CH004-02815,2026-02-16,Гомель,CH004,Гиппо,CUST_CH004,SKU_006,Сосиски,48,680.63
S20250112-CH003-00246,2025-01-12,Гродно,CH003,Корона,CUST_CH003,SKU_006,Сосиски,54,795.16
S20250222-CH004-01081,2025-02-22,Гомель,CH004,Гиппо,CUST_CH004,SKU_002,Колбасы,39,590.05
S20250322-CH003-01655,2025-03-22,Гродно,CH003,Корона,CUST_CH003,SKU_002,Колбасы,72,1079.99
S20260330-CH002-03667,2026-03-30,Брест,CH002,Санта,CUST_CH002,SKU_003,Колбасы,98,1850.15
S20250107-CH004-00145,2025-01-07,Гомель,CH004,Гиппо,CUST_CH004,SKU_008,Деликатесы,31,727.78
S20250107-CH004-00146,2025-01-07,Гомель,CH004,Гиппо,CUST_CH004,SKU_011,Полуфабрикаты,52,459.92
S20250105-CH002-00091,2025-01-05,Брест,CH002,Санта,CUST_CH002,SKU_005,Сосиски,63,702.76
S20250204-CH001-00683,2025-02-04,Минск,CH001,Евроопт,CUST_CH001,SKU_008,Деликатесы,44,1050.14
S20250116-CH001-00311,2025-01-16,Минск,CH001,Евроопт,CUST_CH001,SKU_004,Сосиски,43,568.22
S20250105-CH003-00094,2025-01-05,Гродно,CH003,Корона,CUST_CH003,SKU_002,Колбасы,61,912.67
S20260320-CH002-03468,2026-03-20,Брест,CH002,Санта,CUST_CH002,SKU_011,Полуфабрикаты,75,686.35
S20260106-CH003-01957,2026-01-06,Гродно,CH003,Корона,CUST_CH003,SKU_009,Деликатесы,47,1185.86
S20250215-CH003-00925,2025-02-15,Гродно,CH003,Корона,CUST_CH003,SKU_003,Колбасы,68,1242.3
S20260318-CH001-03408,2026-03-18,Минск,CH001,Евроопт,CUST_CH001,SKU_005,Сосиски,39,451.3
S20260104-CH002-01910,2026-01-04,Брест,CH002,Санта,CUST_CH002,SKU_001,Колбасы,54,621.15
S20250220-CH004-01036,2025-02-20,Гомель,CH004,Гиппо,CUST_CH004,SKU_008,Деликатесы,41,1026.57
S20250310-CH003-01401,2025-03-10,Гродно,CH003,Корона,CUST_CH003,SKU_012,Полуфабрикаты,52,426.76
S20260122-CH001-02292,2026-01-22,Минск,CH001,Евроопт,CUST_CH001,SKU_011,Полуфабрикаты,60,554.82
S20250315-CH002-01501,2025-03-15,Брест,CH002,Санта,CUST_CH002,SKU_001,Колбасы,25,290.97
S20260305-CH004-03160,2026-03-05,Гомель,CH004,Гиппо,CUST_CH004,SKU_007,Деликатесы,45,986.32
S20260121-CH001-02263,2026-01-21,Минск,CH001,Евроопт,CUST_CH001,SKU_005,Сосиски,79,944.89
S20250313-CH004-01469,2025-03-13,Гомель,CH004,Гиппо,CUST_CH004,SKU_009,Деликатесы,17,438.45
S20250219-CH002-00999,2025-02-19,Брест,CH002,Санта,CUST_CH002,SKU_008,Деликатесы,27,628.0
S20250212-CH001-00854,2025-02-12,Минск,CH001,Евроопт,CUST_CH001,SKU_012,Полуфабрикаты,64,511.92
S20260131-CH002-02474,2026-01-31,Брест,CH002,Санта,CUST_CH002,SKU_011,Полуфабрикаты,49,420.4
S20260118-CH003-02205,2026-01-18,Гродно,CH003,Корона,CUST_CH003,SKU_004,Сосиски,69,924.51
S20250225-CH004-01143,2025-02-25,Гомель,CH004,Гиппо,CUST_CH004,SKU_001,Колбасы,48,585.32
S20250225-CH004-01144,2025-02-25,Гомель,CH004,Гиппо,CUST_CH004,SKU_002,Колбасы,65,966.42
S20260121-CH003-02275,2026-01-21,Гродно,CH003,Корона,CUST_CH003,SKU_004,Сосиски,67,863.96
S20260223-CH001-02945,2026-02-23,Минск,CH001,Евроопт,CUST_CH001,SKU_OLD_001,Колбасы,25,296.32
S20260110-CH003-02049,2026-01-10,Гродно,CH003,Корона,CUST_CH003,SKU_001,Колбасы,70,822.66
S20250120-CH004-00402,2025-01-20,Гомель,CH004,Гиппо,CUST_CH004,SKU_009,Деликатесы,29,741.8
S20250224-CH001-01104,2025-02-24,Минск,CH001,Евроопт,CUST_CH001,SKU_011,Полуфабрикаты,75,683.4
S20250105-CH001-00085,2025-01-05,Минск,CH001,Евроопт,CUST_CH001,SKU_004,Сосиски,51,645.51
S20260118-CH004-02211,2026-01-18,Гомель,CH004,Гиппо,CUST_CH004,SKU_OLD_009,Деликатесы,52,1300.61
S20260325-CH004-03579,2026-03-25,Гомель,CH004,Гиппо,CUST_CH004,SKU_001,Колбасы,79,922.28
S20250106-CH002-00115,2025-01-06,Брест,CH002,Санта,CUST_CH002,SKU_012,Полуфабрикаты,44,337.85
S20260212-CH002-02719,2026-02-12,Брест,CH002,Санта,CUST_CH002,SKU_009,Деликатесы,30,812.32
S20260310-CH001-03238,2026-03-10,Минск,CH001,Евроопт,CUST_CH001,SKU_004,Сосиски,32,424.97
S20250319-CH004-01586,2025-03-19,Гомель,CH004,Гиппо,CUST_CH004,SKU_004,Сосиски,37,491.24
S20250319-CH001-01568,2025-03-19,Минск,CH001,Евроопт,CUST_CH001,SKU_008,Деликатесы,25,609.3
S20260222-CH003-02938,2026-02-22,Гродно,CH003,Корона,CUST_CH003,SKU_007,Деликатесы,50,1062.27
S20250315-CH002-01502,2025-03-15,Брест,CH002,Санта,CUST_CH002,SKU_008,Деликатесы,20,511.71
S20250323-CH001-01661,2025-03-23,Минск,CH001,Евроопт,CUST_CH001,SKU_001,Колбасы,52,604.26
S20250318-CH003-01557,2025-03-18,Гродно,CH003,Корона,CUST_CH003,SKU_012,Полуфабрикаты,46,330.4
S20260108-CH003-02008,2026-01-08,Гродно,CH003,Корона,CUST_CH003,SKU_008,Деликатесы,29,681.89
S20250131-CH003-00626,2025-01-31,Гродно,CH003,Корона,CUST_CH003,SKU_006,Сосиски,59,850.1
S20260102-CH003-01886,2026-01-02,Гродно,CH003,Корона,CUST_CH003,SKU_003,Колбасы,77,1361.86
S20260330-CH003-03678,2026-03-30,Гродно,CH003,Корона,CUST_CH003,SKU_011,Полуфабрикаты,81,751.05
S20260101-CH003-01867,2026-01-01,Гродно,CH003,Корона,CUST_CH003,SKU_008,Деликатесы,5,120.61
S20250217-CH001-00953,2025-02-17,Минск,CH001,Евроопт,CUST_CH001,SKU_008,Деликатесы,26,633.78
S20260218-CH003-02856,2026-02-18,Гродно,CH003,Корона,CUST_CH003,SKU_004,Сосиски,62,776.77
S20260122-CH003-02307,2026-01-22,Гродно,CH003,Корона,CUST_CH003,SKU_010,Полуфабрикаты,84,659.95
S20250131-CH003-00625,2025-01-31,Гродно,CH003,Корона,CUST_CH003,SKU_005,Сосиски,58,630.68
S20260219-CH002-02875,2026-02-19,Брест,CH002,Санта,CUST_CH002,SKU_002,Колбасы,60,869.24
S20250112-CH002-00235,2025-01-12,Брест,CH002,Санта,CUST_CH002,SKU_002,Колбасы,47,690.79
S20260117-CH001-02184,2026-01-17,Минск,CH001,Евроопт,CUST_CH001,SKU_009,Деликатесы,22,572.65
S20260210-CH001-02665,2026-02-10,Минск,CH001,Евроопт,CUST_CH001,SKU_012,Полуфабрикаты,68,478.82
S20260219-CH004-02885,2026-02-19,Гомель,CH004,Гиппо,CUST_CH004,SKU_002,Колбасы,63,891.31
S20260220-CH001-02891,2026-02-20,Минск,CH001,Евроопт,CUST_CH001,SKU_002,Колбасы,41,600.27
S20260109-CH004-02035,2026-01-09,Гомель,CH004,Гиппо,CUST_CH004,SKU_001,Колбасы,42,522.59
S20260225-CH003-03008,2026-02-25,Гродно,CH003,Корона,CUST_CH003,SKU_012,Полуфабрикаты,68,494.63
S20250330-CH004-01827,2025-03-30,Гомель,CH004,Гиппо,CUST_CH004,SKU_012,Полуфабрикаты,56,407.86
S20260323-CH004-03530,2026-03-23,Гомель,CH004,Гиппо,CUST_CH004,SKU_002,Колбасы,91,1397.82
S20260209-CH003-02641,2026-02-09,Гродно,CH003,Корона,CUST_CH003,SKU_001,Колбасы,51,626.12
S20250305-CH004-01315,2025-03-05,Гомель,CH004,Гиппо,CUST_CH004,SKU_006,Сосиски,44,605.66
S20250316-CH004-01526,2025-03-16,Гомель,CH004,Гиппо,CUST_CH004,SKU_008,Деликатесы,7,163.83
S20250319-CH001-01563,2025-03-19,Минск,CH001,Евроопт,CUST_CH001,SKU_001,Колбасы,48,590.91
S20250327-CH001-01753,2025-03-27,Минск,CH001,Евроопт,CUST_CH001,SKU_002,Колбасы,43,614.02
S20250320-CH003-01606,2025-03-20,Гродно,CH003,Корона,CUST_CH003,SKU_OLD_005,Сосиски,65,716.68
S20250117-CH004-00344,2025-01-17,Гомель,CH004,Гиппо,CUST_CH004,SKU_008,Деликатесы,24,568.44
S20260330-CH004-03682,2026-03-30,Гомель,CH004,Гиппо,CUST_CH004,SKU_003,Колбасы,77,1359.06
S20260124-CH001-02342,2026-01-24,Минск,CH001,Евроопт,CUST_CH001,SKU_011,Полуфабрикаты,84,737.49
S20260128-CH002-02413,2026-01-28,Брест,CH002,Санта,CUST_CH002,SKU_007,Деликатесы,30,665.57
S20260119-CH003-02227,2026-01-19,Гродно,CH003,Корона,CUST_CH003,SKU_005,Сосиски,79,917.93
S20260212-CH001-02708,2026-02-12,Минск,CH001,Евроопт,CUST_CH001,SKU_003,Колбасы,50,920.3
S20250219-CH002-00997,2025-02-19,Брест,CH002,Санта,CUST_CH002,SKU_004,Сосиски,71,945.88
S20260111-CH003-02063,2026-01-11,Гродно,CH003,Корона,CUST_CH003,SKU_010,Полуфабрикаты,66,507.75
S20250224-CH003-01111,2025-02-24,Гродно,CH003,Корона,CUST_CH003,SKU_002,Колбасы,49,718.34
S20260119-CH001-02214,2026-01-19,Минск,CH001,Евроопт,CUST_CH001,SKU_003,Колбасы,66,1152.89
S20260308-CH002-03204,2026-03-08,Брест,CH002,Санта,CUST_CH002,SKU_008,Деликатесы,29,703.47
S20250308-CH001-01360,2025-03-08,Минск,CH001,Евроопт,CUST_CH001,SKU_007,Деликатесы,17,375.62
S20260113-CH004-02108,2026-01-13,Гомель,CH004,Гиппо,CUST_CH004,SKU_004,Сосиски,61,808.5
S20250205-CH001-00710,2025-02-05,Минск,CH001,Евроопт,CUST_CH001,SKU_008,Деликатесы,49,1196.9
S20260102-CH001-01879,2026-01-02,Минск,CH001,Евроопт,CUST_CH001,SKU_011,Полуфабрикаты,62,597.88
S20260212-CH004-02725,2026-02-12,Гомель,CH004,Гиппо,CUST_CH004,SKU_004,Сосиски,66,815.75
S20250309-CH002-01379,2025-03-09,Брест,CH002,Санта,CUST_CH002,SKU_012,Полуфабрикаты,52,379.65
S20260217-CH002-02829,2026-02-17,Брест,CH002,Санта,CUST_CH002,SKU_003,Колбасы,77,1383.85
S20250121-CH004-00425,2025-01-21,Гомель,CH004,Гиппо,CUST_CH004,SKU_009,Деликатесы,19,484.82
S20250115-CH001-00293,2025-01-15,Минск,CH001,Евроопт,CUST_CH001,SKU_007,Деликатесы,30,665.73
S20250221-CH004-01066,2025-02-21,Гомель,CH004,Гиппо,CUST_CH004,SKU_012,Полуфабрикаты,61,457.81
S20260221-CH002-02922,2026-02-21,Брест,CH002,Санта,CUST_CH002,SKU_011,Полуфабрикаты,38,316.58
S20260126-CH003-02378,2026-01-26,Гродно,CH003,Корона,CUST_CH003,SKU_008,Деликатесы,22,533.45
S20250321-CH004-01639,2025-03-21,Гомель,CH004,Гиппо,CUST_CH004,SKU_002,Колбасы,65,979.58
S20260131-CH003-02478,2026-01-31,Гродно,CH003,Корона,CUST_CH003,SKU_011,Полуфабрикаты,66,565.12
S20250219-CH004-01013,2025-02-19,Гомель,CH004,Гиппо,CUST_CH004,SKU_008,Деликатесы,5,120.77
S20260114-CH003-02128,2026-01-14,Гродно,CH003,Корона,CUST_CH003,SKU_008,Деликатесы,34,845.57
S20250325-CH003-01718,2025-03-25,Гродно,CH003,Корона,CUST_CH003,SKU_003,Колбасы,79,1466.25
S20260303-CH002-03101,2026-03-03,Брест,CH002,Санта,CUST_CH002,SKU_002,Колбасы,52,750.05
S20250216-CH003-00938,2025-02-16,Гродно,CH003,Корона,CUST_CH003,SKU_004,Сосиски,73,995.36
S20250211-CH001-00835,2025-02-11,Минск,CH001,Евроопт,CUST_CH001,SKU_012,Полуфабрикаты,66,504.47
S20260216-CH001-02798,2026-02-16,Минск,CH001,Евроопт,CUST_CH001,SKU_009,Деликатесы,48,1171.88
S20260222-CH003-02939,2026-02-22,Гродно,CH003,Корона,CUST_CH003,SKU_OLD_009,Деликатесы,5,131.73
S20250113-CH001-00255,2025-01-13,Минск,CH001,Евроопт,CUST_CH001,SKU_011,Полуфабрикаты,55,480.6
S20260320-CH001-03454,2026-03-20,Минск,CH001,Евроопт,CUST_CH001,SKU_001,Колбасы,42,497.69
S20250314-CH002-01483,2025-03-14,Брест,CH002,Санта,CUST_CH002,SKU_009,Деликатесы,41,1056.34
S20260330-CH003-03677,2026-03-30,Гродно,CH003,Корона,CUST_CH003,SKU_009,Деликатесы,22,595.6
S20250311-CH001-01408,2025-03-11,Минск,CH001,Евроопт,CUST_CH001,SKU_005,Сосиски,73,863.42
S20260305-CH003-03157,2026-03-05,Гродно,CH003,Корона,CUST_CH003,SKU_011,Полуфабрикаты,41,376.85
S20260326-CH004-03606,2026-03-26,Гомель,CH004,Гиппо,CUST_CH004,SKU_003,Колбасы,98,1740.68
S20260117-CH002-02185,2026-01-17,Брест,CH002,Санта,CUST_CH002,SKU_002,Колбасы,50,755.86
S20260307-CH001-03184,2026-03-07,Минск,CH001,Евроопт,CUST_CH001,SKU_006,Сосиски,57,733.72
S20260311-CH002-03267,2026-03-11,Брест,CH002,Санта,CUST_CH002,SKU_011,Полуфабрикаты,85,798.61
S20260220-CH003-02901,2026-02-20,Гродно,CH003,Корона,CUST_CH003,SKU_OLD_001,Колбасы,66,785.4
S20260310-CH003-03251,2026-03-10,Гродно,CH003,Корона,CUST_CH003,SKU_010,Полуфабрикаты,80,612.89
S20250205-CH004-00724,2025-02-05,Гомель,CH004,Гиппо,CUST_CH004,SKU_006,Сосиски,47,671.5
S20260220-CH004-02908,2026-02-20,Гомель,CH004,Гиппо,CUST_CH004,SKU_002,Колбасы,22,337.9
S20250218-CH001-00970,2025-02-18,Минск,CH001,Евроопт,CUST_CH001,SKU_006,Сосиски,70,983.36
S20250125-CH001-00497,2025-01-25,Минск,CH001,Евроопт,CUST_CH001,SKU_008,Деликатесы,24,562.25
S20250217-CH001-00951,2025-02-17,Минск,CH001,Евроопт,CUST_CH001,SKU_OLD_005,Сосиски,64,727.4
S20250210-CH002-00806,2025-02-10,Брест,CH002,Санта,CUST_CH002,SKU_001,Колбасы,50,567.17
S20250331-CH001-01830,2025-03-31,Минск,CH001,Евроопт,CUST_CH001,SKU_004,Сосиски,52,728.35
S20260116-CH004-02178,2026-01-16,Гомель,CH004,Гиппо,CUST_CH004,SKU_005,Сосиски,67,789.81
S20250326-CH003-01740,2025-03-26,Гродно,CH003,Корона,CUST_CH003,SKU_007,Деликатесы,40,922.7
S20250117-CH002-00338,2025-01-17,Брест,CH002,Санта,CUST_CH002,SKU_005,Сосиски,35,391.54
S20250206-CH001-00731,2025-02-06,Минск,CH001,Евроопт,CUST_CH001,SKU_009,Деликатесы,26,647.03
S20250130-CH004-00609,2025-01-30,Гомель,CH004,Гиппо,CUST_CH004,SKU_008,Деликатесы,18,436.22
S20250225-CH004-01149,2025-02-25,Гомель,CH004,Гиппо,CUST_CH004,SKU_007,Деликатесы,33,761.61
S20260120-CH002-02244,2026-01-20,Брест,CH002,Санта,CUST_CH002,SKU_005,Сосиски,67,754.91
S20260312-CH003-03299,2026-03-12,Гродно,CH003,Корона,CUST_CH003,SKU_007,Деликатесы,22,473.7
S20250325-CH002-01714,2025-03-25,Брест,CH002,Санта,CUST_CH002,SKU_009,Деликатесы,28,763.28
S20260331-CH002-03694,2026-03-31,Брест,CH002,Санта,CUST_CH002,SKU_008,Деликатесы,25,606.6
S20250214-CH003-00910,2025-02-14,Гродно,CH003,Корона,CUST_CH003,SKU_007,Деликатесы,25,531.0
S20260208-CH004-02633,2026-02-08,Гомель,CH004,Гиппо,CUST_CH004,SKU_003,Колбасы,79,1381.26
S20260115-CH004-02152,2026-01-15,Гомель,CH004,Гиппо,CUST_CH004,SKU_005,Сосиски,45,530.24
S20260108-CH004-02011,2026-01-08,Гомель,CH004,Гиппо,CUST_CH004,SKU_002,Колбасы,95,1353.99
S20260201-CH003-02492,2026-02-01,Гродно,CH003,Корона,CUST_CH003,SKU_010,Полуфабрикаты,66,525.28
S20260326-CH001-03590,2026-03-26,Минск,CH001,Евроопт,CUST_CH001,SKU_009,Деликатесы,24,608.18
S20250329-CH002-01811,2025-03-29,Брест,CH002,Санта,CUST_CH002,SKU_007,Деликатесы,7,155.89
S20260108-CH001-01995,2026-01-08,Минск,CH001,Евроопт,CUST_CH001,SKU_007,Деликатесы,60,1284.21
S20250205-CH003-00720,2025-02-05,Гродно,CH003,Корона,CUST_CH003,SKU_007,Деликатесы,34,767.24
S20260221-CH004-02933,2026-02-21,Гомель,CH004,Гиппо,CUST_CH004,SKU_011,Полуфабрикаты,52,458.17
S20260217-CH001-02825,2026-02-17,Минск,CH001,Евроопт,CUST_CH001,SKU_010,Полуфабрикаты,84,694.08
S20250319-CH001-01570,2025-03-19,Минск,CH001,Евроопт,CUST_CH001,SKU_011,Полуфабрикаты,56,499.28
S20260220-CH002-02898,2026-02-20,Брест,CH002,Санта,CUST_CH002,SKU_006,Сосиски,57,795.03
S20260222-CH004-02943,2026-02-22,Гомель,CH004,Гиппо,CUST_CH004,SKU_010,Полуфабрикаты,38,321.79
S20260121-CH003-02276,2026-01-21,Гродно,CH003,Корона,CUST_CH003,SKU_007,Деликатесы,52,1177.61
S20250122-CH002-00435,2025-01-22,Брест,CH002,Санта,CUST_CH002,SKU_003,Колбасы,64,1233.05
S20250305-CH001-01300,2025-03-05,Минск,CH001,Евроопт,CUST_CH001,SKU_010,Полуфабрикаты,65,511.05
S20260116-CH003-02175,2026-01-16,Гродно,CH003,Корона,CUST_CH003,SKU_012,Полуфабрикаты,45,330.88
S20250121-CH001-00406,2025-01-21,Минск,CH001,Евроопт,CUST_CH001,SKU_011,Полуфабрикаты,52,460.8
S20260217-CH001-02824,2026-02-17,Минск,CH001,Евроопт,CUST_CH001,SKU_008,Деликатесы,21,531.66
S20250210-CH004-00822,2025-02-10,Гомель,CH004,Гиппо,CUST_CH004,SKU_OLD_005,Сосиски,53,619.15
S20260214-CH001-02760,2026-02-14,Минск,CH001,Евроопт,CUST_CH001,SKU_005,Сосиски,41,446.7
S20250328-CH002-01790,2025-03-28,Брест,CH002,Санта,CUST_CH002,SKU_009,Деликатесы,14,350.42
S20260326-CH004-03608,2026-03-26,Гомель,CH004,Гиппо,CUST_CH004,SKU_008,Деликатесы,31,758.68
S20260303-CH003-03109,2026-03-03,Гродно,CH003,Корона,CUST_CH003,SKU_010,Полуфабрикаты,61,467.56
S20260308-CH004-03212,2026-03-08,Гомель,CH004,Гиппо,CUST_CH004,SKU_004,Сосиски,81,1058.07
S20260125-CH001-02352,2026-01-25,Минск,CH001,Евроопт,CUST_CH001,SKU_012,Полуфабрикаты,71,543.27
S20260122-CH004-02316,2026-01-22,Гомель,CH004,Гиппо,CUST_CH004,SKU_012,Полуфабрикаты,36,264.9
S20260101-CH001-01859,2026-01-01,Минск,CH001,Евроопт,CUST_CH001,SKU_011,Полуфабрикаты,112,1089.42
S20250318-CH004-01558,2025-03-18,Гомель,CH004,Гиппо,CUST_CH004,SKU_002,Колбасы,55,832.26
S20250127-CH003-00546,2025-01-27,Гродно,CH003,Корона,CUST_CH003,SKU_012,Полуфабрикаты,53,396.98
S20250110-CH004-00213,2025-01-10,Гомель,CH004,Гиппо,CUST_CH004,SKU_001,Колбасы,64,804.79
S20250214-CH001-00897,2025-02-14,Минск,CH001,Евроопт,CUST_CH001,SKU_003,Колбасы,52,957.99
S20260311-CH003-03271,2026-03-11,Гродно,CH003,Корона,CUST_CH003,SKU_007,Деликатесы,34,677.98
S20260105-CH004-01942,2026-01-05,Гомель,CH004,Гиппо,CUST_CH004,SKU_008,Деликатесы,5,116.26
S20260102-CH004-01892,2026-01-02,Гомель,CH004,Гиппо,CUST_CH004,SKU_002,Колбасы,44,632.92
S20250215-CH001-00917,2025-02-15,Минск,CH001,Евроопт,CUST_CH001,SKU_007,Деликатесы,41,911.06
S20260212-CH003-02724,2026-02-12,Гродно,CH003,Корона,CUST_CH003,SKU_011,Полуфабрикаты,40,382.28
S20250304-CH003-01290,2025-03-04,Гродно,CH003,Корона,CUST_CH003,SKU_011,Полуфабрикаты,53,506.36
S20250210-CH003-00815,2025-02-10,Гродно,CH003,Корона,CUST_CH003,SKU_009,Деликатесы,28,749.73
S20250303-CH004-01266,2025-03-03,Гомель,CH004,Гиппо,CUST_CH004,SKU_008,Деликатесы,31,719.88
S20250117-CH003-00343,2025-01-17,Гродно,CH003,Корона,CUST_CH003,SKU_010,Полуфабрикаты,37,303.39
S20260206-CH002-02598,2026-02-06,Брест,CH002,Санта,CUST_CH002,SKU_006,Сосиски,32,441.28
S20250311-CH002-01411,2025-03-11,Брест,CH002,Санта,CUST_CH002,SKU_001,Колбасы,46,568.33
S20250301-CH001-01215,2025-03-01,Минск,CH001,Евроопт,CUST_CH001,SKU_006,Сосиски,64,885.52
S20250217-CH004-00967,2025-02-17,Гомель,CH004,Гиппо,CUST_CH004,SKU_007,Деликатесы,21,460.29
S20250302-CH001-01231,2025-03-02,Минск,CH001,Евроопт,CUST_CH001,SKU_011,Полуфабрикаты,51,470.93
S20260124-CH003-02344,2026-01-24,Гродно,CH003,Корона,CUST_CH003,SKU_OLD_005,Сосиски,48,533.64
S20250204-CH003-00696,2025-02-04,Гродно,CH003,Корона,CUST_CH003,SKU_004,Сосиски,61,774.19
S20260114-CH002-02122,2026-01-14,Брест,CH002,Санта,CUST_CH002,SKU_011,Полуфабрикаты,51,470.22
S20250130-CH004-00606,2025-01-30,Гомель,CH004,Гиппо,CUST_CH004,SKU_001,Колбасы,37,433.23
S20250106-CH001-00105,2025-01-06,Минск,CH001,Евроопт,CUST_CH001,SKU_006,Сосиски,62,985.05
S20250201-CH004-00646,2025-02-01,Гомель,CH004,Гиппо,CUST_CH004,SKU_012,Полуфабрикаты,60,489.26
S20250311-CH001-01405,2025-03-11,Минск,CH001,Евроопт,CUST_CH001,SKU_001,Колбасы,61,717.92
S20250125-CH001-00495,2025-01-25,Минск,CH001,Евроопт,CUST_CH001,SKU_003,Колбасы,51,918.86
S20260302-CH003-03089,2026-03-02,Гродно,CH003,Корона,CUST_CH003,SKU_004,Сосиски,58,722.06
S20260201-CH003-02488,2026-02-01,Гродно,CH003,Корона,CUST_CH003,SKU_001,Колбасы,38,434.07
S20250220-CH001-01020,2025-02-20,Минск,CH001,Евроопт,CUST_CH001,SKU_011,Полуфабрикаты,54,455.91
S20250105-CH002-00092,2025-01-05,Брест,CH002,Санта,CUST_CH002,SKU_006,Сосиски,40,569.46
S20250224-CH003-01113,2025-02-24,Гродно,CH003,Корона,CUST_CH003,SKU_004,Сосиски,45,612.05
S20260320-CH004-03475,2026-03-20,Гомель,CH004,Гиппо,CUST_CH004,SKU_003,Колбасы,54,995.9
S20250214-CH003-00909,2025-02-14,Гродно,CH003,Корона,CUST_CH003,SKU_006,Сосиски,24,327.54
S20250314-CH001-01475,2025-03-14,Минск,CH001,Евроопт,CUST_CH001,SKU_008,Деликатесы,23,520.5
S20250326-CH003-01742,2025-03-26,Гродно,CH003,Корона,CUST_CH003,SKU_012,Полуфабрикаты,45,336.74
S20260115-CH004-02151,2026-01-15,Гомель,CH004,Гиппо,CUST_CH004,SKU_004,Сосиски,54,668.45
S20250112-CH002-00239,2025-01-12,Брест,CH002,Санта,CUST_CH002,SKU_008,Деликатесы,36,873.41
S20260318-CH003-03425,2026-03-18,Гродно,CH003,Корона,CUST_CH003,SKU_011,Полуфабрикаты,100,868.7
S20250216-CH004-00943,2025-02-16,Гомель,CH004,Гиппо,CUST_CH004,SKU_002,Колбасы,54,817.94
S20250304-CH001-01271,2025-03-04,Минск,CH001,Евроопт,CUST_CH001,SKU_003,Колбасы,41,705.49
S20250216-CH003-00939,2025-02-16,Гродно,CH003,Корона,CUST_CH003,SKU_006,Сосиски,47,653.18
S20250311-CH004-01425,2025-03-11,Гомель,CH004,Гиппо,CUST_CH004,SKU_011,Полуфабрикаты,42,370.87
S20260309-CH003-03230,2026-03-09,Гродно,CH003,Корона,CUST_CH003,SKU_OLD_005,Сосиски,50,577.5
S20260101-CH002-01863,2026-01-01,Брест,CH002,Санта,CUST_CH002,SKU_007,Деликатесы,21,471.42
S20250323-CH002-01670,2025-03-23,Брест,CH002,Санта,CUST_CH002,SKU_008,Деликатесы,32,816.29
S20250101-CH001-00006,2025-01-01,Минск,CH001,Евроопт,CUST_CH001,SKU_010,Полуфабрикаты,48,377.74
S20250112-CH004-00248,2025-01-12,Гомель,CH004,Гиппо,CUST_CH004,SKU_OLD_005,Сосиски,76,890.49
S20260225-CH004-03014,2026-02-25,Гомель,CH004,Гиппо,CUST_CH004,SKU_009,Деликатесы,48,1182.19
S20250101-CH004-00019,2025-01-01,Гомель,CH004,Гиппо,CUST_CH004,SKU_007,Деликатесы,30,614.73
S20260116-CH003-02170,2026-01-16,Гродно,CH003,Корона,CUST_CH003,SKU_004,Сосиски,29,372.81
S20260107-CH001-01971,2026-01-07,Минск,CH001,Евроопт,CUST_CH001,SKU_006,Сосиски,67,978.39
S20260212-CH001-02710,2026-02-12,Минск,CH001,Евроопт,CUST_CH001,SKU_006,Сосиски,52,697.96
S20260119-CH004-02233,2026-01-19,Гомель,CH004,Гиппо,CUST_CH004,SKU_004,Сосиски,51,636.17
S20260123-CH002-02323,2026-01-23,Брест,CH002,Санта,CUST_CH002,SKU_002,Колбасы,70,1109.4
S20260201-CH001-02482,2026-02-01,Минск,CH001,Евроопт,CUST_CH001,SKU_005,Сосиски,59,685.84
S20250210-CH003-00812,2025-02-10,Гродно,CH003,Корона,CUST_CH003,SKU_004,Сосиски,67,850.63
S20250305-CH001-01301,2025-03-05,Минск,CH001,Евроопт,CUST_CH001,SKU_011,Полуфабрикаты,25,229.88
S20250306-CH003-01336,2025-03-06,Гродно,CH003,Корона,CUST_CH003,SKU_012,Полуфабрикаты,41,313.76
S20260326-CH001-03591,2026-03-26,Минск,CH001,Евроопт,CUST_CH001,SKU_010,Полуфабрикаты,66,521.37
S20250113-CH002-00261,2025-01-13,Брест,CH002,Санта,CUST_CH002,SKU_012,Полуфабрикаты,31,236.92
S20250329-CH001-01805,2025-03-29,Минск,CH001,Евроопт,CUST_CH001,SKU_002,Колбасы,33,487.81
S20250319-CH001-01571,2025-03-19,Минск,CH001,Евроопт,CUST_CH001,SKU_012,Полуфабрикаты,60,416.5
S20260119-CH003-02230,2026-01-19,Гродно,CH003,Корона,CUST_CH003,SKU_010,Полуфабрикаты,36,294.67
S20250109-CH003-00185,2025-01-09,Гродно,CH003,Корона,CUST_CH003,SKU_007,Деликатесы,29,620.74
S20260130-CH002-02455,2026-01-30,Брест,CH002,Санта,CUST_CH002,SKU_004,Сосиски,64,808.02
S20250326-CH004-01744,2025-03-26,Гомель,CH004,Гиппо,CUST_CH004,SKU_002,Колбасы,69,1059.09
S20260220-CH004-02914,2026-02-20,Гомель,CH004,Гиппо,CUST_CH004,SKU_012,Полуфабрикаты,59,443.03
S20250321-CH003-01631,2025-03-21,Гродно,CH003,Корона,CUST_CH003,SKU_004,Сосиски,46,598.96
S20250325-CH003-01717,2025-03-25,Гродно,CH003,Корона,CUST_CH003,SKU_002,Колбасы,57,852.07
S20250126-CH003-00521,2025-01-26,Гродно,CH003,Корона,CUST_CH003,SKU_003,Колбасы,78,1381.45
S20260227-CH003-03052,2026-02-27,Гродно,CH003,Корона,CUST_CH003,SKU_010,Полуфабрикаты,43,348.21
S20260129-CH001-02429,2026-01-29,Минск,CH001,Евроопт,CUST_CH001,SKU_012,Полуфабрикаты,75,581.18
S20260109-CH001-02017,2026-01-09,Минск,CH001,Евроопт,CUST_CH001,SKU_OLD_001,Колбасы,42,453.92
S20250322-CH003-01659,2025-03-22,Гродно,CH003,Корона,CUST_CH003,SKU_012,Полуфабрикаты,49,354.87
S20250320-CH004-01613,2025-03-20,Гомель,CH004,Гиппо,CUST_CH004,SKU_005,Сосиски,53,588.43
S20260131-CH003-02476,2026-01-31,Гродно,CH003,Корона,CUST_CH003,SKU_OLD_001,Колбасы,64,801.68
S20260114-CH003-02127,2026-01-14,Гродно,CH003,Корона,CUST_CH003,SKU_007,Деликатесы,33,698.26
S20260228-CH001-03058,2026-02-28,Минск,CH001,Евроопт,CUST_CH001,SKU_007,Деликатесы,28,593.77
S20260331-CH001-03690,2026-03-31,Минск,CH001,Евроопт,CUST_CH001,SKU_012,Полуфабрикаты,70,532.3
S20250130-CH004-00608,2025-01-30,Гомель,CH004,Гиппо,CUST_CH004,SKU_007,Деликатесы,23,528.1
S20250111-CH004-00231,2025-01-11,Гомель,CH004,Гиппо,CUST_CH004,SKU_009,Деликатесы,55,1431.76
S20260304-CH004-03141,2026-03-04,Гомель,CH004,Гиппо,CUST_CH004,SKU_010,Полуфабрикаты,62,499.23
S20250117-CH001-00332,2025-01-17,Минск,CH001,Евроопт,CUST_CH001,SKU_004,Сосиски,54,688.65
S20260303-CH002-03106,2026-03-03,Брест,CH002,Санта,CUST_CH002,SKU_012,Полуфабрикаты,76,572.51
S20250312-CH003-01441,2025-03-12,Гродно,CH003,Корона,CUST_CH003,SKU_002,Колбасы,21,291.62
S20260105-CH002-01928,2026-01-05,Брест,CH002,Санта,CUST_CH002,SKU_002,Колбасы,54,805.71
S20250223-CH002-01092,2025-02-23,Брест,CH002,Санта,CUST_CH002,SKU_007,Деликатесы,25,576.43
S20250224-CH001-01102,2025-02-24,Минск,CH001,Евроопт,CUST_CH001,SKU_004,Сосиски,65,806.75
S20250225-CH002-01130,2025-02-25,Брест,CH002,Санта,CUST_CH002,SKU_004,Сосиски,18,235.63
S20260312-CH001-03284,2026-03-12,Минск,CH001,Евроопт,CUST_CH001,SKU_OLD_009,Деликатесы,53,1368.67
S20250123-CH003-00462,2025-01-23,Гродно,CH003,Корона,CUST_CH003,SKU_002,Колбасы,56,819.42
S20250217-CH002-00959,2025-02-17,Брест,CH002,Санта,CUST_CH002,SKU_006,Сосиски,43,588.92
S20250323-CH001-01663,2025-03-23,Минск,CH001,Евроопт,CUST_CH001,SKU_005,Сосиски,64,748.24
S20250128-CH003-00560,2025-01-28,Гродно,CH003,Корона,CUST_CH003,SKU_OLD_001,Колбасы,57,709.15
S20260220-CH002-02895,2026-02-20,Брест,CH002,Санта,CUST_CH002,SKU_003,Колбасы,33,595.97
S20260213-CH002-02739,2026-02-13,Брест,CH002,Санта,CUST_CH002,SKU_003,Колбасы,58,1043.28
S20260321-CH002-03485,2026-03-21,Брест,CH002,Санта,CUST_CH002,SKU_010,Полуфабрикаты,60,493.88
S20250316-CH003-01520,2025-03-16,Гродно,CH003,Корона,CUST_CH003,SKU_010,Полуфабрикаты,37,293.86
S20260115-CH002-02141,2026-01-15,Брест,CH002,Санта,CUST_CH002,SKU_009,Деликатесы,63,1551.32
S20260328-CH004-03646,2026-03-28,Гомель,CH004,Гиппо,CUST_CH004,SKU_011,Полуфабрикаты,14,123.17
S20260109-CH003-02033,2026-01-09,Гродно,CH003,Корона,CUST_CH003,SKU_006,Сосиски,45,616.04
S20260201-CH002-02485,2026-02-01,Брест,CH002,Санта,CUST_CH002,SKU_005,Сосиски,56,676.75
S20260204-CH001-02539,2026-02-04,Минск,CH001,Евроопт,CUST_CH001,SKU_005,Сосиски,61,726.96
RET20250307-004,2025-03-07,Минск,CH001,Евроопт,CUST_CH001,SKU_012,Полуфабрикаты,-17,-120.65
S20260113-CH002-02098,2026-01-13,Брест,CH002,Санта,CUST_CH002,SKU_004,Сосиски,23,293.81
S20260319-CH001-03436,2026-03-19,Минск,CH001,Евроопт,CUST_CH001,SKU_008,Деликатесы,36,884.16
S20260323-CH002-03524,2026-03-23,Брест,CH002,Санта,CUST_CH002,SKU_011,Полуфабрикаты,61,547.22
S20250104-CH001-00070,2025-01-04,Минск,CH001,Евроопт,CUST_CH001,SKU_OLD_001,Колбасы,66,757.88
S20250319-CH002-01573,2025-03-19,Брест,CH002,Санта,CUST_CH002,SKU_002,Колбасы,56,853.82
S20250210-CH002-00809,2025-02-10,Брест,CH002,Санта,CUST_CH002,SKU_008,Деликатесы,32,747.79
S20260309-CH004-03233,2026-03-09,Гомель,CH004,Гиппо,CUST_CH004,SKU_003,Колбасы,42,777.41
S20250101-CH002-00012,2025-01-01,Брест,CH002,Санта,CUST_CH002,SKU_012,Полуфабрикаты,55,391.93
S20260109-CH002-02026,2026-01-09,Брест,CH002,Санта,CUST_CH002,SKU_004,Сосиски,49,641.04
S20260117-CH004-02193,2026-01-17,Гомель,CH004,Гиппо,CUST_CH004,SKU_003,Колбасы,51,905.01
S20250215-CH002-00918,2025-02-15,Брест,CH002,Санта,CUST_CH002,SKU_OLD_001,Колбасы,46,558.98
S20250313-CH001-01452,2025-03-13,Минск,CH001,Евроопт,CUST_CH001,SKU_004,Сосиски,43,565.45
S20260211-CH001-02688,2026-02-11,Минск,CH001,Евроопт,CUST_CH001,SKU_011,Полуфабрикаты,68,627.84
S20250109-CH002-00177,2025-01-09,Брест,CH002,Санта,CUST_CH002,SKU_007,Деликатесы,40,875.07
S20250219-CH002-00995,2025-02-19,Брест,CH002,Санта,CUST_CH002,SKU_002,Колбасы,46,700.43
S20260201-CH003-02489,2026-02-01,Гродно,CH003,Корона,CUST_CH003,SKU_002,Колбасы,82,1234.99
S20260205-CH002-02570,2026-02-05,Брест,CH002,Санта,CUST_CH002,SKU_002,Колбасы,50,732.7
S20260331-CH002-03696,2026-03-31,Брест,CH002,Санта,CUST_CH002,SKU_011,Полуфабрикаты,80,721.97
S20260227-CH003-03053,2026-02-27,Гродно,CH003,Корона,CUST_CH003,SKU_011,Полуфабрикаты,47,438.74
S20250303-CH003-01256,2025-03-03,Гродно,CH003,Корона,CUST_CH003,SKU_004,Сосиски,56,741.94
S20260312-CH001-03283,2026-03-12,Минск,CH001,Евроопт,CUST_CH001,SKU_006,Сосиски,60,860.79
S20250323-CH001-01665,2025-03-23,Минск,CH001,Евроопт,CUST_CH001,SKU_008,Деликатесы,11,271.71
S20260117-CH003-02192,2026-01-17,Гродно,CH003,Корона,CUST_CH003,SKU_012,Полуфабрикаты,50,377.6
S20260216-CH002-02802,2026-02-16,Брест,CH002,Санта,CUST_CH002,SKU_003,Колбасы,58,1079.46
S20260205-CH001-02568,2026-02-05,Минск,CH001,Евроопт,CUST_CH001,SKU_008,Деликатесы,5,120.21
RET20260209-010,2026-02-09,Гомель,CH004,Гиппо,CUST_CH004,SKU_007,Деликатесы,-7,-158.09
S20260316-CH003-03371,2026-03-16,Гродно,CH003,Корона,CUST_CH003,SKU_007,Деликатесы,5,108.49
S20260219-CH001-02871,2026-02-19,Минск,CH001,Евроопт,CUST_CH001,SKU_008,Деликатесы,35,810.82
S20250328-CH002-01791,2025-03-28,Брест,CH002,Санта,CUST_CH002,SKU_011,Полуфабрикаты,77,725.29
S20260131-CH003-02477,2026-01-31,Гродно,CH003,Корона,CUST_CH003,SKU_003,Колбасы,73,1358.59
S20260210-CH001-02661,2026-02-10,Минск,CH001,Евроопт,CUST_CH001,SKU_008,Деликатесы,34,781.77
S20260302-CH001-03081,2026-03-02,Минск,CH001,Евроопт,CUST_CH001,SKU_002,Колбасы,63,973.83
S20250108-CH002-00157,2025-01-08,Брест,CH002,Санта,CUST_CH002,SKU_004,Сосиски,66,882.43
S20260205-CH004-02588,2026-02-05,Гомель,CH004,Гиппо,CUST_CH004,SKU_010,Полуфабрикаты,69,586.8
S20250313-CH002-01461,2025-03-13,Брест,CH002,Санта,CUST_CH002,SKU_009,Деликатесы,15,400.17
S20260110-CH002-02047,2026-01-10,Брест,CH002,Санта,CUST_CH002,SKU_004,Сосиски,59,772.95
S20260314-CH004-03339,2026-03-14,Гомель,CH004,Гиппо,CUST_CH004,SKU_002,Колбасы,61,886.27
S20250331-CH004-01851,2025-03-31,Гомель,CH004,Гиппо,CUST_CH004,SKU_010,Полуфабрикаты,63,529.62
S20260202-CH003-02510,2026-02-02,Гродно,CH003,Корона,CUST_CH003,SKU_004,Сосиски,63,830.41
S20260208-CH002-02625,2026-02-08,Брест,CH002,Санта,CUST_CH002,SKU_005,Сосиски,73,851.95
S20260318-CH001-03411,2026-03-18,Минск,CH001,Евроопт,CUST_CH001,SKU_011,Полуфабрикаты,91,871.57
S20260122-CH003-02304,2026-01-22,Гродно,CH003,Корона,CUST_CH003,SKU_005,Сосиски,56,655.03
S20260226-CH003-03028,2026-02-26,Гродно,CH003,Корона,CUST_CH003,SKU_007,Деликатесы,35,810.43
S20260108-CH003-02006,2026-01-08,Гродно,CH003,Корона,CUST_CH003,SKU_003,Колбасы,61,1043.98
S20250227-CH004-01186,2025-02-27,Гомель,CH004,Гиппо,CUST_CH004,SKU_002,Колбасы,52,765.03
S20250219-CH003-01007,2025-02-19,Гродно,CH003,Корона,CUST_CH003,SKU_010,Полуфабрикаты,44,340.42
S20250128-CH003-00561,2025-01-28,Гродно,CH003,Корона,CUST_CH003,SKU_003,Колбасы,70,1312.35
S20260120-CH004-02257,2026-01-20,Гомель,CH004,Гиппо,CUST_CH004,SKU_010,Полуфабрикаты,51,394.64
S20250214-CH003-00911,2025-02-14,Гродно,CH003,Корона,CUST_CH003,SKU_011,Полуфабрикаты,53,478.28
S20250305-CH004-01312,2025-03-05,Гомель,CH004,Гиппо,CUST_CH004,SKU_002,Колбасы,51,802.77
S20260110-CH003-02050,2026-01-10,Гродно,CH003,Корона,CUST_CH003,SKU_005,Сосиски,59,680.22
S20260318-CH002-03414,2026-03-18,Брест,CH002,Санта,CUST_CH002,SKU_003,Колбасы,38,683.71
S20250114-CH001-00270,2025-01-14,Минск,CH001,Евроопт,CUST_CH001,SKU_003,Колбасы,69,1216.92
S20260108-CH001-01994,2026-01-08,Минск,CH001,Евроопт,CUST_CH001,SKU_004,Сосиски,69,879.79
S20250113-CH004-00266,2025-01-13,Гомель,CH004,Гиппо,CUST_CH004,SKU_001,Колбасы,63,712.04
S20250214-CH004-00915,2025-02-14,Гомель,CH004,Гиппо,CUST_CH004,SKU_008,Деликатесы,26,624.41
S20260121-CH004-02279,2026-01-21,Гомель,CH004,Гиппо,CUST_CH004,SKU_002,Колбасы,44,668.32
S20260119-CH004-02232,2026-01-19,Гомель,CH004,Гиппо,CUST_CH004,SKU_003,Колбасы,73,1367.48
S20260306-CH003-03168,2026-03-06,Гродно,CH003,Корона,CUST_CH003,SKU_002,Колбасы,59,887.6
S20260331-CH001-03688,2026-03-31,Минск,CH001,Евроопт,CUST_CH001,SKU_009,Деликатесы,38,1056.2
S20260220-CH004-02913,2026-02-20,Гомель,CH004,Гиппо,CUST_CH004,SKU_010,Полуфабрикаты,51,384.09
S20260303-CH004-03115,2026-03-03,Гомель,CH004,Гиппо,CUST_CH004,SKU_008,Деликатесы,43,1009.18
S20250213-CH001-00874,2025-02-13,Минск,CH001,Евроопт,CUST_CH001,SKU_007,Деликатесы,41,917.82
S20260113-CH001-02094,2026-01-13,Минск,CH001,Евроопт,CUST_CH001,SKU_006,Сосиски,97,1323.97
S20260130-CH001-02447,2026-01-30,Минск,CH001,Евроопт,CUST_CH001,SKU_001,Колбасы,52,621.29
S20250124-CH001-00476,2025-01-24,Минск,CH001,Евроопт,CUST_CH001,SKU_005,Сосиски,51,593.73
S20250322-CH002-01653,2025-03-22,Брест,CH002,Санта,CUST_CH002,SKU_003,Колбасы,64,1194.79
S20260106-CH004-01961,2026-01-06,Гомель,CH004,Гиппо,CUST_CH004,SKU_002,Колбасы,89,1345.48
S20250103-CH001-00046,2025-01-03,Минск,CH001,Евроопт,CUST_CH001,SKU_004,Сосиски,56,752.68
S20250108-CH003-00162,2025-01-08,Гродно,CH003,Корона,CUST_CH003,SKU_003,Колбасы,43,830.68
S20260227-CH001-03040,2026-02-27,Минск,CH001,Евроопт,CUST_CH001,SKU_010,Полуфабрикаты,40,334.97
S20260215-CH001-02776,2026-02-15,Минск,CH001,Евроопт,CUST_CH001,SKU_011,Полуфабрикаты,45,410.76
S20260210-CH004-02678,2026-02-10,Гомель,CH004,Гиппо,CUST_CH004,SKU_001,Колбасы,52,643.54
S20250114-CH004-00289,2025-01-14,Гомель,CH004,Гиппо,CUST_CH004,SKU_011,Полуфабрикаты,58,536.08
S20260303-CH003-03108,2026-03-03,Гродно,CH003,Корона,CUST_CH003,SKU_009,Деликатесы,16,392.1
S20260330-CH003-03674,2026-03-30,Гродно,CH003,Корона,CUST_CH003,SKU_003,Колбасы,48,825.06
S20260106-CH002-01949,2026-01-06,Брест,CH002,Санта,CUST_CH002,SKU_OLD_001,Колбасы,82,1008.47
S20250129-CH001-00576,2025-01-29,Минск,CH001,Евроопт,CUST_CH001,SKU_008,Деликатесы,14,310.68
S20250212-CH001-00851,2025-02-12,Минск,CH001,Евроопт,CUST_CH001,SKU_003,Колбасы,59,1080.18
S20260317-CH002-03388,2026-03-17,Брест,CH002,Санта,CUST_CH002,SKU_002,Колбасы,43,663.56
S20250214-CH003-00912,2025-02-14,Гродно,CH003,Корона,CUST_CH003,SKU_012,Полуфабрикаты,51,373.8
S20250303-CH003-01255,2025-03-03,Гродно,CH003,Корона,CUST_CH003,SKU_002,Колбасы,33,472.09
S20250331-CH001-01834,2025-03-31,Минск,CH001,Евроопт,CUST_CH001,SKU_012,Полуфабрикаты,59,451.64
S20250325-CH004-01723,2025-03-25,Гомель,CH004,Гиппо,CUST_CH004,SKU_007,Деликатесы,34,718.13
S20260114-CH004-02134,2026-01-14,Гомель,CH004,Гиппо,CUST_CH004,SKU_OLD_009,Деликатесы,35,846.44
S20250326-CH002-01736,2025-03-26,Брест,CH002,Санта,CUST_CH002,SKU_010,Полуфабрикаты,48,382.91
S20250216-CH001-00933,2025-02-16,Минск,CH001,Евроопт,CUST_CH001,SKU_012,Полуфабрикаты,73,515.64
S20250224-CH001-01101,2025-02-24,Минск,CH001,Евроопт,CUST_CH001,SKU_001,Колбасы,80,953.59
S20250228-CH004-01208,2025-02-28,Гомель,CH004,Гиппо,CUST_CH004,SKU_002,Колбасы,69,1044.83
S20260122-CH002-02296,2026-01-22,Брест,CH002,Санта,CUST_CH002,SKU_007,Деликатесы,21,465.17
S20250331-CH003-01844,2025-03-31,Гродно,CH003,Корона,CUST_CH003,SKU_006,Сосиски,81,1144.51
S20250331-CH004-01849,2025-03-31,Гомель,CH004,Гиппо,CUST_CH004,SKU_008,Деликатесы,17,412.75
S20260203-CH002-02525,2026-02-03,Брест,CH002,Санта,CUST_CH002,SKU_OLD_001,Колбасы,78,929.88
S20250324-CH003-01695,2025-03-24,Гродно,CH003,Корона,CUST_CH003,SKU_010,Полуфабрикаты,61,490.38
S20250105-CH001-00086,2025-01-05,Минск,CH001,Евроопт,CUST_CH001,SKU_005,Сосиски,42,469.21
S20250123-CH004-00470,2025-01-23,Гомель,CH004,Гиппо,CUST_CH004,SKU_008,Деликатесы,31,729.31
S20260121-CH003-02274,2026-01-21,Гродно,CH003,Корона,CUST_CH003,SKU_003,Колбасы,59,1059.87
S20260217-CH001-02823,2026-02-17,Минск,CH001,Евроопт,CUST_CH001,SKU_007,Деликатесы,42,867.63
S20260126-CH003-02380,2026-01-26,Гродно,CH003,Корона,CUST_CH003,SKU_012,Полуфабрикаты,50,384.47
S20250112-CH001-00234,2025-01-12,Минск,CH001,Евроопт,CUST_CH001,SKU_006,Сосиски,63,905.38
S20260209-CH001-02637,2026-02-09,Минск,CH001,Евроопт,CUST_CH001,SKU_010,Полуфабрикаты,42,344.22
S20260203-CH001-02524,2026-02-03,Минск,CH001,Евроопт,CUST_CH001,SKU_OLD_012,Полуфабрикаты,28,209.84
S20260314-CH002-03333,2026-03-14,Брест,CH002,Санта,CUST_CH002,SKU_007,Деликатесы,19,404.48
S20260329-CH002-03655,2026-03-29,Брест,CH002,Санта,CUST_CH002,SKU_OLD_012,Полуфабрикаты,44,318.77
S20260209-CH004-02648,2026-02-09,Гомель,CH004,Гиппо,CUST_CH004,SKU_OLD_005,Сосиски,81,925.99
S20260131-CH001-02470,2026-01-31,Минск,CH001,Евроопт,CUST_CH001,SKU_OLD_009,Деликатесы,45,1112.67
S20250325-CH002-01712,2025-03-25,Брест,CH002,Санта,CUST_CH002,SKU_007,Деликатесы,30,669.66
S20250109-CH003-00183,2025-01-09,Гродно,CH003,Корона,CUST_CH003,SKU_004,Сосиски,64,820.32
S20250219-CH001-00989,2025-02-19,Минск,CH001,Евроопт,CUST_CH001,SKU_004,Сосиски,70,940.18
S20250219-CH002-01001,2025-02-19,Брест,CH002,Санта,CUST_CH002,SKU_011,Полуфабрикаты,45,402.95
S20250321-CH004-01642,2025-03-21,Гомель,CH004,Гиппо,CUST_CH004,SKU_009,Деликатесы,4,107.19
S20250307-CH004-01357,2025-03-07,Гомель,CH004,Гиппо,CUST_CH004,SKU_012,Полуфабрикаты,56,399.43
S20250313-CH003-01463,2025-03-13,Гродно,CH003,Корона,CUST_CH003,SKU_004,Сосиски,51,668.85
S20250103-CH002-00050,2025-01-03,Брест,CH002,Санта,CUST_CH002,SKU_004,Сосиски,55,709.13
S20260326-CH002-03596,2026-03-26,Брест,CH002,Санта,CUST_CH002,SKU_010,Полуфабрикаты,63,504.59
S20260301-CH004-03078,2026-03-01,Гомель,CH004,Гиппо,CUST_CH004,SKU_005,Сосиски,72,841.0
S20260205-CH003-02578,2026-02-05,Гродно,CH003,Корона,CUST_CH003,SKU_007,Деликатесы,16,351.87
S20250303-CH003-01259,2025-03-03,Гродно,CH003,Корона,CUST_CH003,SKU_007,Деликатесы,26,527.57
S20250124-CH003-00487,2025-01-24,Гродно,CH003,Корона,CUST_CH003,SKU_005,Сосиски,66,741.66
S20260330-CH002-03671,2026-03-30,Брест,CH002,Санта,CUST_CH002,SKU_007,Деликатесы,21,468.66
S20260204-CH002-02546,2026-02-04,Брест,CH002,Санта,CUST_CH002,SKU_003,Колбасы,32,561.77
S20260104-CH001-01909,2026-01-04,Минск,CH001,Евроопт,CUST_CH001,SKU_012,Полуфабрикаты,54,403.25
S20250106-CH001-00107,2025-01-06,Минск,CH001,Евроопт,CUST_CH001,SKU_010,Полуфабрикаты,68,556.4
S20250122-CH003-00444,2025-01-22,Гродно,CH003,Корона,CUST_CH003,SKU_010,Полуфабрикаты,63,497.66
S20260106-CH003-01955,2026-01-06,Гродно,CH003,Корона,CUST_CH003,SKU_004,Сосиски,70,886.53
S20260324-CH004-03561,2026-03-24,Гомель,CH004,Гиппо,CUST_CH004,SKU_OLD_012,Полуфабрикаты,53,385.79
S20250202-CH001-00647,2025-02-02,Минск,CH001,Евроопт,CUST_CH001,SKU_005,Сосиски,54,639.22
S20260302-CH002-03085,2026-03-02,Брест,CH002,Санта,CUST_CH002,SKU_003,Колбасы,58,1060.02
S20250327-CH002-01763,2025-03-27,Брест,CH002,Санта,CUST_CH002,SKU_008,Деликатесы,17,391.24
S20250206-CH001-00727,2025-02-06,Минск,CH001,Евроопт,CUST_CH001,SKU_003,Колбасы,58,1139.07
S20260120-CH001-02239,2026-01-20,Минск,CH001,Евроопт,CUST_CH001,SKU_003,Колбасы,53,979.26
S20260101-CH001-01857,2026-01-01,Минск,CH001,Евроопт,CUST_CH001,SKU_008,Деликатесы,34,755.09
S20260123-CH003-02331,2026-01-23,Гродно,CH003,Корона,CUST_CH003,SKU_OLD_005,Сосиски,84,956.42
S20250102-CH002-00030,2025-01-02,Брест,CH002,Санта,CUST_CH002,SKU_008,Деликатесы,32,794.22
S20250108-CH004-00170,2025-01-08,Гомель,CH004,Гиппо,CUST_CH004,SKU_002,Колбасы,60,882.24
S20250219-CH003-01002,2025-02-19,Гродно,CH003,Корона,CUST_CH003,SKU_001,Колбасы,43,510.44
S20260310-CH004-03253,2026-03-10,Гомель,CH004,Гиппо,CUST_CH004,SKU_OLD_001,Колбасы,77,915.65
S20260115-CH004-02149,2026-01-15,Гомель,CH004,Гиппо,CUST_CH004,SKU_001,Колбасы,44,530.33
S20250110-CH001-00198,2025-01-10,Минск,CH001,Евроопт,CUST_CH001,SKU_009,Деликатесы,44,1125.21
S20250125-CH001-00496,2025-01-25,Минск,CH001,Евроопт,CUST_CH001,SKU_006,Сосиски,57,740.97
S20260109-CH002-02027,2026-01-09,Брест,CH002,Санта,CUST_CH002,SKU_005,Сосиски,68,787.33
S20250202-CH002-00648,2025-02-02,Брест,CH002,Санта,CUST_CH002,SKU_OLD_001,Колбасы,56,669.67
S20260226-CH004-03036,2026-02-26,Гомель,CH004,Гиппо,CUST_CH004,SKU_011,Полуфабрикаты,70,596.74
S20250103-CH001-00045,2025-01-03,Минск,CH001,Евроопт,CUST_CH001,SKU_002,Колбасы,47,717.66
S20260214-CH001-02759,2026-02-14,Минск,CH001,Евроопт,CUST_CH001,SKU_002,Колбасы,69,1057.7
S20250119-CH004-00374,2025-01-19,Гомель,CH004,Гиппо,CUST_CH004,SKU_003,Колбасы,57,998.87
S20250204-CH001-00679,2025-02-04,Минск,CH001,Евроопт,CUST_CH001,SKU_001,Колбасы,47,571.73
S20250128-CH004-00567,2025-01-28,Гомель,CH004,Гиппо,CUST_CH004,SKU_006,Сосиски,77,1095.11
S20260220-CH002-02896,2026-02-20,Брест,CH002,Санта,CUST_CH002,SKU_004,Сосиски,35,415.08
S20250123-CH003-00461,2025-01-23,Гродно,CH003,Корона,CUST_CH003,SKU_001,Колбасы,70,809.82
S20260105-CH003-01933,2026-01-05,Гродно,CH003,Корона,CUST_CH003,SKU_002,Колбасы,54,789.35
S20260321-CH003-03486,2026-03-21,Гродно,CH003,Корона,CUST_CH003,SKU_003,Колбасы,44,790.57
S20250226-CH002-01156,2025-02-26,Брест,CH002,Санта,CUST_CH002,SKU_007,Деликатесы,23,537.79
S20250102-CH004-00040,2025-01-02,Гомель,CH004,Гиппо,CUST_CH004,SKU_005,Сосиски,56,599.2
S20260201-CH002-02483,2026-02-01,Брест,CH002,Санта,CUST_CH002,SKU_OLD_001,Колбасы,50,595.05
S20250218-CH002-00974,2025-02-18,Брест,CH002,Санта,CUST_CH002,SKU_003,Колбасы,60,1078.89
S20260312-CH002-03288,2026-03-12,Брест,CH002,Санта,CUST_CH002,SKU_002,Колбасы,63,983.23
S20260227-CH004-03056,2026-02-27,Гомель,CH004,Гиппо,CUST_CH004,SKU_004,Сосиски,77,956.67
S20250328-CH002-01787,2025-03-28,Брест,CH002,Санта,CUST_CH002,SKU_001,Колбасы,54,652.4
S20250315-CH001-01499,2025-03-15,Минск,CH001,Евроопт,CUST_CH001,SKU_004,Сосиски,53,659.05
S20260202-CH002-02505,2026-02-02,Брест,CH002,Санта,CUST_CH002,SKU_007,Деликатесы,19,415.93
S20250331-CH002-01836,2025-03-31,Брест,CH002,Санта,CUST_CH002,SKU_004,Сосиски,63,844.0
S20260122-CH004-02309,2026-01-22,Гомель,CH004,Гиппо,CUST_CH004,SKU_001,Колбасы,79,853.85
S20250331-CH003-01841,2025-03-31,Гродно,CH003,Корона,CUST_CH003,SKU_003,Колбасы,35,621.32
S20260112-CH003-02084,2026-01-12,Гродно,CH003,Корона,CUST_CH003,SKU_008,Деликатесы,25,594.83
S20250211-CH001-00828,2025-02-11,Минск,CH001,Евроопт,CUST_CH001,SKU_004,Сосиски,59,759.07
S20260105-CH003-01936,2026-01-05,Гродно,CH003,Корона,CUST_CH003,SKU_005,Сосиски,39,450.98
S20260110-CH001-02045,2026-01-10,Минск,CH001,Евроопт,CUST_CH001,SKU_008,Деликатесы,48,1136.38
S20250115-CH004-00310,2025-01-15,Гомель,CH004,Гиппо,CUST_CH004,SKU_012,Полуфабрикаты,61,461.08
S20250114-CH002-00277,2025-01-14,Брест,CH002,Санта,CUST_CH002,SKU_005,Сосиски,71,823.77
S20250201-CH002-00637,2025-02-01,Брест,CH002,Санта,CUST_CH002,SKU_003,Колбасы,39,694.23
S20250202-CH003-00655,2025-02-02,Гродно,CH003,Корона,CUST_CH003,SKU_012,Полуфабрикаты,70,533.72
S20250131-CH003-00623,2025-01-31,Гродно,CH003,Корона,CUST_CH003,SKU_001,Колбасы,45,516.87
S20260101-CH001-01860,2026-01-01,Минск,CH001,Евроопт,CUST_CH001,SKU_012,Полуфабрикаты,58,433.38
S20250211-CH003-00845,2025-02-11,Гродно,CH003,Корона,CUST_CH003,SKU_011,Полуфабрикаты,58,517.27
S20250120-CH003-00394,2025-01-20,Гродно,CH003,Корона,CUST_CH003,SKU_010,Полуфабрикаты,66,536.49
S20260116-CH001-02156,2026-01-16,Минск,CH001,Евроопт,CUST_CH001,SKU_001,Колбасы,61,687.27
S20250118-CH002-00350,2025-01-18,Брест,CH002,Санта,CUST_CH002,SKU_001,Колбасы,67,798.8
S20260205-CH002-02573,2026-02-05,Брест,CH002,Санта,CUST_CH002,SKU_010,Полуфабрикаты,75,602.59
S20250208-CH004-00785,2025-02-08,Гомель,CH004,Гиппо,CUST_CH004,SKU_010,Полуфабрикаты,33,259.11
S20250103-CH001-00048,2025-01-03,Минск,CH001,Евроопт,CUST_CH001,SKU_010,Полуфабрикаты,49,371.92
S20260107-CH002-01979,2026-01-07,Брест,CH002,Санта,CUST_CH002,SKU_009,Деликатесы,29,747.68
S20260120-CH003-02252,2026-01-20,Гродно,CH003,Корона,CUST_CH003,SKU_005,Сосиски,35,408.32
S20250322-CH003-01656,2025-03-22,Гродно,CH003,Корона,CUST_CH003,SKU_004,Сосиски,34,448.95
S20260112-CH001-02070,2026-01-12,Минск,CH001,Евроопт,CUST_CH001,SKU_003,Колбасы,75,1350.2
S20250121-CH001-00403,2025-01-21,Минск,CH001,Евроопт,CUST_CH001,SKU_003,Колбасы,48,854.65
S20250224-CH002-01108,2025-02-24,Брест,CH002,Санта,CUST_CH002,SKU_008,Деликатесы,21,508.69
S20250226-CH001-01155,2025-02-26,Минск,CH001,Евроопт,CUST_CH001,SKU_011,Полуфабрикаты,62,575.34
S20250312-CH003-01440,2025-03-12,Гродно,CH003,Корона,CUST_CH003,SKU_001,Колбасы,54,643.75
S20260331-CH004-03705,2026-03-31,Гомель,CH004,Гиппо,CUST_CH004,SKU_005,Сосиски,31,371.22
S20260108-CH002-02002,2026-01-08,Брест,CH002,Санта,CUST_CH002,SKU_007,Деликатесы,31,693.28
S20250219-CH001-00990,2025-02-19,Минск,CH001,Евроопт,CUST_CH001,SKU_005,Сосиски,44,513.21
S20260101-CH003-01866,2026-01-01,Гродно,CH003,Корона,CUST_CH003,SKU_002,Колбасы,75,1092.39
S20260215-CH004-02790,2026-02-15,Гомель,CH004,Гиппо,CUST_CH004,SKU_002,Колбасы,40,600.33
S20250305-CH004-01311,2025-03-05,Гомель,CH004,Гиппо,CUST_CH004,SKU_001,Колбасы,58,715.22
S20260307-CH004-03196,2026-03-07,Гомель,CH004,Гиппо,CUST_CH004,SKU_006,Сосиски,30,419.94
S20250102-CH003-00034,2025-01-02,Гродно,CH003,Корона,CUST_CH003,SKU_003,Колбасы,53,987.51
S20250209-CH001-00788,2025-02-09,Минск,CH001,Евроопт,CUST_CH001,SKU_OLD_005,Сосиски,61,700.62
S20260326-CH001-03589,2026-03-26,Минск,CH001,Евроопт,CUST_CH001,SKU_007,Деликатесы,49,1041.6
S20260224-CH001-02972,2026-02-24,Минск,CH001,Евроопт,CUST_CH001,SKU_004,Сосиски,61,750.13
S20250221-CH001-01044,2025-02-21,Минск,CH001,Евроопт,CUST_CH001,SKU_008,Деликатесы,20,477.52
S20250124-CH002-00482,2025-01-24,Брест,CH002,Санта,CUST_CH002,SKU_003,Колбасы,57,1051.46
S20250302-CH004-01244,2025-03-02,Гомель,CH004,Гиппо,CUST_CH004,SKU_011,Полуфабрикаты,45,404.36
S20260208-CH003-02628,2026-02-08,Гродно,CH003,Корона,CUST_CH003,SKU_003,Колбасы,48,829.71
S20260203-CH002-02530,2026-02-03,Брест,CH002,Санта,CUST_CH002,SKU_011,Полуфабрикаты,59,523.12
S20250216-CH001-00932,2025-02-16,Минск,CH001,Евроопт,CUST_CH001,SKU_010,Полуфабрикаты,66,495.69
S20260128-CH001-02405,2026-01-28,Минск,CH001,Евроопт,CUST_CH001,SKU_001,Колбасы,82,969.55
S20250324-CH001-01686,2025-03-24,Минск,CH001,Евроопт,CUST_CH001,SKU_010,Полуфабрикаты,48,367.94
S20250303-CH001-01249,2025-03-03,Минск,CH001,Евроопт,CUST_CH001,SKU_012,Полуфабрикаты,46,341.62
S20250207-CH003-00760,2025-02-07,Гродно,CH003,Корона,CUST_CH003,SKU_001,Колбасы,40,511.15
S20250105-CH003-00093,2025-01-05,Гродно,CH003,Корона,CUST_CH003,SKU_001,Колбасы,51,627.29
S20250227-CH002-01176,2025-02-27,Брест,CH002,Санта,CUST_CH002,SKU_005,Сосиски,69,810.64
S20250311-CH003-01416,2025-03-11,Гродно,CH003,Корона,CUST_CH003,SKU_002,Колбасы,28,406.41
S20250307-CH001-01342,2025-03-07,Минск,CH001,Евроопт,CUST_CH001,SKU_008,Деликатесы,21,516.91
S20250314-CH001-01473,2025-03-14,Минск,CH001,Евроопт,CUST_CH001,SKU_003,Колбасы,54,932.96
S20260218-CH002-02852,2026-02-18,Брест,CH002,Санта,CUST_CH002,SKU_007,Деликатесы,31,667.59
S20260216-CH001-02794,2026-02-16,Минск,CH001,Евроопт,CUST_CH001,SKU_004,Сосиски,50,587.68
S20260326-CH002-03595,2026-03-26,Брест,CH002,Санта,CUST_CH002,SKU_006,Сосиски,57,741.44
S20260123-CH002-02328,2026-01-23,Брест,CH002,Санта,CUST_CH002,SKU_012,Полуфабрикаты,71,572.66
S20250320-CH003-01608,2025-03-20,Гродно,CH003,Корона,CUST_CH003,SKU_009,Деликатесы,34,939.13
S20250207-CH003-00765,2025-02-07,Гродно,CH003,Корона,CUST_CH003,SKU_010,Полуфабрикаты,48,368.95
S20260209-CH004-02653,2026-02-09,Гомель,CH004,Гиппо,CUST_CH004,SKU_011,Полуфабрикаты,57,532.43
S20260331-CH004-03703,2026-03-31,Гомель,CH004,Гиппо,CUST_CH004,SKU_002,Колбасы,49,777.85
S20250309-CH001-01374,2025-03-09,Минск,CH001,Евроопт,CUST_CH001,SKU_003,Колбасы,53,915.57
S20260106-CH002-01952,2026-01-06,Брест,CH002,Санта,CUST_CH002,SKU_012,Полуфабрикаты,87,630.97
S20260319-CH003-03447,2026-03-19,Гродно,CH003,Корона,CUST_CH003,SKU_009,Деликатесы,11,290.5
S20260130-CH001-02449,2026-01-30,Минск,CH001,Евроопт,CUST_CH001,SKU_OLD_005,Сосиски,34,375.67
S20250326-CH001-01729,2025-03-26,Минск,CH001,Евроопт,CUST_CH001,SKU_005,Сосиски,64,726.31
S20250113-CH002-00258,2025-01-13,Брест,CH002,Санта,CUST_CH002,SKU_008,Деликатесы,19,468.06
S20250216-CH004-00945,2025-02-16,Гомель,CH004,Гиппо,CUST_CH004,SKU_006,Сосиски,48,671.66
S20260305-CH001-03145,2026-03-05,Минск,CH001,Евроопт,CUST_CH001,SKU_008,Деликатесы,53,1257.97
S20250301-CH003-01220,2025-03-01,Гродно,CH003,Корона,CUST_CH003,SKU_001,Колбасы,44,498.31
S20260324-CH004-03556,2026-03-24,Гомель,CH004,Гиппо,CUST_CH004,SKU_004,Сосиски,45,588.34
S20250226-CH003-01162,2025-02-26,Гродно,CH003,Корона,CUST_CH003,SKU_010,Полуфабрикаты,61,516.6
S20260204-CH001-02543,2026-02-04,Минск,CH001,Евроопт,CUST_CH001,SKU_011,Полуфабрикаты,76,739.65
S20250207-CH004-00773,2025-02-07,Гомель,CH004,Гиппо,CUST_CH004,SKU_012,Полуфабрикаты,46,350.66
S20260206-CH002-02599,2026-02-06,Брест,CH002,Санта,CUST_CH002,SKU_011,Полуфабрикаты,77,684.83
S20250314-CH003-01487,2025-03-14,Гродно,CH003,Корона,CUST_CH003,SKU_008,Деликатесы,7,179.69
S20260120-CH003-02250,2026-01-20,Гродно,CH003,Корона,CUST_CH003,SKU_002,Колбасы,26,373.7
S20250116-CH001-00313,2025-01-16,Минск,CH001,Евроопт,CUST_CH001,SKU_010,Полуфабрикаты,77,604.98
S20250115-CH001-00291,2025-01-15,Минск,CH001,Евроопт,CUST_CH001,SKU_003,Колбасы,59,1046.56
S20260311-CH002-03262,2026-03-11,Брест,CH002,Санта,CUST_CH002,SKU_004,Сосиски,54,721.83
S20250207-CH003-00764,2025-02-07,Гродно,CH003,Корона,CUST_CH003,SKU_008,Деликатесы,54,1366.0
S20260307-CH001-03185,2026-03-07,Минск,CH001,Евроопт,CUST_CH001,SKU_008,Деликатесы,17,401.91
S20260225-CH002-02998,2026-02-25,Брест,CH002,Санта,CUST_CH002,SKU_009,Деликатесы,44,1150.87
S20250109-CH003-00184,2025-01-09,Гродно,CH003,Корона,CUST_CH003,SKU_006,Сосиски,58,812.36
S20250227-CH002-01177,2025-02-27,Брест,CH002,Санта,CUST_CH002,SKU_006,Сосиски,64,853.16
S20250307-CH003-01350,2025-03-07,Гродно,CH003,Корона,CUST_CH003,SKU_002,Колбасы,57,894.77
S20260303-CH004-03117,2026-03-03,Гомель,CH004,Гиппо,CUST_CH004,SKU_011,Полуфабрикаты,58,476.55
S20260323-CH002-03517,2026-03-23,Брест,CH002,Санта,CUST_CH002,SKU_001,Колбасы,69,799.53
S20260301-CH004-03079,2026-03-01,Гомель,CH004,Гиппо,CUST_CH004,SKU_009,Деликатесы,28,704.61
S20260122-CH002-02299,2026-01-22,Брест,CH002,Санта,CUST_CH002,SKU_011,Полуфабрикаты,57,536.18
S20260219-CH001-02872,2026-02-19,Минск,CH001,Евроопт,CUST_CH001,SKU_OLD_009,Деликатесы,31,764.65
S20250223-CH004-01100,2025-02-23,Гомель,CH004,Гиппо,CUST_CH004,SKU_011,Полуфабрикаты,46,421.07
S20260326-CH001-03585,2026-03-26,Минск,CH001,Евроопт,CUST_CH001,SKU_002,Колбасы,78,1171.58
S20260225-CH001-02989,2026-02-25,Минск,CH001,Евроопт,CUST_CH001,SKU_004,Сосиски,87,1155.66
S20250120-CH003-00392,2025-01-20,Гродно,CH003,Корона,CUST_CH003,SKU_002,Колбасы,60,919.23
S20260104-CH004-01920,2026-01-04,Гомель,CH004,Гиппо,CUST_CH004,SKU_001,Колбасы,45,534.14
S20250313-CH002-01457,2025-03-13,Брест,CH002,Санта,CUST_CH002,SKU_004,Сосиски,40,533.79
S20250223-CH002-01093,2025-02-23,Брест,CH002,Санта,CUST_CH002,SKU_012,Полуфабрикаты,24,189.66
S20260109-CH001-02023,2026-01-09,Минск,CH001,Евроопт,CUST_CH001,SKU_012,Полуфабрикаты,76,561.72
S20260310-CH001-03240,2026-03-10,Минск,CH001,Евроопт,CUST_CH001,SKU_010,Полуфабрикаты,57,460.7
S20250214-CH002-00905,2025-02-14,Брест,CH002,Санта,CUST_CH002,SKU_010,Полуфабрикаты,32,264.02
S20260215-CH002-02779,2026-02-15,Брест,CH002,Санта,CUST_CH002,SKU_003,Колбасы,62,1156.97
S20260206-CH003-02603,2026-02-06,Гродно,CH003,Корона,CUST_CH003,SKU_OLD_009,Деликатесы,68,1819.19
S20250119-CH003-00367,2025-01-19,Гродно,CH003,Корона,CUST_CH003,SKU_003,Колбасы,60,1015.64
S20250117-CH004-00346,2025-01-17,Гомель,CH004,Гиппо,CUST_CH004,SKU_011,Полуфабрикаты,49,458.89
S20260329-CH003-03657,2026-03-29,Гродно,CH003,Корона,CUST_CH003,SKU_003,Колбасы,64,1073.52
S20260205-CH004-02584,2026-02-05,Гомель,CH004,Гиппо,CUST_CH004,SKU_004,Сосиски,52,672.44
S20260320-CH003-03471,2026-03-20,Гродно,CH003,Корона,CUST_CH003,SKU_004,Сосиски,53,712.27
S20260310-CH004-03258,2026-03-10,Гомель,CH004,Гиппо,CUST_CH004,SKU_012,Полуфабрикаты,63,460.86
S20250309-CH001-01373,2025-03-09,Минск,CH001,Евроопт,CUST_CH001,SKU_002,Колбасы,17,252.35
S20250321-CH004-01640,2025-03-21,Гомель,CH004,Гиппо,CUST_CH004,SKU_003,Колбасы,51,935.8
S20250215-CH002-00920,2025-02-15,Брест,CH002,Санта,CUST_CH002,SKU_003,Колбасы,54,964.92
S20250110-CH003-00212,2025-01-10,Гродно,CH003,Корона,CUST_CH003,SKU_010,Полуфабрикаты,51,421.87
S20250320-CH002-01604,2025-03-20,Брест,CH002,Санта,CUST_CH002,SKU_012,Полуфабрикаты,40,308.72
S20260204-CH002-02551,2026-02-04,Брест,CH002,Санта,CUST_CH002,SKU_011,Полуфабрикаты,77,705.17
S20250127-CH002-00538,2025-01-27,Брест,CH002,Санта,CUST_CH002,SKU_011,Полуфабрикаты,68,601.42
S20250301-CH003-01221,2025-03-01,Гродно,CH003,Корона,CUST_CH003,SKU_009,Деликатесы,47,1281.08
S20250109-CH002-00176,2025-01-09,Брест,CH002,Санта,CUST_CH002,SKU_002,Колбасы,59,930.7
